--- Job triangle.gms Start 03/17/26 22:14:38 53.1.0 6a03d3b9 WEX-WEI x86 64bit/MS Windows
--- Applying:
    C:\GAMS\53\gmsprmNT.txt
    C:\Users\erwin\Documents\GAMS\gamsconfig.yaml
--- GAMS Parameters defined
    MIP CPLEX
    Input C:\projects\OptimizationModels\SmallestEnclosingTriangle\triangle.gms
    PageWidth 130
    PageSize 0
    ScrDir C:\projects\OptimizationModels\SmallestEnclosingTriangle\225a\
    SysDir C:\GAMS\53\
    LogOption 3
    AppendLog 1
    ErrMsg 1
    ErrorLog 99
    IDE 1
    LstTitleLeftAligned 1
Licensee: Erwin Kalvelagen                               G260201+0003Cc-GEN
          Amsterdam Optimization Modeling Group                     DCE4744
          225a\gamslice.dat
          8ed7e271-7287-4ff2
          node:23592203 mem:64 cores:8 ipport:62468 v:2                    
          Evaluation license: Not for commercial or production use
          The time-limited license stops working on : Aug 30, 2026
System information: 8 physical cores and 64 Gb physical memory detected
GAMS 53.1.0   Copyright (C) 1987-2026 GAMS Development. All rights reserved
--- Starting compilation
--- triangle.gms(86) 3 Mb
--- Starting execution: elapsed 0:00:00.015
--- triangle.gms(77) 4 Mb
--- Generating NLP model m1
--- triangle.gms(80) 6 Mb
---   79 rows  84 columns  390 non-zeroes
---   568 nl-code  306 nl-non-zeroes
--- Range statistics (absolute non-zero finite values)
--- RHS       [min, max] : [ 1.000E+00, 9.981E+01] - Zero values observed as well
--- Bound     [min, max] : [ 1.000E+03, 1.000E+03] - Zero values observed as well
--- Matrix    [min, max] : [ 1.000E+00, 1.000E+00] - Zero values observed as well
--- triangle.gms(80) 4 Mb
--- Executing SCIP (Solvelink=2): elapsed 0:00:00.078

SCIP             53.1.0 6a03d3b9 Feb 16, 2026          WEI x86 64bit/MS Window
SCIP version 10.0.1 (76a50c97d6)
Copyright (c) 2002-2026 Zuse Institute Berlin (ZIB)

External libraries: 
  CPLEX 22.1.2.0       Linear Programming Solver developed by IBM (www.cplex.com)
  CppAD 20180000.0     Algorithmic Differentiation of C++ algorithms developed by B. Bell (github.com/coin-or/CppAD)
  PaPILO 3.0.0         parallel presolve for integer and linear optimization (github.com/scipopt/papilo) (built with TBB) [GitHash: 4cbdc327]
  Nauty 2.8.9          Computing Graph Automorphism Groups by Brendan D. McKay (users.cecs.anu.edu.au/~bdm/nauty)
  sassy 2.0            Symmetry preprocessor by Markus Anders (github.com/markusa4/sassy)
  CONOPT 4.39.0        Feasible path solver for large-scale nonlinear problems (conopt.com)
  Ipopt 3.14.19        Interior Point Optimizer developed by A. Waechter et.al. (github.com/coin-or/Ipopt)
non-default parameter settings:
limits/time = 1000
limits/gap = 0.0001
misc/printreason = FALSE
constraints/nonlinear/linearizeheursol = i
presolving/milp/threads = 0
nlpi/ipopt/linear_solver = "ma27"
nlpi/ipopt/linear_system_scaling = "mc19"

original problem has 83 variables (0 bin, 0 int, 83 cont) and 78 constraints

all 1 solutions given by solution candidate storage are infeasible

presolving:
(round 1, fast)       0 del vars, 0 del conss, 0 add conss, 75 chg bounds, 0 chg sides, 0 chg coeffs, 0 upgd conss, 0 impls, 0 clqs, 0 implints
   (0.0s) symmetry computation started: requiring (bin +, int +, cont +), (fixed: bin -, int -, cont -)
   (0.0s) no symmetry present (symcode time: 0.00)
presolving (2 rounds: 2 fast, 1 medium, 1 exhaustive):
 0 deleted vars, 0 deleted constraints, 0 added constraints, 75 tightened bounds, 0 added holes, 0 changed sides, 0 changed coefficients
 0 implications, 0 cliques, 0 implied integral variables (0 bin, 0 int, 0 cont)
presolved problem has 83 variables (0 bin, 0 int, 83 cont) and 78 constraints
     27 constraints of type <linear>
     51 constraints of type <nonlinear>
Presolving Time: 0.00

 time | node  | left  |LP iter|LP it/n|mem/heur|mdpt |vars |cons |rows |cuts |sepa|confs|strbr|  dualbound   | primalbound  |  gap   | compl. 
  0.0s|     1 |     0 |    87 |     - |  3205k |   0 | 290 |  78 | 390 |   0 |  0 |   0 |   0 | 0.000000e+00 |      --      |    Inf | unknown
L 0.0s|     1 |     0 |    87 |     - |  subnlp|   0 | 290 |  78 | 390 |   0 |  0 |   0 |   0 | 0.000000e+00 | 6.902407e+03 |    Inf | unknown
  0.0s|     1 |     0 |   177 |     - |  4422k |   0 | 290 |  78 | 439 |  49 |  1 |   0 |   0 | 0.000000e+00 | 6.902407e+03 |    Inf | unknown
  0.0s|     1 |     0 |   177 |     - |  4422k |   0 | 290 |  78 | 439 |  49 |  1 |   0 |   0 | 0.000000e+00 | 6.902407e+03 |    Inf | unknown
  0.0s|     1 |     0 |   243 |     - |  4422k |   0 | 290 |  78 | 477 |  87 |  2 |   0 |   0 | 0.000000e+00 | 6.902407e+03 |    Inf | unknown
  0.0s|     1 |     0 |   272 |     - |  4422k |   0 | 290 |  78 | 503 | 113 |  3 |   0 |   0 | 0.000000e+00 | 6.902407e+03 |    Inf | unknown
  0.0s|     1 |     0 |   274 |     - |  4422k |   0 | 290 |  78 | 504 | 114 |  4 |   0 |   0 | 0.000000e+00 | 6.902407e+03 |    Inf | unknown
  0.0s|     1 |     0 |  6397 |     - |  4507k |   0 | 290 |  78 | 504 | 114 |  5 |   0 |   0 | 0.000000e+00 | 6.902407e+03 |    Inf | unknown
  0.0s|     1 |     0 |  6440 |     - |  4513k |   0 | 290 |  78 | 526 | 136 |  6 |   0 |   0 | 0.000000e+00 | 6.902407e+03 |    Inf | unknown
  0.0s|     1 |     0 |  6457 |     - |  4513k |   0 | 290 |  78 | 535 | 145 |  7 |   0 |   0 | 0.000000e+00 | 6.902407e+03 |    Inf | unknown
  0.0s|     1 |     0 |  6465 |     - |  4513k |   0 | 290 |  78 | 537 | 147 |  8 |   0 |   0 | 0.000000e+00 | 6.902407e+03 |    Inf | unknown
  0.0s|     1 |     0 |  6469 |     - |  4513k |   0 | 290 |  78 | 538 | 148 |  9 |   0 |   0 | 0.000000e+00 | 6.902407e+03 |    Inf | unknown
  1.0s|     1 |     2 | 16657 |     - |  4997k |   0 | 290 |  78 | 538 | 148 | 10 |   0 |   0 | 0.000000e+00 | 6.902407e+03 |    Inf | unknown
  1.0s|   100 |    67 | 29598 | 292.8 |  8479k |  34 | 290 |  78 |1107 |5691 |  4 |   0 |   0 | 0.000000e+00 | 6.902407e+03 |    Inf |   5.14%
  2.0s|   200 |   123 | 39964 | 197.8 |  9986k |  34 | 290 |  78 | 315 |  10k|  2 |   0 |   0 | 0.000000e+00 | 6.902407e+03 |    Inf |   6.14%
 time | node  | left  |LP iter|LP it/n|mem/heur|mdpt |vars |cons |rows |cuts |sepa|confs|strbr|  dualbound   | primalbound  |  gap   | compl. 
  2.0s|   300 |   187 | 49065 | 162.1 |    12M |  34 | 290 |  78 | 920 |  14k|  2 |   0 |   0 | 0.000000e+00 | 6.902407e+03 |    Inf |   7.22%
  2.0s|   400 |   219 | 59518 | 147.6 |    13M |  34 | 290 |  78 | 584 |  18k|  3 |   0 |   0 | 0.000000e+00 | 6.902407e+03 |    Inf |   8.16%
  3.0s|   500 |   257 | 71465 | 142.0 |    15M |  34 | 290 |  78 | 771 |  23k|  5 |   0 |   0 | 0.000000e+00 | 6.902407e+03 |    Inf |   8.91%
  3.0s|   600 |   299 | 85077 | 141.0 |    16M |  34 | 290 |  78 | 806 |  28k|  3 |   0 |   0 | 0.000000e+00 | 6.902407e+03 |    Inf |   9.28%
  3.0s|   700 |   351 | 96262 | 136.8 |    19M |  34 | 290 |  78 | 857 |  33k|  3 |   0 |   0 | 0.000000e+00 | 6.902407e+03 |    Inf |   9.46%
  4.0s|   800 |   391 |103716 | 129.0 |    20M |  34 | 290 |  78 | 807 |  37k|  4 |   0 |   0 | 0.000000e+00 | 6.902407e+03 |    Inf |   9.74%
  4.0s|   900 |   453 |114004 | 126.1 |    21M |  34 | 290 |  78 | 929 |  42k|  1 |   0 |   0 | 0.000000e+00 | 6.902407e+03 |    Inf |   9.88%
  4.0s|  1000 |   497 |122233 | 121.7 |    23M |  34 | 290 |  78 | 739 |  46k|  3 |   0 |   0 | 0.000000e+00 | 6.902407e+03 |    Inf |  10.04%
  5.0s|  1100 |   553 |133134 | 120.6 |    25M |  34 | 290 |  78 | 786 |  50k|  4 |   0 |   0 | 0.000000e+00 | 6.902407e+03 |    Inf |  10.06%
  5.0s|  1200 |   611 |144226 | 119.8 |    28M |  34 | 290 |  78 | 758 |  55k|  1 |   0 |   0 | 0.000000e+00 | 6.902407e+03 |    Inf |  10.09%
  5.0s|  1300 |   661 |154823 | 118.7 |    28M |  34 | 290 |  78 |1205 |  60k|  2 |   0 |   0 | 0.000000e+00 | 6.902407e+03 |    Inf |  10.20%
  6.0s|  1400 |   705 |164389 | 117.1 |    30M |  34 | 290 |  78 | 765 |  64k|  1 |   0 |   0 | 0.000000e+00 | 6.902407e+03 |    Inf |  10.22%
  6.0s|  1500 |   725 |173531 | 115.4 |    31M |  34 | 290 |  78 | 731 |  68k|  3 |   0 |   0 | 0.000000e+00 | 6.902407e+03 |    Inf |  11.30%
  6.0s|  1600 |   749 |183645 | 114.5 |    33M |  34 | 290 |  78 | 620 |  73k|  2 |   0 |   0 | 0.000000e+00 | 6.902407e+03 |    Inf |  11.38%
  7.0s|  1700 |   791 |194533 | 114.1 |    35M |  34 | 290 |  78 | 846 |  78k|  3 |   0 |   0 | 0.000000e+00 | 6.902407e+03 |    Inf |  11.41%
 time | node  | left  |LP iter|LP it/n|mem/heur|mdpt |vars |cons |rows |cuts |sepa|confs|strbr|  dualbound   | primalbound  |  gap   | compl. 
  7.0s|  1800 |   819 |204024 | 113.1 |    37M |  34 | 290 |  78 |   0 |  82k|  0 |   0 |   0 | 0.000000e+00 | 6.902407e+03 |    Inf |  11.46%
  7.0s|  1900 |   853 |214886 | 112.8 |    38M |  34 | 290 |  78 | 779 |  87k|  4 |   1 |   0 | 0.000000e+00 | 6.902407e+03 |    Inf |  11.48%
  8.0s|  2000 |   891 |224095 | 111.8 |    41M |  34 | 290 |  78 |   0 |  91k|  0 |   1 |   0 | 0.000000e+00 | 6.902407e+03 |    Inf |  11.50%
  8.0s|  2100 |   913 |236816 | 112.5 |    41M |  36 | 290 |  78 | 645 |  96k|  4 |   1 |   0 | 0.000000e+00 | 6.902407e+03 |    Inf |  11.53%
  8.0s|  2200 |   949 |247731 | 112.4 |    43M |  36 | 290 |  78 | 659 | 101k|  3 |   2 |   0 | 0.000000e+00 | 6.902407e+03 |    Inf |  11.58%
  9.0s|  2300 |   981 |257726 | 111.8 |    44M |  36 | 290 |  78 | 839 | 105k|  2 |   2 |   0 | 0.000000e+00 | 6.902407e+03 |    Inf |  11.60%
  9.0s|  2400 |  1005 |268533 | 111.7 |    45M |  36 | 290 |  78 | 858 | 110k|  4 |   2 |   0 | 0.000000e+00 | 6.902407e+03 |    Inf |  11.62%
  9.0s|  2500 |  1035 |278931 | 111.4 |    46M |  36 | 290 |  78 | 909 | 114k|  4 |   2 |   0 | 0.000000e+00 | 6.902407e+03 |    Inf |  11.63%
 10.0s|  2600 |  1069 |290799 | 111.7 |    48M |  36 | 290 |  78 |1075 | 119k|  2 |   2 |   0 | 0.000000e+00 | 6.902407e+03 |    Inf |  11.64%
 10.0s|  2700 |  1105 |301598 | 111.5 |    49M |  36 | 290 |  78 | 811 | 124k|  3 |   3 |   0 | 0.000000e+00 | 6.902407e+03 |    Inf |  11.65%
 11.0s|  2800 |  1131 |310779 | 110.8 |    51M |  36 | 290 |  78 | 936 | 128k|  4 |   3 |   0 | 0.000000e+00 | 6.902407e+03 |    Inf |  11.67%
 11.0s|  2900 |  1169 |321472 | 110.7 |    52M |  36 | 290 |  78 | 731 | 133k|  3 |   3 |   0 | 0.000000e+00 | 6.902407e+03 |    Inf |  11.68%
 11.0s|  3000 |  1203 |333198 | 110.9 |    54M |  36 | 290 |  78 |   0 | 137k|  0 |   3 |   0 | 0.000000e+00 | 6.902407e+03 |    Inf |  11.68%
 12.0s|  3100 |  1235 |344030 | 110.8 |    55M |  36 | 290 |  78 | 785 | 142k|  4 |   3 |   0 | 0.000000e+00 | 6.902407e+03 |    Inf |  11.69%
 12.0s|  3200 |  1269 |355308 | 110.9 |    57M |  36 | 290 |  78 | 955 | 147k|  2 |   3 |   0 | 0.000000e+00 | 6.902407e+03 |    Inf |  11.70%
 time | node  | left  |LP iter|LP it/n|mem/heur|mdpt |vars |cons |rows |cuts |sepa|confs|strbr|  dualbound   | primalbound  |  gap   | compl. 
 12.0s|  3300 |  1295 |365146 | 110.5 |    59M |  36 | 290 |  78 | 827 | 151k|  1 |   3 |   0 | 0.000000e+00 | 6.902407e+03 |    Inf |  11.72%
 13.0s|  3400 |  1339 |375403 | 110.3 |    59M |  36 | 290 |  78 | 958 | 156k|  3 |   4 |   0 | 0.000000e+00 | 6.902407e+03 |    Inf |  11.72%
 13.0s|  3500 |  1373 |385203 | 109.9 |    61M |  36 | 290 |  78 | 723 | 160k|  3 |   4 |   0 | 0.000000e+00 | 6.902407e+03 |    Inf |  11.73%
 14.0s|  3600 |  1427 |397041 | 110.2 |    62M |  36 | 290 |  78 |1173 | 165k|  2 |   4 |   0 | 0.000000e+00 | 6.902407e+03 |    Inf |  11.73%
 14.0s|  3700 |  1435 |408165 | 110.2 |    64M |  36 | 290 |  78 |1029 | 169k|  3 |   4 |   0 | 0.000000e+00 | 6.902407e+03 |    Inf |  11.75%
 14.0s|  3800 |  1471 |420307 | 110.5 |    64M |  36 | 290 |  78 | 885 | 174k|  4 |   4 |   0 | 0.000000e+00 | 6.902407e+03 |    Inf |  11.76%
 15.0s|  3900 |  1495 |428524 | 109.8 |    66M |  36 | 290 |  78 |   0 | 178k|  0 |   4 |   0 | 0.000000e+00 | 6.902407e+03 |    Inf |  11.76%
 15.0s|  4000 |  1535 |438880 | 109.6 |    68M |  36 | 290 |  78 | 875 | 182k|  0 |   4 |   0 | 0.000000e+00 | 6.902407e+03 |    Inf |  11.77%
 15.0s|  4100 |  1571 |449675 | 109.6 |    68M |  36 | 290 |  78 | 851 | 187k|  3 |   5 |   0 | 0.000000e+00 | 6.902407e+03 |    Inf |  11.77%
 16.0s|  4200 |  1605 |460246 | 109.5 |    70M |  36 | 290 |  78 | 876 | 191k|  3 |   5 |   0 | 0.000000e+00 | 6.902407e+03 |    Inf |  11.77%
 16.0s|  4300 |  1637 |470214 | 109.2 |    70M |  36 | 290 |  78 | 880 | 196k|  2 |   5 |   0 | 0.000000e+00 | 6.902407e+03 |    Inf |  11.78%
 16.0s|  4400 |  1673 |480379 | 109.1 |    72M |  36 | 290 |  78 | 898 | 200k|  1 |   5 |   0 | 0.000000e+00 | 6.902407e+03 |    Inf |  11.78%
 17.0s|  4500 |  1683 |488743 | 108.5 |    73M |  36 | 290 |  78 | 881 | 204k|  1 |   6 |   0 | 0.000000e+00 | 6.902407e+03 |    Inf |  11.79%
 17.0s|  4600 |  1707 |498515 | 108.3 |    73M |  36 | 290 |  78 |1028 | 209k|  4 |   6 |   0 | 0.000000e+00 | 6.902407e+03 |    Inf |  11.80%
 18.0s|  4700 |  1741 |511004 | 108.6 |    75M |  36 | 290 |  78 |1091 | 213k|  1 |   7 |   0 | 0.000000e+00 | 6.902407e+03 |    Inf |  11.80%
 time | node  | left  |LP iter|LP it/n|mem/heur|mdpt |vars |cons |rows |cuts |sepa|confs|strbr|  dualbound   | primalbound  |  gap   | compl. 
 18.0s|  4800 |  1757 |521194 | 108.5 |    76M |  36 | 290 |  78 | 957 | 218k|  4 |   8 |   0 | 0.000000e+00 | 6.902407e+03 |    Inf |  11.81%
 18.0s|  4900 |  1789 |531078 | 108.3 |    77M |  36 | 290 |  78 | 815 | 222k|  4 |   9 |   0 | 0.000000e+00 | 6.902407e+03 |    Inf |  11.81%
 19.0s|  5000 |  1817 |540496 | 108.0 |    80M |  36 | 290 |  78 |1022 | 226k|  3 |   9 |   0 | 0.000000e+00 | 6.902407e+03 |    Inf |  11.81%
 19.0s|  5100 |  1843 |549693 | 107.7 |    81M |  36 | 290 |  78 | 902 | 230k|  2 |   9 |   0 | 0.000000e+00 | 6.902407e+03 |    Inf |  11.82%
 19.0s|  5200 |  1871 |559340 | 107.5 |    82M |  36 | 290 |  78 | 805 | 235k|  2 |  10 |   0 | 0.000000e+00 | 6.902407e+03 |    Inf |  11.82%
 20.0s|  5300 |  1907 |569344 | 107.3 |    83M |  36 | 290 |  78 |1012 | 239k|  4 |  10 |   0 | 0.000000e+00 | 6.902407e+03 |    Inf |  11.82%
 20.0s|  5400 |  1935 |579190 | 107.2 |    84M |  36 | 290 |  78 |   0 | 243k|  0 |  10 |   0 | 0.000000e+00 | 6.902407e+03 |    Inf |  11.83%
 20.0s|  5500 |  1965 |588891 | 107.0 |    86M |  36 | 290 |  78 |1082 | 247k|  1 |  10 |   0 | 0.000000e+00 | 6.902407e+03 |    Inf |  11.83%
 21.0s|  5600 |  2001 |599367 | 106.9 |    86M |  36 | 290 |  78 | 907 | 252k|  3 |  10 |   0 | 0.000000e+00 | 6.902407e+03 |    Inf |  11.83%
 21.0s|  5700 |  2013 |609237 | 106.8 |    88M |  36 | 290 |  78 |   0 | 256k|  0 |  10 |   0 | 0.000000e+00 | 6.902407e+03 |    Inf |  11.83%
 22.0s|  5800 |  2035 |617824 | 106.4 |    88M |  36 | 290 |  78 | 803 | 260k|  3 |  12 |   0 | 0.000000e+00 | 6.902407e+03 |    Inf |  11.83%
 22.0s|  5900 |  2055 |628900 | 106.5 |    89M |  36 | 290 |  78 | 868 | 265k|  3 |  12 |   0 | 0.000000e+00 | 6.902407e+03 |    Inf |  11.84%
 22.0s|  6000 |  2081 |640527 | 106.7 |    91M |  36 | 290 |  78 | 739 | 270k|  3 |  13 |   0 | 0.000000e+00 | 6.902407e+03 |    Inf |  11.84%
 23.0s|  6100 |  2101 |650646 | 106.6 |    92M |  36 | 290 |  78 |1104 | 274k|  2 |  13 |   0 | 0.000000e+00 | 6.902407e+03 |    Inf |  11.85%
 23.0s|  6200 |  2129 |659154 | 106.2 |    94M |  36 | 290 |  78 |1047 | 278k|  1 |  13 |   0 | 0.000000e+00 | 6.902407e+03 |    Inf |  11.85%
 time | node  | left  |LP iter|LP it/n|mem/heur|mdpt |vars |cons |rows |cuts |sepa|confs|strbr|  dualbound   | primalbound  |  gap   | compl. 
 23.0s|  6300 |  2157 |671748 | 106.5 |    96M |  36 | 290 |  78 |1046 | 282k|  1 |  13 |   0 | 0.000000e+00 | 6.902407e+03 |    Inf |  11.85%
 24.0s|  6400 |  2191 |682457 | 106.6 |    97M |  36 | 290 |  78 |1107 | 287k|  1 |  13 |   0 | 0.000000e+00 | 6.902407e+03 |    Inf |  11.85%
 24.0s|  6500 |  2233 |693612 | 106.6 |    98M |  36 | 290 |  78 | 931 | 292k|  2 |  13 |   0 | 0.000000e+00 | 6.902407e+03 |    Inf |  11.85%
 25.0s|  6600 |  2263 |703479 | 106.5 |    99M |  36 | 290 |  78 | 821 | 296k|  3 |  13 |   0 | 0.000000e+00 | 6.902407e+03 |    Inf |  11.85%
 25.0s|  6700 |  2285 |712846 | 106.3 |   100M |  36 | 290 |  78 | 908 | 300k|  3 |  13 |   0 | 0.000000e+00 | 6.902407e+03 |    Inf |  11.85%
 26.0s|  6800 |  2311 |722752 | 106.2 |   101M |  36 | 290 |  78 | 843 | 305k|  2 |  14 |   0 | 0.000000e+00 | 6.902407e+03 |    Inf |  11.86%
 26.0s|  6900 |  2343 |732911 | 106.1 |   103M |  36 | 290 |  78 | 971 | 309k|  2 |  14 |   0 | 0.000000e+00 | 6.902407e+03 |    Inf |  11.86%
 26.0s|  7000 |  2371 |743312 | 106.1 |   103M |  36 | 290 |  78 | 871 | 313k|  4 |  14 |   0 | 0.000000e+00 | 6.902407e+03 |    Inf |  11.86%
 27.0s|  7100 |  2385 |755415 | 106.3 |   103M |  36 | 290 |  78 | 790 | 318k|  3 |  14 |   0 | 0.000000e+00 | 6.902407e+03 |    Inf |  11.86%
 27.0s|  7200 |  2409 |765389 | 106.2 |   105M |  36 | 290 |  78 | 960 | 322k|  3 |  14 |   0 | 0.000000e+00 | 6.902407e+03 |    Inf |  11.86%
 27.0s|  7300 |  2437 |774378 | 106.0 |   106M |  36 | 290 |  78 | 700 | 326k|  3 |  14 |   0 | 0.000000e+00 | 6.902407e+03 |    Inf |  11.86%
 28.0s|  7400 |  2455 |784851 | 106.0 |   107M |  36 | 290 |  78 | 980 | 330k|  3 |  14 |   0 | 0.000000e+00 | 6.902407e+03 |    Inf |  11.86%
 28.0s|  7500 |  2469 |794467 | 105.9 |   109M |  36 | 290 |  78 | 866 | 334k|  4 |  17 |   0 | 0.000000e+00 | 6.902407e+03 |    Inf |  11.87%
 29.0s|  7600 |  2491 |804158 | 105.7 |   109M |  36 | 290 |  78 |1164 | 338k|  3 |  17 |   0 | 0.000000e+00 | 6.902407e+03 |    Inf |  11.87%
 29.0s|  7700 |  2523 |813377 | 105.6 |   111M |  36 | 290 |  78 | 966 | 342k|  3 |  18 |   0 | 0.000000e+00 | 6.902407e+03 |    Inf |  11.87%
 time | node  | left  |LP iter|LP it/n|mem/heur|mdpt |vars |cons |rows |cuts |sepa|confs|strbr|  dualbound   | primalbound  |  gap   | compl. 
 29.0s|  7800 |  2547 |824009 | 105.6 |   113M |  36 | 290 |  78 |1032 | 347k|  4 |  18 |   0 | 0.000000e+00 | 6.902407e+03 |    Inf |  11.87%
 30.0s|  7900 |  2569 |834840 | 105.6 |   114M |  36 | 290 |  78 | 945 | 351k|  3 |  18 |   0 | 0.000000e+00 | 6.902407e+03 |    Inf |  11.87%
 30.0s|  8000 |  2583 |843977 | 105.4 |   114M |  36 | 290 |  78 | 949 | 356k|  6 |  18 |   0 | 0.000000e+00 | 6.902407e+03 |    Inf |  11.87%
 30.0s|  8100 |  2593 |853897 | 105.4 |   115M |  36 | 290 |  78 | 905 | 360k|  3 |  18 |   0 | 0.000000e+00 | 6.902407e+03 |    Inf |  11.88%
 31.0s|  8200 |  2611 |862279 | 105.1 |   117M |  36 | 290 |  78 |1000 | 364k|  1 |  18 |   0 | 0.000000e+00 | 6.902407e+03 |    Inf |  11.88%
 31.0s|  8300 |  2643 |873971 | 105.2 |   119M |  36 | 290 |  78 | 986 | 369k|  4 |  18 |   0 | 0.000000e+00 | 6.902407e+03 |    Inf |  11.88%
 32.0s|  8400 |  2651 |884979 | 105.3 |   120M |  36 | 290 |  78 | 880 | 373k|  3 |  18 |   0 | 0.000000e+00 | 6.902407e+03 |    Inf |  11.88%
 32.0s|  8500 |  2675 |894832 | 105.2 |   120M |  36 | 290 |  78 |1186 | 378k|  1 |  18 |   0 | 0.000000e+00 | 6.902407e+03 |    Inf |  11.88%
 32.0s|  8600 |  2691 |904704 | 105.1 |   122M |  36 | 290 |  78 |1054 | 382k|  1 |  18 |   0 | 0.000000e+00 | 6.902407e+03 |    Inf |  11.88%
 33.0s|  8700 |  2719 |916606 | 105.3 |   122M |  36 | 290 |  78 | 973 | 386k|  3 |  18 |   0 | 0.000000e+00 | 6.902407e+03 |    Inf |  11.88%
 33.0s|  8800 |  2739 |926961 | 105.3 |   123M |  36 | 290 |  78 | 870 | 391k|  3 |  18 |   0 | 0.000000e+00 | 6.902407e+03 |    Inf |  11.88%
 33.0s|  8900 |  2767 |936636 | 105.2 |   124M |  36 | 290 |  78 | 899 | 395k|  3 |  18 |   0 | 0.000000e+00 | 6.902407e+03 |    Inf |  11.88%
 34.0s|  9000 |  2795 |946702 | 105.1 |   125M |  36 | 290 |  78 |1168 | 399k|  3 |  18 |   0 | 0.000000e+00 | 6.902407e+03 |    Inf |  11.89%
 34.0s|  9100 |  2833 |957033 | 105.1 |   126M |  36 | 290 |  78 |1168 | 404k|  2 |  19 |   0 | 0.000000e+00 | 6.902407e+03 |    Inf |  11.89%
 35.0s|  9200 |  2857 |967908 | 105.2 |   129M |  36 | 290 |  78 | 970 | 408k|  1 |  19 |   0 | 0.000000e+00 | 6.902407e+03 |    Inf |  11.89%
 time | node  | left  |LP iter|LP it/n|mem/heur|mdpt |vars |cons |rows |cuts |sepa|confs|strbr|  dualbound   | primalbound  |  gap   | compl. 
 35.0s|  9300 |  2885 |977984 | 105.1 |   130M |  36 | 290 |  78 | 816 | 412k|  3 |  20 |   0 | 0.000000e+00 | 6.902407e+03 |    Inf |  11.89%
 35.0s|  9400 |  2911 |988325 | 105.1 |   131M |  36 | 290 |  78 | 976 | 416k|  4 |  21 |   0 | 0.000000e+00 | 6.902407e+03 |    Inf |  11.90%
 36.0s|  9500 |  2929 |999635 | 105.2 |   132M |  36 | 290 |  78 | 834 | 421k|  1 |  21 |   0 | 0.000000e+00 | 6.902407e+03 |    Inf |  11.90%
 36.0s|  9600 |  2947 |  1009k| 105.1 |   133M |  36 | 290 |  78 | 991 | 425k|  1 |  21 |   0 | 0.000000e+00 | 6.902407e+03 |    Inf |  11.90%
 36.0s|  9700 |  2965 |  1020k| 105.1 |   136M |  36 | 290 |  78 | 902 | 429k|  3 |  22 |   0 | 0.000000e+00 | 6.902407e+03 |    Inf |  11.90%
 37.0s|  9800 |  2991 |  1030k| 105.1 |   136M |  36 | 290 |  78 | 871 | 433k|  3 |  22 |   0 | 0.000000e+00 | 6.902407e+03 |    Inf |  11.90%
 37.0s|  9900 |  3003 |  1040k| 105.1 |   137M |  36 | 290 |  78 | 875 | 437k|  2 |  22 |   0 | 0.000000e+00 | 6.902407e+03 |    Inf |  11.90%
 38.0s| 10000 |  3025 |  1052k| 105.2 |   139M |  36 | 290 |  78 | 871 | 442k|  1 |  23 |   0 | 0.000000e+00 | 6.902407e+03 |    Inf |  11.90%
 38.0s| 10100 |  3047 |  1062k| 105.1 |   139M |  36 | 290 |  78 |1012 | 446k|  2 |  24 |   0 | 0.000000e+00 | 6.902407e+03 |    Inf |  11.90%
 38.0s| 10200 |  3065 |  1072k| 105.1 |   139M |  36 | 290 |  78 | 876 | 450k|  4 |  25 |   0 | 0.000000e+00 | 6.902407e+03 |    Inf |  11.90%
 39.0s| 10300 |  3083 |  1083k| 105.1 |   141M |  36 | 290 |  78 | 917 | 454k|  2 |  25 |   0 | 0.000000e+00 | 6.902407e+03 |    Inf |  11.91%
 39.0s| 10400 |  3099 |  1094k| 105.2 |   141M |  36 | 290 |  78 |1014 | 459k|  3 |  25 |   0 | 0.000000e+00 | 6.902407e+03 |    Inf |  11.91%
 40.0s| 10500 |  3117 |  1105k| 105.2 |   142M |  36 | 290 |  78 | 969 | 463k|  3 |  26 |   0 | 0.000000e+00 | 6.902407e+03 |    Inf |  11.91%
 40.0s| 10600 |  3131 |  1118k| 105.5 |   143M |  36 | 290 |  78 | 929 | 467k|  1 |  26 |   0 | 0.000000e+00 | 6.902407e+03 |    Inf |  11.91%
 40.0s| 10700 |  3151 |  1129k| 105.5 |   144M |  36 | 290 |  78 | 892 | 472k|  5 |  26 |   0 | 0.000000e+00 | 6.902407e+03 |    Inf |  11.91%
 time | node  | left  |LP iter|LP it/n|mem/heur|mdpt |vars |cons |rows |cuts |sepa|confs|strbr|  dualbound   | primalbound  |  gap   | compl. 
 41.0s| 10800 |  3183 |  1137k| 105.3 |   144M |  36 | 290 |  78 | 939 | 476k|  3 |  26 |   0 | 0.000000e+00 | 6.902407e+03 |    Inf |  11.91%
 41.0s| 10900 |  3187 |  1148k| 105.3 |   144M |  36 | 290 |  78 | 926 | 480k|  4 |  26 |   0 | 0.000000e+00 | 6.902407e+03 |    Inf |  11.91%
 41.0s| 11000 |  3211 |  1157k| 105.2 |   146M |  36 | 290 |  78 |1001 | 484k|  1 |  26 |   0 | 0.000000e+00 | 6.902407e+03 |    Inf |  11.91%
 42.0s| 11100 |  3223 |  1167k| 105.1 |   146M |  36 | 290 |  78 |1089 | 488k|  3 |  26 |   0 | 0.000000e+00 | 6.902407e+03 |    Inf |  11.91%
 42.0s| 11200 |  3239 |  1177k| 105.1 |   148M |  36 | 290 |  78 | 845 | 493k|  3 |  26 |   0 | 0.000000e+00 | 6.902407e+03 |    Inf |  11.91%
 43.0s| 11300 |  3259 |  1188k| 105.2 |   148M |  36 | 290 |  78 |1057 | 497k|  2 |  26 |   0 | 0.000000e+00 | 6.902407e+03 |    Inf |  11.91%
 43.0s| 11400 |  3279 |  1197k| 105.0 |   149M |  36 | 290 |  78 | 969 | 501k|  3 |  27 |   0 | 0.000000e+00 | 6.902407e+03 |    Inf |  11.91%
 43.0s| 11500 |  3289 |  1207k| 105.0 |   149M |  36 | 290 |  78 | 900 | 505k|  1 |  27 |   0 | 0.000000e+00 | 6.902407e+03 |    Inf |  11.91%
 44.0s| 11600 |  3313 |  1217k| 104.9 |   152M |  36 | 290 |  78 | 827 | 509k|  1 |  27 |   0 | 0.000000e+00 | 6.902407e+03 |    Inf |  11.91%
 44.0s| 11700 |  3319 |  1227k| 104.9 |   152M |  36 | 290 |  78 | 989 | 513k|  3 |  27 |   0 | 0.000000e+00 | 6.902407e+03 |    Inf |  11.91%
 45.0s| 11800 |  3353 |  1237k| 104.8 |   152M |  36 | 290 |  78 |1018 | 517k|  4 |  27 |   0 | 0.000000e+00 | 6.902407e+03 |    Inf |  11.91%
 45.0s| 11900 |  3369 |  1247k| 104.8 |   154M |  36 | 290 |  78 |1067 | 521k|  1 |  28 |   0 | 0.000000e+00 | 6.902407e+03 |    Inf |  11.91%
 45.0s| 12000 |  3391 |  1257k| 104.7 |   156M |  36 | 290 |  78 | 908 | 525k|  3 |  28 |   0 | 0.000000e+00 | 6.902407e+03 |    Inf |  11.91%
 46.0s| 12100 |  3425 |  1265k| 104.6 |   157M |  36 | 290 |  78 |1021 | 529k|  4 |  28 |   0 | 0.000000e+00 | 6.902407e+03 |    Inf |  11.91%
 46.0s| 12200 |  3435 |  1275k| 104.5 |   158M |  36 | 290 |  78 | 773 | 533k|  2 |  28 |   0 | 0.000000e+00 | 6.902407e+03 |    Inf |  11.91%
 time | node  | left  |LP iter|LP it/n|mem/heur|mdpt |vars |cons |rows |cuts |sepa|confs|strbr|  dualbound   | primalbound  |  gap   | compl. 
 46.0s| 12300 |  3459 |  1284k| 104.4 |   160M |  36 | 290 |  78 |1047 | 537k|  1 |  28 |   0 | 0.000000e+00 | 6.902407e+03 |    Inf |  11.91%
 47.0s| 12400 |  3475 |  1294k| 104.4 |   161M |  36 | 290 |  78 |1106 | 541k|  3 |  28 |   0 | 0.000000e+00 | 6.902407e+03 |    Inf |  11.91%
 47.0s| 12500 |  3495 |  1302k| 104.2 |   161M |  36 | 290 |  78 |1077 | 545k|  1 |  29 |   0 | 0.000000e+00 | 6.902407e+03 |    Inf |  11.91%
 47.0s| 12600 |  3511 |  1313k| 104.2 |   162M |  36 | 290 |  78 | 871 | 549k|  1 |  29 |   0 | 0.000000e+00 | 6.902407e+03 |    Inf |  11.92%
 48.0s| 12700 |  3523 |  1325k| 104.4 |   163M |  36 | 290 |  78 |1127 | 553k|  2 |  29 |   0 | 0.000000e+00 | 6.902407e+03 |    Inf |  11.92%
 48.0s| 12800 |  3539 |  1335k| 104.3 |   163M |  36 | 290 |  78 |1023 | 557k|  6 |  29 |   0 | 0.000000e+00 | 6.902407e+03 |    Inf |  11.92%
 49.0s| 12900 |  3555 |  1345k| 104.3 |   164M |  36 | 290 |  78 | 981 | 561k|  4 |  31 |   0 | 0.000000e+00 | 6.902407e+03 |    Inf |  11.92%
 49.0s| 13000 |  3581 |  1356k| 104.3 |   166M |  36 | 290 |  78 | 973 | 566k|  3 |  31 |   0 | 0.000000e+00 | 6.902407e+03 |    Inf |  11.92%
 49.0s| 13100 |  3591 |  1367k| 104.3 |   166M |  36 | 290 |  78 | 963 | 570k|  4 |  33 |   0 | 0.000000e+00 | 6.902407e+03 |    Inf |  11.92%
 50.0s| 13200 |  3597 |  1376k| 104.2 |   166M |  36 | 290 |  78 | 930 | 574k|  5 |  33 |   0 | 0.000000e+00 | 6.902407e+03 |    Inf |  11.92%
 50.0s| 13300 |  3625 |  1385k| 104.1 |   167M |  36 | 290 |  78 | 946 | 578k|  1 |  33 |   0 | 0.000000e+00 | 6.902407e+03 |    Inf |  11.92%
 51.0s| 13400 |  3645 |  1396k| 104.2 |   168M |  36 | 290 |  78 |1058 | 582k|  2 |  33 |   0 | 0.000000e+00 | 6.902407e+03 |    Inf |  11.92%
 51.0s| 13500 |  3657 |  1407k| 104.2 |   168M |  36 | 290 |  78 |1096 | 586k|  1 |  33 |   0 | 0.000000e+00 | 6.902407e+03 |    Inf |  11.92%
 51.0s| 13600 |  3669 |  1417k| 104.2 |   169M |  36 | 290 |  78 | 811 | 590k|  4 |  33 |   0 | 0.000000e+00 | 6.902407e+03 |    Inf |  11.92%
 52.0s| 13700 |  3679 |  1429k| 104.3 |   170M |  36 | 290 |  78 |1137 | 595k|  2 |  33 |   0 | 0.000000e+00 | 6.902407e+03 |    Inf |  11.92%
 time | node  | left  |LP iter|LP it/n|mem/heur|mdpt |vars |cons |rows |cuts |sepa|confs|strbr|  dualbound   | primalbound  |  gap   | compl. 
 52.0s| 13800 |  3695 |  1440k| 104.3 |   171M |  36 | 290 |  78 | 935 | 599k|  2 |  34 |   0 | 0.000000e+00 | 6.902407e+03 |    Inf |  11.92%
 53.0s| 13900 |  3717 |  1452k| 104.4 |   173M |  36 | 290 |  78 |1106 | 604k|  3 |  34 |   0 | 0.000000e+00 | 6.902407e+03 |    Inf |  11.92%
 53.0s| 14000 |  3737 |  1461k| 104.4 |   173M |  36 | 290 |  78 |1044 | 607k|  1 |  34 |   0 | 0.000000e+00 | 6.902407e+03 |    Inf |  11.92%
 53.0s| 14100 |  3741 |  1472k| 104.4 |   173M |  36 | 290 |  78 | 929 | 611k|  4 |  34 |   0 | 0.000000e+00 | 6.902407e+03 |    Inf |  11.92%
 54.0s| 14200 |  3745 |  1481k| 104.3 |   173M |  36 | 290 |  78 | 901 | 615k|  1 |  34 |   0 | 0.000000e+00 | 6.902407e+03 |    Inf |  11.92%
 54.0s| 14300 |  3751 |  1493k| 104.4 |   173M |  36 | 290 |  78 | 999 | 620k|  2 |  34 |   0 | 0.000000e+00 | 6.902407e+03 |    Inf |  11.92%
 55.0s| 14400 |  3771 |  1501k| 104.2 |   175M |  36 | 290 |  78 | 907 | 623k|  1 |  34 |   0 | 0.000000e+00 | 6.902407e+03 |    Inf |  11.92%
 55.0s| 14500 |  3783 |  1512k| 104.2 |   175M |  36 | 290 |  78 | 932 | 627k|  3 |  34 |   0 | 0.000000e+00 | 6.902407e+03 |    Inf |  11.92%
 55.0s| 14600 |  3787 |  1521k| 104.2 |   175M |  36 | 290 |  78 |   0 | 631k|  0 |  35 |   0 | 0.000000e+00 | 6.902407e+03 |    Inf |  11.92%
 56.0s| 14700 |  3795 |  1532k| 104.2 |   176M |  36 | 290 |  78 |1109 | 635k|  2 |  35 |   0 | 0.000000e+00 | 6.902407e+03 |    Inf |  11.92%
 56.0s| 14800 |  3811 |  1542k| 104.2 |   178M |  36 | 290 |  78 | 922 | 639k|  3 |  35 |   0 | 0.000000e+00 | 6.902407e+03 |    Inf |  11.92%
 56.0s| 14900 |  3829 |  1555k| 104.3 |   179M |  36 | 290 |  78 |1196 | 644k|  1 |  36 |   0 | 0.000000e+00 | 6.902407e+03 |    Inf |  11.92%
 57.0s| 15000 |  3835 |  1565k| 104.3 |   180M |  36 | 290 |  78 |1091 | 648k|  3 |  36 |   0 | 0.000000e+00 | 6.902407e+03 |    Inf |  11.92%
 57.0s| 15100 |  3849 |  1574k| 104.3 |   181M |  36 | 290 |  78 | 925 | 652k|  3 |  36 |   0 | 0.000000e+00 | 6.902407e+03 |    Inf |  11.92%
 58.0s| 15200 |  3869 |  1586k| 104.3 |   182M |  36 | 290 |  78 |1120 | 656k|  1 |  37 |   0 | 0.000000e+00 | 6.902407e+03 |    Inf |  11.92%
 time | node  | left  |LP iter|LP it/n|mem/heur|mdpt |vars |cons |rows |cuts |sepa|confs|strbr|  dualbound   | primalbound  |  gap   | compl. 
 58.0s| 15300 |  3879 |  1595k| 104.2 |   182M |  36 | 290 |  78 |1063 | 660k|  1 |  37 |   0 | 0.000000e+00 | 6.902407e+03 |    Inf |  11.92%
 58.0s| 15400 |  3891 |  1605k| 104.2 |   183M |  36 | 290 |  78 |1041 | 664k|  1 |  37 |   0 | 0.000000e+00 | 6.902407e+03 |    Inf |  11.92%
 59.0s| 15500 |  3915 |  1616k| 104.2 |   184M |  36 | 290 |  78 | 918 | 668k|  5 |  37 |   0 | 0.000000e+00 | 6.902407e+03 |    Inf |  11.92%
 59.0s| 15600 |  3929 |  1627k| 104.3 |   184M |  36 | 290 |  78 |1241 | 672k|  3 |  38 |   0 | 0.000000e+00 | 6.902407e+03 |    Inf |  11.92%
 60.0s| 15700 |  3929 |  1636k| 104.2 |   187M |  36 | 290 |  78 |1047 | 675k|  4 |  39 |   0 | 0.000000e+00 | 6.902407e+03 |    Inf |  11.92%
 60.0s| 15800 |  3935 |  1645k| 104.1 |   188M |  36 | 290 |  78 | 958 | 679k|  1 |  39 |   0 | 0.000000e+00 | 6.902407e+03 |    Inf |  11.92%
 60.0s| 15900 |  3933 |  1654k| 104.0 |   188M |  36 | 290 |  78 | 826 | 682k|  2 |  39 |   0 | 0.000000e+00 | 6.902407e+03 |    Inf |  11.92%
 61.0s| 16000 |  3959 |  1664k| 104.0 |   189M |  36 | 290 |  78 |1073 | 686k|  3 |  39 |   0 | 0.000000e+00 | 6.902407e+03 |    Inf |  11.92%
 61.0s| 16100 |  3967 |  1676k| 104.1 |   189M |  36 | 290 |  78 |1150 | 690k|  3 |  39 |   0 | 0.000000e+00 | 6.902407e+03 |    Inf |  11.92%
 61.0s| 16200 |  3973 |  1685k| 104.0 |   189M |  36 | 290 |  78 | 963 | 694k|  1 |  39 |   0 | 0.000000e+00 | 6.902407e+03 |    Inf |  11.92%
 62.0s| 16300 |  3973 |  1697k| 104.1 |   191M |  36 | 290 |  78 |1083 | 699k|  4 |  39 |   0 | 0.000000e+00 | 6.902407e+03 |    Inf |  11.92%
 62.0s| 16400 |  3977 |  1707k| 104.1 |   191M |  36 | 290 |  78 | 984 | 703k|  2 |  40 |   0 | 0.000000e+00 | 6.902407e+03 |    Inf |  11.92%
 63.0s| 16500 |  3989 |  1717k| 104.1 |   192M |  36 | 290 |  78 |1036 | 706k|  4 |  41 |   0 | 0.000000e+00 | 6.902407e+03 |    Inf |  11.92%
 63.0s| 16600 |  4003 |  1727k| 104.1 |   193M |  36 | 290 |  78 | 923 | 710k|  2 |  43 |   0 | 0.000000e+00 | 6.902407e+03 |    Inf |  11.92%
 63.0s| 16700 |  4015 |  1740k| 104.2 |   193M |  36 | 290 |  78 |1018 | 715k|  4 |  43 |   0 | 0.000000e+00 | 6.902407e+03 |    Inf |  11.93%
 time | node  | left  |LP iter|LP it/n|mem/heur|mdpt |vars |cons |rows |cuts |sepa|confs|strbr|  dualbound   | primalbound  |  gap   | compl. 
 64.0s| 16800 |  4015 |  1750k| 104.2 |   193M |  36 | 290 |  78 |1118 | 718k|  3 |  43 |   0 | 0.000000e+00 | 6.902407e+03 |    Inf |  11.93%
 64.0s| 16900 |  4033 |  1762k| 104.3 |   195M |  36 | 290 |  78 |1092 | 723k|  1 |  43 |   0 | 0.000000e+00 | 6.902407e+03 |    Inf |  11.93%
 65.0s| 17000 |  4029 |  1772k| 104.2 |   195M |  36 | 290 |  78 |1050 | 726k|  1 |  43 |   0 | 0.000000e+00 | 6.902407e+03 |    Inf |  11.93%
 65.0s| 17100 |  4029 |  1781k| 104.2 |   196M |  36 | 290 |  78 | 928 | 730k|  1 |  44 |   0 | 0.000000e+00 | 6.902407e+03 |    Inf |  11.93%
 65.0s| 17200 |  4039 |  1792k| 104.2 |   196M |  36 | 290 |  78 |1069 | 734k|  1 |  44 |   0 | 0.000000e+00 | 6.902407e+03 |    Inf |  11.93%
 66.0s| 17300 |  4045 |  1801k| 104.1 |   196M |  36 | 290 |  78 |1027 | 738k|  2 |  44 |   0 | 0.000000e+00 | 6.902407e+03 |    Inf |  11.93%
 66.0s| 17400 |  4059 |  1812k| 104.2 |   197M |  36 | 290 |  78 |1122 | 742k|  4 |  44 |   0 | 0.000000e+00 | 6.902407e+03 |    Inf |  11.93%
 66.0s| 17500 |  4069 |  1821k| 104.1 |   197M |  36 | 290 |  78 |1096 | 746k|  2 |  44 |   0 | 0.000000e+00 | 6.902407e+03 |    Inf |  11.93%
L67.0s| 17545 |  4070 |  1826k| 104.1 |  subnlp|  36 | 290 |  78 |1033 | 748k|  4 |  44 |   0 | 0.000000e+00 | 6.902407e+03 |    Inf |  11.93%
L67.0s| 17569 |  4070 |  1828k| 104.1 |  subnlp|  36 | 290 |  78 | 976 | 749k|  2 |  44 |   0 | 0.000000e+00 | 6.902407e+03 |    Inf |  11.93%
 67.0s| 17600 |  4067 |  1831k| 104.0 |   197M |  36 | 290 |  78 | 947 | 750k|  4 |  44 |   0 | 0.000000e+00 | 6.902407e+03 |    Inf |  12.04%
 68.0s| 17700 |  4071 |  1842k| 104.1 |   198M |  36 | 290 |  78 |1063 | 754k|  3 |  44 |   0 | 0.000000e+00 | 6.902407e+03 |    Inf |  12.18%
 68.0s| 17800 |  4089 |  1852k| 104.1 |   198M |  36 | 290 |  78 |1117 | 758k|  1 |  45 |   0 | 0.000000e+00 | 6.902407e+03 |    Inf |  12.26%
 68.0s| 17900 |  4093 |  1865k| 104.2 |   198M |  36 | 290 |  78 |1159 | 762k|  4 |  45 |   0 | 0.000000e+00 | 6.902407e+03 |    Inf |  12.38%
 69.0s| 18000 |  4097 |  1874k| 104.1 |   199M |  36 | 290 |  78 |1100 | 766k|  2 |  45 |   0 | 0.000000e+00 | 6.902407e+03 |    Inf |  12.57%
 time | node  | left  |LP iter|LP it/n|mem/heur|mdpt |vars |cons |rows |cuts |sepa|confs|strbr|  dualbound   | primalbound  |  gap   | compl. 
 69.0s| 18100 |  4107 |  1883k| 104.0 |   199M |  36 | 290 |  78 |1080 | 769k|  1 |  45 |   0 | 0.000000e+00 | 6.902407e+03 |    Inf |  12.70%
 70.0s| 18200 |  4119 |  1893k| 104.0 |   200M |  36 | 290 |  78 | 988 | 773k|  3 |  45 |   0 | 0.000000e+00 | 6.902407e+03 |    Inf |  12.83%
 70.0s| 18300 |  4131 |  1903k| 104.0 |   200M |  36 | 290 |  78 |1057 | 777k|  4 |  45 |   0 | 0.000000e+00 | 6.902407e+03 |    Inf |  12.96%
 70.0s| 18400 |  4147 |  1914k| 104.0 |   201M |  36 | 290 |  78 | 956 | 781k|  3 |  46 |   0 | 0.000000e+00 | 6.902407e+03 |    Inf |  13.06%
 71.0s| 18500 |  4141 |  1924k| 104.0 |   201M |  36 | 290 |  78 | 997 | 785k|  4 |  47 |   0 | 0.000000e+00 | 6.902407e+03 |    Inf |  13.26%
 71.0s| 18600 |  4151 |  1934k| 104.0 |   202M |  36 | 290 |  78 |1059 | 789k|  1 |  47 |   0 | 0.000000e+00 | 6.902407e+03 |    Inf |  13.37%
 71.0s| 18700 |  4163 |  1944k| 104.0 |   202M |  36 | 290 |  78 | 911 | 793k|  4 |  48 |   0 | 0.000000e+00 | 6.902407e+03 |    Inf |  13.51%
 72.0s| 18800 |  4163 |  1954k| 103.9 |   202M |  36 | 290 |  78 | 999 | 796k|  4 |  48 |   0 | 0.000000e+00 | 6.902407e+03 |    Inf |  13.72%
 72.0s| 18900 |  4169 |  1965k| 104.0 |   202M |  36 | 290 |  78 |1007 | 800k|  3 |  48 |   0 | 0.000000e+00 | 6.902407e+03 |    Inf |  13.93%
 73.0s| 19000 |  4183 |  1976k| 104.0 |   202M |  36 | 290 |  78 |1001 | 804k|  3 |  48 |   0 | 0.000000e+00 | 6.902407e+03 |    Inf |  13.98%
 73.0s| 19100 |  4185 |  1988k| 104.1 |   204M |  36 | 290 |  78 |1139 | 809k|  3 |  48 |   0 | 0.000000e+00 | 6.902407e+03 |    Inf |  14.09%
 74.0s| 19200 |  4191 |  1999k| 104.1 |   205M |  36 | 290 |  78 |1008 | 813k|  4 |  48 |   0 | 0.000000e+00 | 6.902407e+03 |    Inf |  14.22%
 74.0s| 19300 |  4207 |  2009k| 104.1 |   205M |  36 | 290 |  78 |1011 | 817k|  3 |  48 |   0 | 0.000000e+00 | 6.902407e+03 |    Inf |  14.29%
 74.0s| 19400 |  4211 |  2018k| 104.0 |   205M |  36 | 290 |  78 |1193 | 820k|  1 |  48 |   0 | 0.000000e+00 | 6.902407e+03 |    Inf |  14.43%
 75.0s| 19500 |  4225 |  2029k| 104.1 |   207M |  36 | 290 |  78 |1054 | 824k|  2 |  48 |   0 | 0.000000e+00 | 6.902407e+03 |    Inf |  14.50%
 time | node  | left  |LP iter|LP it/n|mem/heur|mdpt |vars |cons |rows |cuts |sepa|confs|strbr|  dualbound   | primalbound  |  gap   | compl. 
 75.0s| 19600 |  4225 |  2041k| 104.1 |   208M |  36 | 290 |  78 |1097 | 828k|  1 |  49 |   0 | 0.000000e+00 | 6.902407e+03 |    Inf |  14.71%
 75.0s| 19700 |  4229 |  2050k| 104.1 |   209M |  36 | 290 |  78 |1061 | 832k|  3 |  49 |   0 | 0.000000e+00 | 6.902407e+03 |    Inf |  14.83%
 76.0s| 19800 |  4231 |  2061k| 104.1 |   209M |  36 | 290 |  78 |1167 | 836k|  4 |  49 |   0 | 0.000000e+00 | 6.902407e+03 |    Inf |  14.87%
 76.0s| 19900 |  4237 |  2072k| 104.1 |   209M |  36 | 290 |  78 | 970 | 840k|  2 |  49 |   0 | 0.000000e+00 | 6.902407e+03 |    Inf |  14.93%
 77.0s| 20000 |  4239 |  2082k| 104.1 |   209M |  36 | 290 |  78 |   0 | 844k|  0 |  49 |   0 | 0.000000e+00 | 6.902407e+03 |    Inf |  14.98%
 77.0s| 20100 |  4245 |  2091k| 104.0 |   211M |  36 | 290 |  78 | 980 | 848k|  3 |  51 |   0 | 0.000000e+00 | 6.902407e+03 |    Inf |  15.01%
 77.0s| 20200 |  4249 |  2101k| 104.0 |   213M |  36 | 290 |  78 | 901 | 852k|  3 |  51 |   0 | 0.000000e+00 | 6.902407e+03 |    Inf |  15.22%
 78.0s| 20300 |  4263 |  2111k| 104.0 |   213M |  36 | 290 |  78 | 941 | 855k|  3 |  51 |   0 | 0.000000e+00 | 6.902407e+03 |    Inf |  15.37%
 78.0s| 20400 |  4311 |  2121k| 104.0 |   214M |  36 | 290 |  78 | 972 | 859k|  4 |  51 |   0 | 0.000000e+00 | 6.902407e+03 |    Inf |  15.37%
 79.0s| 20500 |  4347 |  2132k| 104.0 |   216M |  36 | 290 |  78 |1035 | 863k|  3 |  51 |   0 | 0.000000e+00 | 6.902407e+03 |    Inf |  15.37%
 79.0s| 20600 |  4365 |  2141k| 103.9 |   217M |  36 | 290 |  78 |1036 | 867k|  2 |  51 |   0 | 0.000000e+00 | 6.902407e+03 |    Inf |  15.38%
 79.0s| 20700 |  4393 |  2151k| 103.9 |   218M |  36 | 290 |  78 | 944 | 871k|  1 |  51 |   0 | 0.000000e+00 | 6.902407e+03 |    Inf |  15.40%
 80.0s| 20800 |  4393 |  2164k| 104.0 |   218M |  36 | 290 |  78 | 941 | 875k|  4 |  51 |   0 | 0.000000e+00 | 6.902407e+03 |    Inf |  15.61%
 80.0s| 20900 |  4399 |  2173k| 104.0 |   218M |  36 | 290 |  78 | 931 | 879k|  3 |  51 |   0 | 0.000000e+00 | 6.902407e+03 |    Inf |  15.74%
 80.0s| 21000 |  4391 |  2183k| 103.9 |   218M |  36 | 290 |  78 |1052 | 882k|  3 |  51 |   0 | 0.000000e+00 | 6.902407e+03 |    Inf |  15.93%
 time | node  | left  |LP iter|LP it/n|mem/heur|mdpt |vars |cons |rows |cuts |sepa|confs|strbr|  dualbound   | primalbound  |  gap   | compl. 
 81.0s| 21100 |  4379 |  2192k| 103.9 |   218M |  36 | 290 |  78 |1110 | 886k|  2 |  51 |   0 | 0.000000e+00 | 6.902407e+03 |    Inf |  16.19%
 81.0s| 21200 |  4371 |  2203k| 103.9 |   218M |  36 | 290 |  78 |1064 | 890k|  4 |  51 |   0 | 0.000000e+00 | 6.902407e+03 |    Inf |  16.47%
 82.0s| 21300 |  4377 |  2215k| 104.0 |   218M |  36 | 290 |  78 |1072 | 894k|  1 |  51 |   0 | 0.000000e+00 | 6.902407e+03 |    Inf |  16.61%
 82.0s| 21400 |  4373 |  2227k| 104.1 |   219M |  36 | 290 |  78 |1130 | 897k|  4 |  51 |   0 | 0.000000e+00 | 6.902407e+03 |    Inf |  16.82%
 82.0s| 21500 |  4371 |  2237k| 104.0 |   219M |  36 | 290 |  78 |1008 | 901k|  4 |  51 |   0 | 0.000000e+00 | 6.902407e+03 |    Inf |  17.03%
 83.0s| 21600 |  4367 |  2248k| 104.1 |   220M |  36 | 290 |  78 |1149 | 905k|  1 |  51 |   0 | 0.000000e+00 | 6.902407e+03 |    Inf |  17.19%
 83.0s| 21700 |  4365 |  2260k| 104.1 |   220M |  36 | 290 |  78 | 996 | 909k|  1 |  51 |   0 | 0.000000e+00 | 6.902407e+03 |    Inf |  17.37%
 84.0s| 21800 |  4369 |  2270k| 104.1 |   220M |  36 | 290 |  78 |1190 | 913k|  1 |  51 |   0 | 0.000000e+00 | 6.902407e+03 |    Inf |  17.47%
 84.0s| 21900 |  4369 |  2281k| 104.2 |   220M |  36 | 290 |  78 |1117 | 916k|  3 |  51 |   0 | 0.000000e+00 | 6.902407e+03 |    Inf |  17.61%
 84.0s| 22000 |  4373 |  2291k| 104.1 |   221M |  36 | 290 |  78 | 991 | 920k|  3 |  51 |   0 | 0.000000e+00 | 6.902407e+03 |    Inf |  17.77%
 85.0s| 22100 |  4379 |  2300k| 104.1 |   221M |  36 | 290 |  78 | 988 | 924k|  3 |  52 |   0 | 0.000000e+00 | 6.902407e+03 |    Inf |  17.90%
 85.0s| 22200 |  4383 |  2309k| 104.0 |   222M |  36 | 290 |  78 |1064 | 927k|  4 |  52 |   0 | 0.000000e+00 | 6.902407e+03 |    Inf |  17.90%
 85.0s| 22300 |  4401 |  2320k| 104.0 |   222M |  36 | 290 |  78 | 967 | 931k|  1 |  52 |   0 | 0.000000e+00 | 6.902407e+03 |    Inf |  17.90%
 86.0s| 22400 |  4397 |  2332k| 104.1 |   223M |  36 | 290 |  78 |1127 | 935k|  3 |  52 |   0 | 0.000000e+00 | 6.902407e+03 |    Inf |  17.91%
 86.0s| 22500 |  4391 |  2345k| 104.2 |   223M |  36 | 290 |  78 |1076 | 939k|  1 |  52 |   0 | 0.000000e+00 | 6.902407e+03 |    Inf |  17.92%
 time | node  | left  |LP iter|LP it/n|mem/heur|mdpt |vars |cons |rows |cuts |sepa|confs|strbr|  dualbound   | primalbound  |  gap   | compl. 
 87.0s| 22600 |  4389 |  2355k| 104.2 |   223M |  36 | 290 |  78 |1165 | 943k|  3 |  52 |   0 | 0.000000e+00 | 6.902407e+03 |    Inf |  17.99%
 87.0s| 22700 |  4399 |  2364k| 104.1 |   223M |  36 | 290 |  78 |1174 | 947k|  3 |  52 |   0 | 0.000000e+00 | 6.902407e+03 |    Inf |  18.05%
 87.0s| 22800 |  4403 |  2374k| 104.1 |   226M |  36 | 290 |  78 | 984 | 950k|  3 |  52 |   0 | 0.000000e+00 | 6.902407e+03 |    Inf |  18.08%
 88.0s| 22900 |  4405 |  2381k| 104.0 |   226M |  36 | 290 |  78 |1077 | 953k|  1 |  52 |   0 | 0.000000e+00 | 6.902407e+03 |    Inf |  18.13%
 88.0s| 23000 |  4409 |  2391k| 104.0 |   226M |  36 | 290 |  78 |1226 | 957k|  4 |  52 |   0 | 0.000000e+00 | 6.902407e+03 |    Inf |  18.29%
 89.0s| 23100 |  4403 |  2401k| 104.0 |   226M |  36 | 290 |  78 |1048 | 961k|  1 |  53 |   0 | 0.000000e+00 | 6.902407e+03 |    Inf |  18.45%
 89.0s| 23200 |  4395 |  2412k| 104.0 |   226M |  36 | 290 |  78 |1243 | 965k|  3 |  53 |   0 | 0.000000e+00 | 6.902407e+03 |    Inf |  18.64%
 89.0s| 23300 |  4401 |  2424k| 104.0 |   227M |  36 | 290 |  78 | 873 | 969k|  4 |  53 |   0 | 0.000000e+00 | 6.902407e+03 |    Inf |  18.83%
 90.0s| 23400 |  4391 |  2436k| 104.1 |   227M |  36 | 290 |  78 |1096 | 973k|  2 |  53 |   0 | 0.000000e+00 | 6.902407e+03 |    Inf |  19.02%
 90.0s| 23500 |  4393 |  2446k| 104.1 |   228M |  36 | 290 |  78 | 866 | 976k|  1 |  53 |   0 | 0.000000e+00 | 6.902407e+03 |    Inf |  19.17%
 91.0s| 23600 |  4395 |  2457k| 104.1 |   229M |  36 | 290 |  78 |1014 | 981k|  1 |  53 |   0 | 0.000000e+00 | 6.902407e+03 |    Inf |  19.34%
 91.0s| 23700 |  4395 |  2468k| 104.2 |   229M |  36 | 290 |  78 |1113 | 984k|  1 |  53 |   0 | 0.000000e+00 | 6.902407e+03 |    Inf |  19.51%
 91.0s| 23800 |  4383 |  2478k| 104.1 |   229M |  36 | 290 |  78 |1039 | 988k|  1 |  53 |   0 | 0.000000e+00 | 6.902407e+03 |    Inf |  19.75%
 92.0s| 23900 |  4383 |  2489k| 104.1 |   230M |  36 | 290 |  78 | 973 | 992k|  1 |  53 |   0 | 0.000000e+00 | 6.902407e+03 |    Inf |  19.92%
 92.0s| 24000 |  4373 |  2500k| 104.2 |   230M |  36 | 290 |  78 |1210 | 996k|  1 |  53 |   0 | 0.000000e+00 | 6.902407e+03 |    Inf |  20.20%
 time | node  | left  |LP iter|LP it/n|mem/heur|mdpt |vars |cons |rows |cuts |sepa|confs|strbr|  dualbound   | primalbound  |  gap   | compl. 
 93.0s| 24100 |  4369 |  2510k| 104.2 |   230M |  36 | 290 |  78 |1258 |1000k|  3 |  53 |   0 | 0.000000e+00 | 6.902407e+03 |    Inf |  20.29%
 93.0s| 24200 |  4353 |  2521k| 104.2 |   230M |  36 | 290 |  78 |   0 |1004k|  0 |  53 |   0 | 0.000000e+00 | 6.902407e+03 |    Inf |  20.35%
 93.0s| 24300 |  4351 |  2532k| 104.2 |   231M |  36 | 290 |  78 |1101 |1007k|  3 |  54 |   0 | 0.000000e+00 | 6.902407e+03 |    Inf |  20.38%
 94.0s| 24400 |  4349 |  2544k| 104.3 |   232M |  36 | 290 |  78 |1083 |1012k|  3 |  54 |   0 | 0.000000e+00 | 6.902407e+03 |    Inf |  20.40%
 94.0s| 24500 |  4341 |  2554k| 104.2 |   232M |  36 | 290 |  78 |1057 |1015k|  2 |  54 |   0 | 0.000000e+00 | 6.902407e+03 |    Inf |  20.45%
 95.0s| 24600 |  4337 |  2563k| 104.2 |   232M |  36 | 290 |  78 |1081 |1019k|  2 |  55 |   0 | 0.000000e+00 | 6.902407e+03 |    Inf |  20.60%
 95.0s| 24700 |  4329 |  2574k| 104.2 |   232M |  36 | 290 |  78 |1094 |1023k|  3 |  55 |   0 | 0.000000e+00 | 6.902407e+03 |    Inf |  20.85%
 95.0s| 24800 |  4329 |  2584k| 104.2 |   234M |  36 | 290 |  78 |1208 |1026k|  3 |  55 |   0 | 0.000000e+00 | 6.902407e+03 |    Inf |  20.94%
 96.0s| 24900 |  4325 |  2593k| 104.1 |   234M |  36 | 290 |  78 | 971 |1030k|  4 |  55 |   0 | 0.000000e+00 | 6.902407e+03 |    Inf |  21.14%
 96.0s| 25000 |  4315 |  2603k| 104.1 |   234M |  36 | 290 |  78 |1031 |1033k|  2 |  55 |   0 | 0.000000e+00 | 6.902407e+03 |    Inf |  21.39%
 97.0s| 25100 |  4307 |  2613k| 104.1 |   234M |  36 | 290 |  78 |1257 |1037k|  3 |  55 |   0 | 0.000000e+00 | 6.902407e+03 |    Inf |  21.63%
 97.0s| 25200 |  4303 |  2624k| 104.1 |   234M |  36 | 290 |  78 |1158 |1041k|  3 |  55 |   0 | 0.000000e+00 | 6.902407e+03 |    Inf |  21.74%
 97.0s| 25300 |  4285 |  2634k| 104.1 |   234M |  36 | 290 |  78 |1151 |1045k|  1 |  55 |   0 | 0.000000e+00 | 6.902407e+03 |    Inf |  21.96%
 98.0s| 25400 |  4289 |  2646k| 104.2 |   234M |  36 | 290 |  78 |1011 |1049k|  2 |  55 |   0 | 0.000000e+00 | 6.902407e+03 |    Inf |  22.07%
 98.0s| 25500 |  4289 |  2655k| 104.1 |   234M |  36 | 290 |  78 |1204 |1052k|  3 |  55 |   0 | 0.000000e+00 | 6.902407e+03 |    Inf |  22.22%
 time | node  | left  |LP iter|LP it/n|mem/heur|mdpt |vars |cons |rows |cuts |sepa|confs|strbr|  dualbound   | primalbound  |  gap   | compl. 
 99.0s| 25600 |  4281 |  2665k| 104.1 |   234M |  36 | 290 |  78 |1264 |1056k|  1 |  56 |   0 | 0.000000e+00 | 6.902407e+03 |    Inf |  22.40%
 99.0s| 25700 |  4283 |  2675k| 104.1 |   234M |  36 | 290 |  78 |1259 |1060k|  1 |  56 |   0 | 0.000000e+00 | 6.902407e+03 |    Inf |  22.49%
 99.0s| 25800 |  4275 |  2686k| 104.1 |   235M |  36 | 290 |  78 |1141 |1064k|  3 |  56 |   0 | 0.000000e+00 | 6.902407e+03 |    Inf |  22.53%
  100s| 25900 |  4261 |  2697k| 104.2 |   235M |  36 | 290 |  78 |1041 |1067k|  3 |  56 |   0 | 0.000000e+00 | 6.902407e+03 |    Inf |  22.57%
  100s| 26000 |  4241 |  2707k| 104.1 |   235M |  36 | 290 |  78 |1164 |1071k|  2 |  56 |   0 | 0.000000e+00 | 6.902407e+03 |    Inf |  22.69%
  101s| 26100 |  4233 |  2717k| 104.1 |   235M |  36 | 290 |  78 |1095 |1075k|  2 |  58 |   0 | 0.000000e+00 | 6.902407e+03 |    Inf |  22.75%
  101s| 26200 |  4225 |  2730k| 104.2 |   235M |  36 | 290 |  78 |   0 |1079k|  0 |  58 |   0 | 0.000000e+00 | 6.902407e+03 |    Inf |  22.93%
  101s| 26300 |  4217 |  2741k| 104.2 |   236M |  36 | 290 |  78 |1164 |1082k|  2 |  59 |   0 | 0.000000e+00 | 6.902407e+03 |    Inf |  23.07%
  102s| 26400 |  4205 |  2751k| 104.2 |   236M |  36 | 290 |  78 |1088 |1086k|  3 |  59 |   0 | 0.000000e+00 | 6.902407e+03 |    Inf |  23.25%
  102s| 26500 |  4199 |  2761k| 104.2 |   236M |  36 | 290 |  78 |1307 |1089k|  1 |  59 |   0 | 0.000000e+00 | 6.902407e+03 |    Inf |  23.28%
  103s| 26600 |  4189 |  2771k| 104.2 |   236M |  36 | 290 |  78 |1174 |1092k|  1 |  59 |   0 | 0.000000e+00 | 6.902407e+03 |    Inf |  23.39%
  103s| 26700 |  4183 |  2780k| 104.1 |   236M |  36 | 290 |  78 |1201 |1096k|  1 |  59 |   0 | 0.000000e+00 | 6.902407e+03 |    Inf |  23.46%
  103s| 26800 |  4181 |  2791k| 104.1 |   236M |  36 | 290 |  78 |1076 |1100k|  3 |  59 |   0 | 0.000000e+00 | 6.902407e+03 |    Inf |  23.55%
  104s| 26900 |  4169 |  2801k| 104.1 |   236M |  36 | 290 |  78 |1045 |1103k|  1 |  60 |   0 | 0.000000e+00 | 6.902407e+03 |    Inf |  23.65%
  104s| 27000 |  4163 |  2812k| 104.1 |   236M |  36 | 290 |  78 |1171 |1107k|  4 |  60 |   0 | 0.000000e+00 | 6.902407e+03 |    Inf |  23.73%
 time | node  | left  |LP iter|LP it/n|mem/heur|mdpt |vars |cons |rows |cuts |sepa|confs|strbr|  dualbound   | primalbound  |  gap   | compl. 
  105s| 27100 |  4143 |  2823k| 104.2 |   236M |  36 | 290 |  78 |1007 |1111k|  1 |  62 |   0 | 0.000000e+00 | 6.902407e+03 |    Inf |  23.85%
  105s| 27200 |  4131 |  2833k| 104.2 |   236M |  36 | 290 |  78 |1040 |1114k|  1 |  62 |   0 | 0.000000e+00 | 6.902407e+03 |    Inf |  23.88%
  105s| 27300 |  4119 |  2845k| 104.2 |   236M |  36 | 290 |  78 |1168 |1118k|  1 |  62 |   0 | 0.000000e+00 | 6.902407e+03 |    Inf |  23.94%
  106s| 27400 |  4101 |  2854k| 104.2 |   236M |  36 | 290 |  78 |   0 |1121k|  0 |  62 |   0 | 0.000000e+00 | 6.902407e+03 |    Inf |  24.12%
  106s| 27500 |  4085 |  2865k| 104.2 |   236M |  36 | 290 |  78 |1019 |1125k|  3 |  63 |   0 | 0.000000e+00 | 6.902407e+03 |    Inf |  24.25%
  107s| 27600 |  4077 |  2875k| 104.2 |   236M |  36 | 290 |  78 |1276 |1128k|  3 |  63 |   0 | 0.000000e+00 | 6.902407e+03 |    Inf |  24.36%
  107s| 27700 |  4067 |  2884k| 104.1 |   236M |  36 | 290 |  78 |1278 |1132k|  1 |  63 |   0 | 0.000000e+00 | 6.902407e+03 |    Inf |  24.46%
  107s| 27800 |  4053 |  2893k| 104.1 |   236M |  36 | 290 |  78 |1001 |1135k|  3 |  63 |   0 | 0.000000e+00 | 6.902407e+03 |    Inf |  24.57%
  108s| 27900 |  4021 |  2905k| 104.1 |   236M |  36 | 290 |  78 |1275 |1139k|  3 |  63 |   0 | 0.000000e+00 | 6.902407e+03 |    Inf |  24.68%
  108s| 28000 |  4005 |  2916k| 104.2 |   236M |  36 | 290 |  78 |1155 |1142k|  3 |  64 |   0 | 0.000000e+00 | 6.902407e+03 |    Inf |  24.79%
  109s| 28100 |  3979 |  2927k| 104.1 |   236M |  36 | 290 |  78 |1324 |1145k|  2 |  64 |   0 | 0.000000e+00 | 6.902407e+03 |    Inf |  24.91%
  109s| 28200 |  3957 |  2937k| 104.2 |   236M |  36 | 290 |  78 |1021 |1149k|  4 |  64 |   0 | 0.000000e+00 | 6.902407e+03 |    Inf |  25.04%
  109s| 28300 |  3945 |  2947k| 104.1 |   236M |  36 | 290 |  78 |1214 |1152k|  3 |  64 |   0 | 0.000000e+00 | 6.902407e+03 |    Inf |  25.14%
  110s| 28400 |  3925 |  2958k| 104.2 |   236M |  36 | 290 |  78 |1225 |1156k|  1 |  64 |   0 | 0.000000e+00 | 6.902407e+03 |    Inf |  25.20%
  110s| 28500 |  3901 |  2970k| 104.2 |   236M |  36 | 290 |  78 |1158 |1159k|  2 |  64 |   0 | 0.000000e+00 | 6.902407e+03 |    Inf |  25.33%
 time | node  | left  |LP iter|LP it/n|mem/heur|mdpt |vars |cons |rows |cuts |sepa|confs|strbr|  dualbound   | primalbound  |  gap   | compl. 
  111s| 28600 |  3883 |  2981k| 104.2 |   236M |  36 | 290 |  78 |1092 |1162k|  2 |  64 |   0 | 0.000000e+00 | 6.902407e+03 |    Inf |  25.44%
  111s| 28700 |  3857 |  2990k| 104.2 |   236M |  36 | 290 |  78 |1066 |1166k|  1 |  64 |   0 | 0.000000e+00 | 6.902407e+03 |    Inf |  25.53%
  111s| 28800 |  3829 |  3000k| 104.2 |   236M |  36 | 290 |  78 | 961 |1169k|  3 |  64 |   0 | 0.000000e+00 | 6.902407e+03 |    Inf |  25.68%
  112s| 28900 |  3809 |  3011k| 104.2 |   236M |  37 | 290 |  78 |1317 |1172k|  1 |  64 |   0 | 0.000000e+00 | 6.902407e+03 |    Inf |  25.79%
  112s| 29000 |  3803 |  3023k| 104.3 |   236M |  37 | 290 |  78 |1191 |1176k|  4 |  64 |   0 | 0.000000e+00 | 6.902407e+03 |    Inf |  25.84%
  113s| 29100 |  3811 |  3034k| 104.3 |   236M |  37 | 290 |  78 | 960 |1180k|  1 |  64 |   0 | 0.000000e+00 | 6.902407e+03 |    Inf |  25.84%
  113s| 29200 |  3827 |  3044k| 104.3 |   236M |  37 | 290 |  78 | 923 |1184k|  3 |  64 |   0 | 0.000000e+00 | 6.902407e+03 |    Inf |  25.96%
  113s| 29300 |  3855 |  3055k| 104.3 |   236M |  37 | 290 |  78 | 901 |1187k|  3 |  64 |   0 | 0.000000e+00 | 6.902407e+03 |    Inf |  25.98%
  114s| 29400 |  3897 |  3069k| 104.4 |   236M |  37 | 290 |  78 |   0 |1192k|  0 |  65 |   0 | 0.000000e+00 | 6.902407e+03 |    Inf |  26.07%
  114s| 29500 |  3933 |  3082k| 104.5 |   236M |  37 | 290 |  78 | 897 |1197k|  4 |  65 |   0 | 0.000000e+00 | 6.902407e+03 |    Inf |  26.08%
  114s| 29600 |  3967 |  3093k| 104.5 |   237M |  37 | 290 |  78 | 829 |1201k|  3 |  65 |   0 | 0.000000e+00 | 6.902407e+03 |    Inf |  26.10%
  115s| 29700 |  4011 |  3104k| 104.5 |   237M |  37 | 290 |  78 | 802 |1205k|  0 |  65 |   0 | 0.000000e+00 | 6.902407e+03 |    Inf |  26.10%
  115s| 29800 |  4035 |  3115k| 104.5 |   237M |  37 | 290 |  78 | 862 |1209k|  2 |  65 |   0 | 0.000000e+00 | 6.902407e+03 |    Inf |  26.11%
  116s| 29900 |  4063 |  3124k| 104.5 |   239M |  37 | 290 |  78 | 878 |1213k|  2 |  65 |   0 | 0.000000e+00 | 6.902407e+03 |    Inf |  26.11%
  116s| 30000 |  4077 |  3136k| 104.5 |   240M |  37 | 290 |  78 | 963 |1218k|  4 |  65 |   0 | 0.000000e+00 | 6.902407e+03 |    Inf |  26.11%
 time | node  | left  |LP iter|LP it/n|mem/heur|mdpt |vars |cons |rows |cuts |sepa|confs|strbr|  dualbound   | primalbound  |  gap   | compl. 
  116s| 30100 |  4109 |  3147k| 104.6 |   240M |  37 | 290 |  78 |1143 |1222k|  3 |  65 |   0 | 0.000000e+00 | 6.902407e+03 |    Inf |  26.12%
  117s| 30200 |  4127 |  3159k| 104.6 |   242M |  37 | 290 |  78 |1198 |1227k|  3 |  65 |   0 | 0.000000e+00 | 6.902407e+03 |    Inf |  26.12%
  117s| 30300 |  4129 |  3168k| 104.6 |   242M |  37 | 290 |  78 |1045 |1231k|  2 |  65 |   0 | 0.000000e+00 | 6.902407e+03 |    Inf |  26.12%
  118s| 30400 |  4149 |  3179k| 104.6 |   243M |  37 | 290 |  78 | 968 |1235k|  3 |  65 |   0 | 0.000000e+00 | 6.902407e+03 |    Inf |  26.12%
  118s| 30500 |  4171 |  3189k| 104.6 |   244M |  37 | 290 |  78 |1022 |1239k|  3 |  66 |   0 | 0.000000e+00 | 6.902407e+03 |    Inf |  26.14%
  118s| 30600 |  4181 |  3198k| 104.5 |   244M |  37 | 290 |  78 |1049 |1243k|  1 |  67 |   0 | 0.000000e+00 | 6.902407e+03 |    Inf |  26.14%
  119s| 30700 |  4201 |  3208k| 104.5 |   247M |  37 | 290 |  78 |1072 |1247k|  2 |  67 |   0 | 0.000000e+00 | 6.902407e+03 |    Inf |  26.14%
  119s| 30800 |  4207 |  3219k| 104.5 |   249M |  37 | 290 |  78 | 973 |1251k|  4 |  69 |   0 | 0.000000e+00 | 6.902407e+03 |    Inf |  26.14%
  120s| 30900 |  4207 |  3231k| 104.6 |   249M |  37 | 290 |  78 |1010 |1256k|  1 |  69 |   0 | 0.000000e+00 | 6.902407e+03 |    Inf |  26.14%
  120s| 31000 |  4207 |  3241k| 104.6 |   249M |  37 | 290 |  78 | 985 |1260k|  0 |  69 |   0 | 0.000000e+00 | 6.902407e+03 |    Inf |  26.14%
  120s| 31100 |  4227 |  3252k| 104.6 |   249M |  37 | 290 |  78 |1071 |1264k|  3 |  70 |   0 | 0.000000e+00 | 6.902407e+03 |    Inf |  26.14%
  121s| 31200 |  4233 |  3264k| 104.6 |   250M |  37 | 290 |  78 |1343 |1268k|  3 |  70 |   0 | 0.000000e+00 | 6.902407e+03 |    Inf |  26.14%
  121s| 31300 |  4235 |  3274k| 104.6 |   252M |  37 | 290 |  78 |1099 |1272k|  3 |  70 |   0 | 0.000000e+00 | 6.902407e+03 |    Inf |  26.14%
  122s| 31400 |  4247 |  3286k| 104.6 |   254M |  37 | 290 |  78 |1101 |1276k|  2 |  70 |   0 | 0.000000e+00 | 6.902407e+03 |    Inf |  26.14%
  122s| 31500 |  4239 |  3296k| 104.6 |   254M |  37 | 290 |  78 |1165 |1280k|  1 |  71 |   0 | 0.000000e+00 | 6.902407e+03 |    Inf |  26.14%
 time | node  | left  |LP iter|LP it/n|mem/heur|mdpt |vars |cons |rows |cuts |sepa|confs|strbr|  dualbound   | primalbound  |  gap   | compl. 
  123s| 31600 |  4239 |  3307k| 104.7 |   254M |  37 | 290 |  78 |1134 |1284k|  3 |  72 |   0 | 0.000000e+00 | 6.902407e+03 |    Inf |  26.14%
  123s| 31700 |  4223 |  3318k| 104.7 |   254M |  37 | 290 |  78 |1169 |1287k|  3 |  72 |   0 | 0.000000e+00 | 6.902407e+03 |    Inf |  26.14%
  123s| 31800 |  4203 |  3328k| 104.7 |   254M |  37 | 290 |  78 |1173 |1291k|  3 |  72 |   0 | 0.000000e+00 | 6.902407e+03 |    Inf |  26.14%
  124s| 31900 |  4183 |  3340k| 104.7 |   254M |  37 | 290 |  78 |1072 |1294k|  3 |  72 |   0 | 0.000000e+00 | 6.902407e+03 |    Inf |  26.14%
  124s| 32000 |  4203 |  3348k| 104.6 |   254M |  37 | 290 |  78 | 941 |1298k|  3 |  74 |   0 | 0.000000e+00 | 6.902407e+03 |    Inf |  26.14%
  125s| 32100 |  4221 |  3363k| 104.8 |   256M |  37 | 290 |  78 | 743 |1303k|  3 |  74 |   0 | 0.000000e+00 | 6.902407e+03 |    Inf |  26.14%
  125s| 32200 |  4239 |  3377k| 104.9 |   257M |  37 | 290 |  78 |1055 |1308k|  2 |  74 |   0 | 0.000000e+00 | 6.902407e+03 |    Inf |  26.20%
  125s| 32300 |  4241 |  3388k| 104.9 |   257M |  37 | 290 |  78 |   0 |1312k|  0 |  75 |   0 | 0.000000e+00 | 6.902407e+03 |    Inf |  27.29%
  126s| 32400 |  4251 |  3397k| 104.9 |   258M |  37 | 290 |  78 | 801 |1317k|  4 |  76 |   0 | 0.000000e+00 | 6.902407e+03 |    Inf |  27.51%
  126s| 32500 |  4259 |  3406k| 104.8 |   258M |  37 | 290 |  78 |1049 |1320k|  2 |  76 |   0 | 0.000000e+00 | 6.902407e+03 |    Inf |  27.85%
  126s| 32600 |  4273 |  3415k| 104.8 |   259M |  37 | 290 |  78 | 596 |1323k|  1 |  78 |   0 | 0.000000e+00 | 6.902407e+03 |    Inf |  28.70%
  126s| 32700 |  4279 |  3424k| 104.7 |   259M |  37 | 290 |  78 | 742 |1327k|  3 |  78 |   0 | 0.000000e+00 | 6.902407e+03 |    Inf |  28.78%
  127s| 32800 |  4313 |  3435k| 104.7 |   260M |  37 | 290 |  78 | 815 |1332k|  1 |  78 |   0 | 0.000000e+00 | 6.902407e+03 |    Inf |  28.84%
  127s| 32900 |  4353 |  3449k| 104.8 |   262M |  37 | 290 |  78 |1155 |1337k|  4 |  79 |   0 | 0.000000e+00 | 6.902407e+03 |    Inf |  28.85%
  128s| 33000 |  4383 |  3459k| 104.8 |   263M |  37 | 290 |  78 | 913 |1341k|  3 |  80 |   0 | 0.000000e+00 | 6.902407e+03 |    Inf |  28.85%
 time | node  | left  |LP iter|LP it/n|mem/heur|mdpt |vars |cons |rows |cuts |sepa|confs|strbr|  dualbound   | primalbound  |  gap   | compl. 
  128s| 33100 |  4415 |  3470k| 104.8 |   263M |  37 | 290 |  78 |1083 |1346k|  3 |  81 |   0 | 0.000000e+00 | 6.902407e+03 |    Inf |  28.86%
  128s| 33200 |  4455 |  3479k| 104.8 |   265M |  37 | 290 |  78 |1076 |1350k|  2 |  83 |   0 | 0.000000e+00 | 6.902407e+03 |    Inf |  28.86%
  129s| 33300 |  4477 |  3491k| 104.8 |   265M |  37 | 290 |  78 | 979 |1354k|  2 |  84 |   0 | 0.000000e+00 | 6.902407e+03 |    Inf |  28.86%
  129s| 33400 |  4493 |  3503k| 104.9 |   266M |  37 | 290 |  78 | 993 |1359k|  3 |  85 |   0 | 0.000000e+00 | 6.902407e+03 |    Inf |  28.86%
  130s| 33500 |  4515 |  3514k| 104.9 |   267M |  37 | 290 |  78 |1028 |1364k|  2 |  87 |   0 | 0.000000e+00 | 6.902407e+03 |    Inf |  28.86%
  130s| 33600 |  4525 |  3525k| 104.9 |   267M |  37 | 290 |  78 |1000 |1368k|  1 |  87 |   0 | 0.000000e+00 | 6.902407e+03 |    Inf |  28.86%
  130s| 33700 |  4549 |  3534k| 104.9 |   269M |  37 | 290 |  78 |1167 |1372k|  1 |  87 |   0 | 0.000000e+00 | 6.902407e+03 |    Inf |  28.86%
  131s| 33800 |  4551 |  3542k| 104.8 |   270M |  37 | 290 |  78 |1043 |1376k|  3 |  89 |   0 | 0.000000e+00 | 6.902407e+03 |    Inf |  28.86%
  131s| 33900 |  4557 |  3550k| 104.7 |   270M |  37 | 290 |  78 |1103 |1380k|  3 |  89 |   0 | 0.000000e+00 | 6.902407e+03 |    Inf |  28.86%
  131s| 34000 |  4571 |  3560k| 104.7 |   271M |  37 | 290 |  78 |1093 |1384k|  1 |  89 |   0 | 0.000000e+00 | 6.902407e+03 |    Inf |  28.86%
  132s| 34100 |  4577 |  3568k| 104.6 |   271M |  37 | 290 |  78 |1073 |1388k|  1 |  89 |   0 | 0.000000e+00 | 6.902407e+03 |    Inf |  28.86%
  132s| 34200 |  4583 |  3577k| 104.6 |   271M |  37 | 290 |  78 |1055 |1392k|  2 |  89 |   0 | 0.000000e+00 | 6.902407e+03 |    Inf |  28.86%
  132s| 34300 |  4577 |  3586k| 104.5 |   274M |  37 | 290 |  78 |1106 |1396k|  3 |  90 |   0 | 0.000000e+00 | 6.902407e+03 |    Inf |  28.86%
  133s| 34400 |  4569 |  3595k| 104.5 |   274M |  37 | 290 |  78 |1086 |1400k|  1 |  90 |   0 | 0.000000e+00 | 6.902407e+03 |    Inf |  28.86%
  133s| 34500 |  4559 |  3604k| 104.5 |   274M |  37 | 290 |  78 |1086 |1403k|  3 |  91 |   0 | 0.000000e+00 | 6.902407e+03 |    Inf |  28.86%
 time | node  | left  |LP iter|LP it/n|mem/heur|mdpt |vars |cons |rows |cuts |sepa|confs|strbr|  dualbound   | primalbound  |  gap   | compl. 
  133s| 34600 |  4543 |  3611k| 104.4 |   274M |  37 | 290 |  78 |1241 |1407k|  3 |  91 |   0 | 0.000000e+00 | 6.902407e+03 |    Inf |  28.86%
  134s| 34700 |  4535 |  3620k| 104.3 |   274M |  37 | 290 |  78 |1224 |1410k|  1 |  91 |   0 | 0.000000e+00 | 6.902407e+03 |    Inf |  28.86%
  134s| 34800 |  4527 |  3630k| 104.3 |   275M |  37 | 290 |  78 | 724 |1415k|  4 |  93 |   0 | 0.000000e+00 | 6.902407e+03 |    Inf |  33.35%
  134s| 34900 |  4539 |  3642k| 104.4 |   276M |  37 | 290 |  78 | 868 |1420k|  1 |  93 |   0 | 0.000000e+00 | 6.902407e+03 |    Inf |  33.46%
  135s| 35000 |  4569 |  3654k| 104.4 |   276M |  37 | 290 |  78 |1020 |1424k|  5 |  93 |   0 | 0.000000e+00 | 6.902407e+03 |    Inf |  33.46%
  135s| 35100 |  4575 |  3666k| 104.4 |   277M |  37 | 290 |  78 |1116 |1429k|  4 |  93 |   0 | 0.000000e+00 | 6.902407e+03 |    Inf |  33.46%
  136s| 35200 |  4575 |  3677k| 104.5 |   278M |  37 | 290 |  78 |1132 |1432k|  3 |  93 |   0 | 0.000000e+00 | 6.902407e+03 |    Inf |  33.46%
  136s| 35300 |  4583 |  3685k| 104.4 |   279M |  37 | 290 |  78 |1113 |1436k|  1 |  93 |   0 | 0.000000e+00 | 6.902407e+03 |    Inf |  33.59%
  136s| 35400 |  4589 |  3697k| 104.4 |   279M |  37 | 290 |  78 |1024 |1441k|  3 |  93 |   0 | 0.000000e+00 | 6.902407e+03 |    Inf |  33.61%
  137s| 35500 |  4633 |  3705k| 104.4 |   280M |  37 | 290 |  78 | 894 |1445k|  3 |  93 |   0 | 0.000000e+00 | 6.902407e+03 |    Inf |  33.62%
  137s| 35600 |  4663 |  3713k| 104.3 |   281M |  37 | 290 |  78 | 966 |1448k|  3 |  93 |   0 | 0.000000e+00 | 6.902407e+03 |    Inf |  33.62%
  137s| 35700 |  4687 |  3721k| 104.2 |   281M |  37 | 290 |  78 | 967 |1452k|  6 |  93 |   0 | 0.000000e+00 | 6.902407e+03 |    Inf |  33.62%
  138s| 35800 |  4709 |  3730k| 104.2 |   283M |  37 | 290 |  78 | 949 |1456k|  1 |  93 |   0 | 0.000000e+00 | 6.902407e+03 |    Inf |  33.62%
  138s| 35900 |  4741 |  3738k| 104.1 |   284M |  37 | 290 |  78 |1111 |1460k|  3 |  93 |   0 | 0.000000e+00 | 6.902407e+03 |    Inf |  33.62%
  138s| 36000 |  4759 |  3748k| 104.1 |   284M |  37 | 290 |  78 | 917 |1464k|  1 |  93 |   0 | 0.000000e+00 | 6.902407e+03 |    Inf |  33.62%
 time | node  | left  |LP iter|LP it/n|mem/heur|mdpt |vars |cons |rows |cuts |sepa|confs|strbr|  dualbound   | primalbound  |  gap   | compl. 
  139s| 36100 |  4771 |  3760k| 104.1 |   284M |  37 | 290 |  78 |1024 |1468k|  1 |  93 |   0 | 0.000000e+00 | 6.902407e+03 |    Inf |  33.62%
  139s| 36200 |  4777 |  3770k| 104.1 |   285M |  37 | 290 |  78 | 983 |1472k|  4 |  94 |   0 | 0.000000e+00 | 6.902407e+03 |    Inf |  33.62%
  139s| 36300 |  4775 |  3779k| 104.1 |   287M |  37 | 290 |  78 |1001 |1476k|  1 |  94 |   0 | 0.000000e+00 | 6.902407e+03 |    Inf |  33.62%
  140s| 36400 |  4773 |  3791k| 104.1 |   287M |  37 | 290 |  78 |1141 |1480k|  3 |  94 |   0 | 0.000000e+00 | 6.902407e+03 |    Inf |  33.62%
  140s| 36500 |  4753 |  3801k| 104.1 |   287M |  37 | 290 |  78 | 717 |1483k|  4 |  94 |   0 | 0.000000e+00 | 6.902407e+03 |    Inf |  33.65%
  141s| 36600 |  4771 |  3814k| 104.2 |   287M |  37 | 290 |  78 | 786 |1488k|  4 |  96 |   0 | 0.000000e+00 | 6.902407e+03 |    Inf |  33.66%
  141s| 36700 |  4801 |  3824k| 104.2 |   288M |  37 | 290 |  78 | 786 |1493k|  4 |  98 |   0 | 0.000000e+00 | 6.902407e+03 |    Inf |  33.67%
  141s| 36800 |  4807 |  3834k| 104.2 |   288M |  37 | 290 |  78 | 978 |1497k|  1 | 100 |   0 | 0.000000e+00 | 6.902407e+03 |    Inf |  33.68%
  142s| 36900 |  4833 |  3844k| 104.2 |   289M |  37 | 290 |  78 |1026 |1501k|  3 | 102 |   0 | 0.000000e+00 | 6.902407e+03 |    Inf |  33.68%
  142s| 37000 |  4835 |  3856k| 104.2 |   289M |  37 | 290 |  78 |1106 |1505k|  3 | 103 |   0 | 0.000000e+00 | 6.902407e+03 |    Inf |  33.68%
  143s| 37100 |  4855 |  3868k| 104.3 |   290M |  37 | 290 |  78 |1052 |1509k|  1 | 103 |   0 | 0.000000e+00 | 6.902407e+03 |    Inf |  33.69%
  143s| 37200 |  4857 |  3880k| 104.3 |   290M |  37 | 290 |  78 |1164 |1513k|  1 | 103 |   0 | 0.000000e+00 | 6.902407e+03 |    Inf |  33.79%
  143s| 37300 |  4895 |  3892k| 104.3 |   291M |  37 | 290 |  78 | 876 |1517k|  4 | 103 |   0 | 0.000000e+00 | 6.902407e+03 |    Inf |  33.79%
  144s| 37400 |  4903 |  3903k| 104.4 |   292M |  37 | 290 |  78 | 847 |1521k|  1 | 103 |   0 | 0.000000e+00 | 6.902407e+03 |    Inf |  33.79%
  144s| 37500 |  4913 |  3914k| 104.4 |   292M |  37 | 290 |  78 | 750 |1524k|  3 | 105 |   0 | 0.000000e+00 | 6.902407e+03 |    Inf |  33.83%
 time | node  | left  |LP iter|LP it/n|mem/heur|mdpt |vars |cons |rows |cuts |sepa|confs|strbr|  dualbound   | primalbound  |  gap   | compl. 
  144s| 37600 |  4943 |  3922k| 104.3 |   293M |  37 | 290 |  78 |1038 |1528k|  3 | 109 |   0 | 0.000000e+00 | 6.902407e+03 |    Inf |  33.85%
  145s| 37700 |  4957 |  3935k| 104.4 |   294M |  37 | 290 |  78 | 748 |1533k|  4 | 111 |   0 | 0.000000e+00 | 6.902407e+03 |    Inf |  33.85%
  145s| 37800 |  4969 |  3945k| 104.4 |   294M |  37 | 290 |  78 | 941 |1536k|  1 | 111 |   0 | 0.000000e+00 | 6.902407e+03 |    Inf |  33.85%
  145s| 37900 |  4979 |  3954k| 104.3 |   295M |  37 | 290 |  78 | 940 |1541k|  3 | 111 |   0 | 0.000000e+00 | 6.902407e+03 |    Inf |  34.39%
  146s| 38000 |  5001 |  3964k| 104.3 |   295M |  37 | 290 |  78 |1054 |1545k|  1 | 111 |   0 | 0.000000e+00 | 6.902407e+03 |    Inf |  34.42%
  146s| 38100 |  5005 |  3974k| 104.3 |   298M |  37 | 290 |  78 | 957 |1549k|  3 | 111 |   0 | 0.000000e+00 | 6.902407e+03 |    Inf |  34.74%
  146s| 38200 |  5013 |  3984k| 104.3 |   298M |  37 | 290 |  78 |1152 |1554k|  3 | 111 |   0 | 0.000000e+00 | 6.902407e+03 |    Inf |  34.81%
  147s| 38300 |  5043 |  3998k| 104.4 |   299M |  37 | 290 |  78 | 892 |1559k|  0 | 112 |   0 | 0.000000e+00 | 6.902407e+03 |    Inf |  34.85%
  147s| 38400 |  5101 |  4010k| 104.4 |   301M |  37 | 290 |  78 | 896 |1564k|  3 | 112 |   0 | 0.000000e+00 | 6.902407e+03 |    Inf |  34.86%
  148s| 38500 |  5143 |  4024k| 104.5 |   303M |  37 | 290 |  78 | 831 |1569k|  3 | 112 |   0 | 0.000000e+00 | 6.902407e+03 |    Inf |  34.90%
  148s| 38600 |  5197 |  4034k| 104.5 |   304M |  37 | 290 |  78 | 969 |1574k|  3 | 112 |   0 | 0.000000e+00 | 6.902407e+03 |    Inf |  34.90%
  148s| 38700 |  5233 |  4045k| 104.5 |   305M |  37 | 290 |  78 | 872 |1578k|  3 | 112 |   0 | 0.000000e+00 | 6.902407e+03 |    Inf |  34.91%
  149s| 38800 |  5271 |  4057k| 104.6 |   307M |  37 | 290 |  78 |1008 |1583k|  1 | 112 |   0 | 0.000000e+00 | 6.902407e+03 |    Inf |  34.91%
  149s| 38900 |  5297 |  4070k| 104.6 |   309M |  37 | 290 |  78 |1176 |1588k|  4 | 112 |   0 | 0.000000e+00 | 6.902407e+03 |    Inf |  34.92%
  150s| 39000 |  5335 |  4080k| 104.6 |   309M |  37 | 290 |  78 | 875 |1592k|  2 | 113 |   0 | 0.000000e+00 | 6.902407e+03 |    Inf |  34.92%
 time | node  | left  |LP iter|LP it/n|mem/heur|mdpt |vars |cons |rows |cuts |sepa|confs|strbr|  dualbound   | primalbound  |  gap   | compl. 
  150s| 39100 |  5369 |  4093k| 104.7 |   311M |  37 | 290 |  78 |1116 |1596k|  3 | 113 |   0 | 0.000000e+00 | 6.902407e+03 |    Inf |  34.93%
  151s| 39200 |  5407 |  4102k| 104.6 |   311M |  37 | 290 |  78 |1061 |1600k|  3 | 113 |   0 | 0.000000e+00 | 6.902407e+03 |    Inf |  34.93%
  151s| 39300 |  5437 |  4115k| 104.7 |   313M |  37 | 290 |  78 |1044 |1605k|  1 | 114 |   0 | 0.000000e+00 | 6.902407e+03 |    Inf |  34.93%
  151s| 39400 |  5461 |  4128k| 104.8 |   314M |  37 | 290 |  78 | 990 |1609k|  1 | 114 |   0 | 0.000000e+00 | 6.902407e+03 |    Inf |  34.93%
  152s| 39500 |  5487 |  4139k| 104.8 |   314M |  37 | 290 |  78 |1016 |1614k|  1 | 114 |   0 | 0.000000e+00 | 6.902407e+03 |    Inf |  34.93%
  152s| 39600 |  5519 |  4150k| 104.8 |   317M |  37 | 290 |  78 |1161 |1618k|  1 | 114 |   0 | 0.000000e+00 | 6.902407e+03 |    Inf |  34.94%
  153s| 39700 |  5543 |  4161k| 104.8 |   317M |  37 | 290 |  78 |1035 |1622k|  3 | 114 |   0 | 0.000000e+00 | 6.902407e+03 |    Inf |  34.94%
  153s| 39800 |  5565 |  4172k| 104.8 |   317M |  37 | 290 |  78 |1097 |1626k|  3 | 114 |   0 | 0.000000e+00 | 6.902407e+03 |    Inf |  34.94%
  153s| 39900 |  5587 |  4184k| 104.9 |   319M |  37 | 290 |  78 |1092 |1631k|  4 | 114 |   0 | 0.000000e+00 | 6.902407e+03 |    Inf |  34.94%
  154s| 40000 |  5605 |  4196k| 104.9 |   319M |  37 | 290 |  78 |1188 |1635k|  1 | 114 |   0 | 0.000000e+00 | 6.902407e+03 |    Inf |  34.94%
  154s| 40100 |  5623 |  4207k| 104.9 |   319M |  37 | 290 |  78 |1069 |1639k|  3 | 114 |   0 | 0.000000e+00 | 6.902407e+03 |    Inf |  34.94%
  155s| 40200 |  5645 |  4217k| 104.9 |   323M |  37 | 290 |  78 |1164 |1644k|  2 | 114 |   0 | 0.000000e+00 | 6.902407e+03 |    Inf |  34.94%
  155s| 40300 |  5669 |  4227k| 104.9 |   323M |  37 | 290 |  78 |1020 |1648k|  4 | 114 |   0 | 0.000000e+00 | 6.902407e+03 |    Inf |  34.94%
  156s| 40400 |  5685 |  4238k| 104.9 |   324M |  37 | 290 |  78 |1075 |1652k|  1 | 114 |   0 | 0.000000e+00 | 6.902407e+03 |    Inf |  34.94%
  156s| 40500 |  5705 |  4247k| 104.9 |   326M |  37 | 290 |  78 |1062 |1655k|  2 | 114 |   0 | 0.000000e+00 | 6.902407e+03 |    Inf |  34.94%
 time | node  | left  |LP iter|LP it/n|mem/heur|mdpt |vars |cons |rows |cuts |sepa|confs|strbr|  dualbound   | primalbound  |  gap   | compl. 
  156s| 40600 |  5727 |  4257k| 104.8 |   326M |  37 | 290 |  78 | 985 |1659k|  3 | 114 |   0 | 0.000000e+00 | 6.902407e+03 |    Inf |  34.94%
  157s| 40700 |  5739 |  4270k| 104.9 |   327M |  37 | 290 |  78 |1161 |1663k|  2 | 114 |   0 | 0.000000e+00 | 6.902407e+03 |    Inf |  34.94%
  157s| 40800 |  5747 |  4279k| 104.9 |   327M |  37 | 290 |  78 |1065 |1667k|  3 | 114 |   0 | 0.000000e+00 | 6.902407e+03 |    Inf |  34.94%
  158s| 40900 |  5761 |  4290k| 104.9 |   328M |  37 | 290 |  78 |1079 |1672k|  3 | 114 |   0 | 0.000000e+00 | 6.902407e+03 |    Inf |  34.94%
  158s| 41000 |  5773 |  4301k| 104.9 |   329M |  37 | 290 |  78 |1057 |1676k|  2 | 114 |   0 | 0.000000e+00 | 6.902407e+03 |    Inf |  34.94%
  158s| 41100 |  5785 |  4311k| 104.9 |   330M |  37 | 290 |  78 |1044 |1679k|  4 | 114 |   0 | 0.000000e+00 | 6.902407e+03 |    Inf |  34.94%
  159s| 41200 |  5805 |  4321k| 104.9 |   330M |  37 | 290 |  78 |1349 |1683k|  3 | 114 |   0 | 0.000000e+00 | 6.902407e+03 |    Inf |  34.94%
  159s| 41300 |  5813 |  4333k| 104.9 |   331M |  37 | 290 |  78 |1038 |1687k|  1 | 114 |   0 | 0.000000e+00 | 6.902407e+03 |    Inf |  34.94%
  160s| 41400 |  5825 |  4344k| 104.9 |   332M |  37 | 290 |  78 |1118 |1691k|  4 | 114 |   0 | 0.000000e+00 | 6.902407e+03 |    Inf |  34.94%
  160s| 41500 |  5835 |  4357k| 105.0 |   333M |  37 | 290 |  78 |1102 |1695k|  1 | 114 |   0 | 0.000000e+00 | 6.902407e+03 |    Inf |  34.94%
  160s| 41600 |  5843 |  4368k| 105.0 |   333M |  37 | 290 |  78 |1082 |1699k|  3 | 114 |   0 | 0.000000e+00 | 6.902407e+03 |    Inf |  34.95%
  161s| 41700 |  5851 |  4380k| 105.0 |   333M |  37 | 290 |  78 |1090 |1703k|  2 | 114 |   0 | 0.000000e+00 | 6.902407e+03 |    Inf |  34.95%
  161s| 41800 |  5859 |  4393k| 105.1 |   334M |  37 | 290 |  78 |1117 |1708k|  3 | 114 |   0 | 0.000000e+00 | 6.902407e+03 |    Inf |  34.95%
  162s| 41900 |  5881 |  4404k| 105.1 |   335M |  37 | 290 |  78 |1135 |1712k|  3 | 114 |   0 | 0.000000e+00 | 6.902407e+03 |    Inf |  34.95%
  162s| 42000 |  5899 |  4414k| 105.1 |   335M |  37 | 290 |  78 |1135 |1715k|  2 | 114 |   0 | 0.000000e+00 | 6.902407e+03 |    Inf |  34.95%
 time | node  | left  |LP iter|LP it/n|mem/heur|mdpt |vars |cons |rows |cuts |sepa|confs|strbr|  dualbound   | primalbound  |  gap   | compl. 
  163s| 42100 |  5913 |  4425k| 105.1 |   336M |  37 | 290 |  78 |1112 |1719k|  2 | 114 |   0 | 0.000000e+00 | 6.902407e+03 |    Inf |  34.95%
  163s| 42200 |  5927 |  4437k| 105.1 |   336M |  37 | 290 |  78 |1066 |1723k|  1 | 115 |   0 | 0.000000e+00 | 6.902407e+03 |    Inf |  34.95%
  163s| 42300 |  5943 |  4448k| 105.2 |   338M |  38 | 290 |  78 |1116 |1727k|  3 | 115 |   0 | 0.000000e+00 | 6.902407e+03 |    Inf |  34.95%
  164s| 42400 |  5945 |  4460k| 105.2 |   339M |  38 | 290 |  78 |1122 |1731k|  2 | 115 |   0 | 0.000000e+00 | 6.902407e+03 |    Inf |  34.95%
  164s| 42500 |  5957 |  4474k| 105.3 |   339M |  38 | 290 |  78 |1122 |1735k|  0 | 115 |   0 | 0.000000e+00 | 6.902407e+03 |    Inf |  34.95%
  165s| 42600 |  5951 |  4487k| 105.3 |   340M |  38 | 290 |  78 |1063 |1739k|  1 | 115 |   0 | 0.000000e+00 | 6.902407e+03 |    Inf |  34.95%
  165s| 42700 |  5957 |  4498k| 105.3 |   340M |  38 | 290 |  78 |1103 |1743k|  0 | 115 |   0 | 0.000000e+00 | 6.902407e+03 |    Inf |  34.95%
  166s| 42800 |  5969 |  4509k| 105.4 |   340M |  38 | 290 |  78 |1158 |1746k|  3 | 115 |   0 | 0.000000e+00 | 6.902407e+03 |    Inf |  34.95%
  166s| 42900 |  5981 |  4520k| 105.4 |   342M |  38 | 290 |  78 |1132 |1750k|  2 | 115 |   0 | 0.000000e+00 | 6.902407e+03 |    Inf |  34.95%
  166s| 43000 |  5985 |  4530k| 105.4 |   342M |  38 | 290 |  78 |1085 |1754k|  3 | 115 |   0 | 0.000000e+00 | 6.902407e+03 |    Inf |  34.95%
  167s| 43100 |  5983 |  4542k| 105.4 |   343M |  38 | 290 |  78 |1197 |1758k|  3 | 115 |   0 | 0.000000e+00 | 6.902407e+03 |    Inf |  34.95%
  167s| 43200 |  5989 |  4554k| 105.4 |   343M |  38 | 290 |  78 |1125 |1761k|  1 | 117 |   0 | 0.000000e+00 | 6.902407e+03 |    Inf |  34.95%
  168s| 43300 |  5997 |  4565k| 105.4 |   343M |  38 | 290 |  78 |1178 |1765k|  2 | 117 |   0 | 0.000000e+00 | 6.902407e+03 |    Inf |  34.95%
  168s| 43400 |  5991 |  4576k| 105.4 |   344M |  38 | 290 |  78 |1104 |1769k|  3 | 118 |   0 | 0.000000e+00 | 6.902407e+03 |    Inf |  34.95%
  169s| 43500 |  5999 |  4589k| 105.5 |   344M |  38 | 290 |  78 |1121 |1773k|  3 | 118 |   0 | 0.000000e+00 | 6.902407e+03 |    Inf |  34.95%
 time | node  | left  |LP iter|LP it/n|mem/heur|mdpt |vars |cons |rows |cuts |sepa|confs|strbr|  dualbound   | primalbound  |  gap   | compl. 
  169s| 43600 |  5997 |  4600k| 105.5 |   344M |  38 | 290 |  78 |1201 |1776k|  2 | 118 |   0 | 0.000000e+00 | 6.902407e+03 |    Inf |  34.95%
  169s| 43700 |  6001 |  4614k| 105.6 |   345M |  38 | 290 |  78 |1153 |1780k|  1 | 118 |   0 | 0.000000e+00 | 6.902407e+03 |    Inf |  34.95%
  170s| 43800 |  5997 |  4625k| 105.6 |   345M |  38 | 290 |  78 |1135 |1784k|  3 | 118 |   0 | 0.000000e+00 | 6.902407e+03 |    Inf |  34.95%
  170s| 43900 |  5993 |  4636k| 105.6 |   345M |  38 | 290 |  78 |1176 |1788k|  3 | 118 |   0 | 0.000000e+00 | 6.902407e+03 |    Inf |  34.95%
  171s| 44000 |  5981 |  4651k| 105.7 |   345M |  38 | 290 |  78 |1098 |1791k|  3 | 118 |   0 | 0.000000e+00 | 6.902407e+03 |    Inf |  34.95%
  171s| 44100 |  5989 |  4663k| 105.7 |   346M |  38 | 290 |  78 |1174 |1795k|  3 | 118 |   0 | 0.000000e+00 | 6.902407e+03 |    Inf |  34.95%
  172s| 44200 |  5989 |  4677k| 105.8 |   347M |  38 | 290 |  78 |1097 |1799k|  2 | 118 |   0 | 0.000000e+00 | 6.902407e+03 |    Inf |  34.95%
  172s| 44300 |  5993 |  4690k| 105.9 |   347M |  38 | 290 |  78 |1197 |1803k|  3 | 118 |   0 | 0.000000e+00 | 6.902407e+03 |    Inf |  34.95%
  173s| 44400 |  5991 |  4703k| 105.9 |   347M |  38 | 290 |  78 |1137 |1807k|  4 | 118 |   0 | 0.000000e+00 | 6.902407e+03 |    Inf |  34.95%
  173s| 44500 |  5981 |  4715k| 106.0 |   347M |  38 | 290 |  78 |1197 |1811k|  3 | 118 |   0 | 0.000000e+00 | 6.902407e+03 |    Inf |  34.95%
  173s| 44600 |  5975 |  4726k| 106.0 |   347M |  38 | 290 |  78 |1252 |1814k|  1 | 118 |   0 | 0.000000e+00 | 6.902407e+03 |    Inf |  34.95%
  174s| 44700 |  5981 |  4738k| 106.0 |   347M |  38 | 290 |  78 |1303 |1818k|  3 | 118 |   0 | 0.000000e+00 | 6.902407e+03 |    Inf |  34.95%
  174s| 44800 |  5977 |  4751k| 106.0 |   347M |  38 | 290 |  78 |1334 |1822k|  2 | 118 |   0 | 0.000000e+00 | 6.902407e+03 |    Inf |  34.95%
  175s| 44900 |  5969 |  4763k| 106.1 |   347M |  38 | 290 |  78 |1178 |1825k|  2 | 118 |   0 | 0.000000e+00 | 6.902407e+03 |    Inf |  34.95%
  175s| 45000 |  5963 |  4776k| 106.1 |   348M |  38 | 290 |  78 |1214 |1829k|  3 | 118 |   0 | 0.000000e+00 | 6.902407e+03 |    Inf |  34.95%
 time | node  | left  |LP iter|LP it/n|mem/heur|mdpt |vars |cons |rows |cuts |sepa|confs|strbr|  dualbound   | primalbound  |  gap   | compl. 
  176s| 45100 |  5971 |  4789k| 106.2 |   348M |  38 | 290 |  78 |1291 |1833k|  3 | 118 |   0 | 0.000000e+00 | 6.902407e+03 |    Inf |  34.95%
  176s| 45200 |  5957 |  4801k| 106.2 |   348M |  38 | 290 |  78 |1253 |1836k|  1 | 119 |   0 | 0.000000e+00 | 6.902407e+03 |    Inf |  34.95%
  177s| 45300 |  5947 |  4815k| 106.3 |   348M |  38 | 290 |  78 |1252 |1840k|  1 | 119 |   0 | 0.000000e+00 | 6.902407e+03 |    Inf |  34.95%
  177s| 45400 |  5953 |  4827k| 106.3 |   348M |  38 | 290 |  78 |1283 |1843k|  2 | 120 |   0 | 0.000000e+00 | 6.902407e+03 |    Inf |  34.95%
  178s| 45500 |  5945 |  4839k| 106.4 |   348M |  38 | 290 |  78 |1190 |1847k|  2 | 120 |   0 | 0.000000e+00 | 6.902407e+03 |    Inf |  34.95%
  178s| 45600 |  5931 |  4851k| 106.4 |   348M |  38 | 290 |  78 |1313 |1851k|  2 | 120 |   0 | 0.000000e+00 | 6.902407e+03 |    Inf |  34.95%
  178s| 45700 |  5925 |  4864k| 106.4 |   348M |  38 | 290 |  78 |1364 |1855k|  4 | 121 |   0 | 0.000000e+00 | 6.902407e+03 |    Inf |  34.95%
  179s| 45800 |  5921 |  4877k| 106.5 |   348M |  38 | 290 |  78 |1218 |1858k|  2 | 121 |   0 | 0.000000e+00 | 6.902407e+03 |    Inf |  34.95%
  179s| 45900 |  5909 |  4891k| 106.6 |   348M |  38 | 290 |  78 |1254 |1862k|  1 | 121 |   0 | 0.000000e+00 | 6.902407e+03 |    Inf |  34.95%
  180s| 46000 |  5907 |  4904k| 106.6 |   348M |  38 | 290 |  78 |1257 |1865k|  1 | 121 |   0 | 0.000000e+00 | 6.902407e+03 |    Inf |  34.95%
  180s| 46100 |  5897 |  4917k| 106.7 |   348M |  38 | 290 |  78 |1365 |1869k|  4 | 121 |   0 | 0.000000e+00 | 6.902407e+03 |    Inf |  34.95%
  181s| 46200 |  5895 |  4930k| 106.7 |   348M |  38 | 290 |  78 |1472 |1873k|  2 | 121 |   0 | 0.000000e+00 | 6.902407e+03 |    Inf |  34.95%
  181s| 46300 |  5881 |  4946k| 106.8 |   348M |  39 | 290 |  78 |1373 |1876k|  3 | 121 |   0 | 0.000000e+00 | 6.902407e+03 |    Inf |  34.95%
  182s| 46400 |  5871 |  4959k| 106.9 |   348M |  39 | 290 |  78 |1317 |1880k|  3 | 121 |   0 | 0.000000e+00 | 6.902407e+03 |    Inf |  34.95%
  182s| 46500 |  5853 |  4973k| 107.0 |   348M |  39 | 290 |  78 |1387 |1883k|  1 | 121 |   0 | 0.000000e+00 | 6.902407e+03 |    Inf |  34.95%
 time | node  | left  |LP iter|LP it/n|mem/heur|mdpt |vars |cons |rows |cuts |sepa|confs|strbr|  dualbound   | primalbound  |  gap   | compl. 
  183s| 46600 |  5835 |  4987k| 107.0 |   348M |  39 | 290 |  78 |1151 |1887k|  3 | 122 |   0 | 0.000000e+00 | 6.902407e+03 |    Inf |  34.95%
  183s| 46700 |  5821 |  5000k| 107.1 |   348M |  39 | 290 |  78 |1432 |1890k|  1 | 122 |   0 | 0.000000e+00 | 6.902407e+03 |    Inf |  34.95%
  184s| 46800 |  5801 |  5012k| 107.1 |   349M |  39 | 290 |  78 |1031 |1894k|  3 | 122 |   0 | 0.000000e+00 | 6.902407e+03 |    Inf |  34.95%
  184s| 46900 |  5823 |  5021k| 107.1 |   349M |  39 | 290 |  78 |1005 |1898k|  2 | 122 |   0 | 0.000000e+00 | 6.902407e+03 |    Inf |  34.95%
  185s| 47000 |  5855 |  5035k| 107.1 |   349M |  39 | 290 |  78 | 907 |1904k|  4 | 122 |   0 | 0.000000e+00 | 6.902407e+03 |    Inf |  34.97%
  185s| 47100 |  5883 |  5047k| 107.2 |   353M |  39 | 290 |  78 |   0 |1909k|  0 | 122 |   0 | 0.000000e+00 | 6.902407e+03 |    Inf |  34.98%
  185s| 47200 |  5907 |  5059k| 107.2 |   353M |  39 | 290 |  78 | 997 |1914k|  3 | 122 |   0 | 0.000000e+00 | 6.902407e+03 |    Inf |  34.98%
  186s| 47300 |  5953 |  5071k| 107.2 |   355M |  39 | 290 |  78 | 976 |1919k|  4 | 122 |   0 | 0.000000e+00 | 6.902407e+03 |    Inf |  34.98%
  186s| 47400 |  5987 |  5082k| 107.2 |   355M |  39 | 290 |  78 | 867 |1924k|  3 | 122 |   0 | 0.000000e+00 | 6.902407e+03 |    Inf |  34.98%
  187s| 47500 |  6015 |  5093k| 107.2 |   357M |  39 | 290 |  78 | 990 |1929k|  3 | 122 |   0 | 0.000000e+00 | 6.902407e+03 |    Inf |  34.99%
  187s| 47600 |  6039 |  5104k| 107.2 |   358M |  39 | 290 |  78 | 842 |1933k|  3 | 122 |   0 | 0.000000e+00 | 6.902407e+03 |    Inf |  34.99%
  187s| 47700 |  6067 |  5115k| 107.2 |   360M |  39 | 290 |  78 |1050 |1937k|  2 | 122 |   0 | 0.000000e+00 | 6.902407e+03 |    Inf |  34.99%
  188s| 47800 |  6103 |  5127k| 107.3 |   360M |  39 | 290 |  78 |1025 |1942k|  3 | 123 |   0 | 0.000000e+00 | 6.902407e+03 |    Inf |  34.99%
  188s| 47900 |  6135 |  5137k| 107.3 |   360M |  39 | 290 |  78 | 878 |1947k|  2 | 123 |   0 | 0.000000e+00 | 6.902407e+03 |    Inf |  34.99%
  189s| 48000 |  6153 |  5149k| 107.3 |   363M |  39 | 290 |  78 |1016 |1951k|  2 | 123 |   0 | 0.000000e+00 | 6.902407e+03 |    Inf |  34.99%
 time | node  | left  |LP iter|LP it/n|mem/heur|mdpt |vars |cons |rows |cuts |sepa|confs|strbr|  dualbound   | primalbound  |  gap   | compl. 
  189s| 48100 |  6189 |  5159k| 107.3 |   363M |  39 | 290 |  78 |1054 |1955k|  2 | 123 |   0 | 0.000000e+00 | 6.902407e+03 |    Inf |  34.99%
  189s| 48200 |  6219 |  5171k| 107.3 |   363M |  39 | 290 |  78 | 970 |1959k|  4 | 123 |   0 | 0.000000e+00 | 6.902407e+03 |    Inf |  34.99%
  190s| 48300 |  6237 |  5180k| 107.2 |   365M |  39 | 290 |  78 | 925 |1963k|  3 | 123 |   0 | 0.000000e+00 | 6.902407e+03 |    Inf |  34.99%
  190s| 48400 |  6269 |  5192k| 107.3 |   366M |  39 | 290 |  78 | 961 |1967k|  3 | 123 |   0 | 0.000000e+00 | 6.902407e+03 |    Inf |  34.99%
  191s| 48500 |  6295 |  5205k| 107.3 |   367M |  39 | 290 |  78 |1169 |1972k|  1 | 123 |   0 | 0.000000e+00 | 6.902407e+03 |    Inf |  34.99%
  191s| 48600 |  6317 |  5217k| 107.3 |   368M |  39 | 290 |  78 |1060 |1977k|  4 | 123 |   0 | 0.000000e+00 | 6.902407e+03 |    Inf |  34.99%
  192s| 48700 |  6329 |  5233k| 107.4 |   370M |  39 | 290 |  78 |1090 |1982k|  1 | 123 |   0 | 0.000000e+00 | 6.902407e+03 |    Inf |  34.99%
  192s| 48800 |  6355 |  5244k| 107.5 |   371M |  39 | 290 |  78 | 990 |1986k|  1 | 123 |   0 | 0.000000e+00 | 6.902407e+03 |    Inf |  34.99%
  193s| 48900 |  6367 |  5257k| 107.5 |   372M |  39 | 290 |  78 |1281 |1991k|  3 | 123 |   0 | 0.000000e+00 | 6.902407e+03 |    Inf |  35.01%
  193s| 49000 |  6383 |  5270k| 107.6 |   373M |  39 | 290 |  78 | 920 |1996k|  3 | 123 |   0 | 0.000000e+00 | 6.902407e+03 |    Inf |  35.01%
  193s| 49100 |  6389 |  5283k| 107.6 |   374M |  39 | 290 |  78 |1080 |2000k|  3 | 123 |   0 | 0.000000e+00 | 6.902407e+03 |    Inf |  35.01%
  194s| 49200 |  6401 |  5292k| 107.6 |   375M |  39 | 290 |  78 | 986 |2004k|  3 | 123 |   0 | 0.000000e+00 | 6.902407e+03 |    Inf |  35.01%
  194s| 49300 |  6423 |  5306k| 107.6 |   375M |  39 | 290 |  78 |1112 |2009k|  1 | 124 |   0 | 0.000000e+00 | 6.902407e+03 |    Inf |  35.01%
  195s| 49400 |  6439 |  5318k| 107.6 |   378M |  39 | 290 |  78 | 979 |2013k|  4 | 124 |   0 | 0.000000e+00 | 6.902407e+03 |    Inf |  35.01%
  195s| 49500 |  6455 |  5330k| 107.7 |   379M |  39 | 290 |  78 |1232 |2018k|  3 | 125 |   0 | 0.000000e+00 | 6.902407e+03 |    Inf |  35.01%
 time | node  | left  |LP iter|LP it/n|mem/heur|mdpt |vars |cons |rows |cuts |sepa|confs|strbr|  dualbound   | primalbound  |  gap   | compl. 
  196s| 49600 |  6463 |  5344k| 107.7 |   379M |  39 | 290 |  78 |1058 |2022k|  3 | 125 |   0 | 0.000000e+00 | 6.902407e+03 |    Inf |  35.01%
  196s| 49700 |  6473 |  5356k| 107.8 |   381M |  39 | 290 |  78 |1113 |2027k|  3 | 125 |   0 | 0.000000e+00 | 6.902407e+03 |    Inf |  35.01%
  197s| 49800 |  6495 |  5368k| 107.8 |   381M |  39 | 290 |  78 |1174 |2031k|  3 | 125 |   0 | 0.000000e+00 | 6.902407e+03 |    Inf |  35.01%
  197s| 49900 |  6495 |  5383k| 107.9 |   382M |  39 | 290 |  78 |1034 |2036k|  2 | 125 |   0 | 0.000000e+00 | 6.902407e+03 |    Inf |  35.01%
  197s| 50000 |  6501 |  5394k| 107.9 |   383M |  39 | 290 |  78 |1116 |2040k|  2 | 125 |   0 | 0.000000e+00 | 6.902407e+03 |    Inf |  35.01%
  198s| 50100 |  6507 |  5403k| 107.9 |   383M |  39 | 290 |  78 |1054 |2044k|  3 | 125 |   0 | 0.000000e+00 | 6.902407e+03 |    Inf |  35.01%
  198s| 50200 |  6511 |  5416k| 107.9 |   384M |  39 | 290 |  78 |1169 |2048k|  4 | 125 |   0 | 0.000000e+00 | 6.902407e+03 |    Inf |  35.01%
  199s| 50300 |  6525 |  5427k| 107.9 |   384M |  39 | 290 |  78 |1083 |2052k|  4 | 126 |   0 | 0.000000e+00 | 6.902407e+03 |    Inf |  35.01%
  199s| 50400 |  6523 |  5439k| 107.9 |   386M |  39 | 290 |  78 |1175 |2056k|  1 | 126 |   0 | 0.000000e+00 | 6.902407e+03 |    Inf |  35.01%
  200s| 50500 |  6523 |  5454k| 108.0 |   386M |  39 | 290 |  78 |1105 |2061k|  3 | 126 |   0 | 0.000000e+00 | 6.902407e+03 |    Inf |  35.01%
  200s| 50600 |  6533 |  5466k| 108.0 |   386M |  39 | 290 |  78 |1149 |2065k|  2 | 126 |   0 | 0.000000e+00 | 6.902407e+03 |    Inf |  35.01%
  201s| 50700 |  6541 |  5480k| 108.1 |   388M |  39 | 290 |  78 |1182 |2069k|  3 | 126 |   0 | 0.000000e+00 | 6.902407e+03 |    Inf |  35.01%
  201s| 50800 |  6537 |  5494k| 108.1 |   388M |  39 | 290 |  78 |1126 |2074k|  1 | 126 |   0 | 0.000000e+00 | 6.902407e+03 |    Inf |  35.01%
  202s| 50900 |  6545 |  5508k| 108.2 |   389M |  39 | 290 |  78 |1225 |2078k|  4 | 126 |   0 | 0.000000e+00 | 6.902407e+03 |    Inf |  35.01%
  202s| 51000 |  6541 |  5521k| 108.3 |   390M |  39 | 290 |  78 |1211 |2082k|  2 | 126 |   0 | 0.000000e+00 | 6.902407e+03 |    Inf |  35.01%
 time | node  | left  |LP iter|LP it/n|mem/heur|mdpt |vars |cons |rows |cuts |sepa|confs|strbr|  dualbound   | primalbound  |  gap   | compl. 
  203s| 51100 |  6531 |  5533k| 108.3 |   391M |  39 | 290 |  78 |1231 |2086k|  1 | 128 |   0 | 0.000000e+00 | 6.902407e+03 |    Inf |  35.01%
  203s| 51200 |  6517 |  5545k| 108.3 |   391M |  39 | 290 |  78 |1219 |2091k|  1 | 128 |   0 | 0.000000e+00 | 6.902407e+03 |    Inf |  35.01%
  203s| 51300 |  6507 |  5559k| 108.4 |   391M |  39 | 290 |  78 |1176 |2096k|  3 | 128 |   0 | 0.000000e+00 | 6.902407e+03 |    Inf |  35.01%
  204s| 51400 |  6495 |  5574k| 108.4 |   391M |  39 | 290 |  78 |1388 |2100k|  3 | 128 |   0 | 0.000000e+00 | 6.902407e+03 |    Inf |  35.01%
  204s| 51500 |  6481 |  5584k| 108.4 |   391M |  39 | 290 |  78 |1114 |2104k|  1 | 128 |   0 | 0.000000e+00 | 6.902407e+03 |    Inf |  35.01%
  205s| 51600 |  6471 |  5598k| 108.5 |   391M |  39 | 290 |  78 |1283 |2108k|  1 | 128 |   0 | 0.000000e+00 | 6.902407e+03 |    Inf |  35.01%
  205s| 51700 |  6475 |  5610k| 108.5 |   391M |  39 | 290 |  78 |1192 |2112k|  4 | 128 |   0 | 0.000000e+00 | 6.902407e+03 |    Inf |  35.01%
  206s| 51800 |  6453 |  5623k| 108.5 |   391M |  39 | 290 |  78 |1312 |2116k|  3 | 128 |   0 | 0.000000e+00 | 6.902407e+03 |    Inf |  35.01%
  206s| 51900 |  6435 |  5636k| 108.6 |   391M |  39 | 290 |  78 |1189 |2120k|  1 | 128 |   0 | 0.000000e+00 | 6.902407e+03 |    Inf |  35.01%
  207s| 52000 |  6415 |  5649k| 108.6 |   391M |  39 | 290 |  78 |1338 |2124k|  3 | 128 |   0 | 0.000000e+00 | 6.902407e+03 |    Inf |  35.01%
  207s| 52100 |  6401 |  5659k| 108.6 |   391M |  39 | 290 |  78 |1300 |2127k|  1 | 128 |   0 | 0.000000e+00 | 6.902407e+03 |    Inf |  35.06%
  207s| 52200 |  6405 |  5670k| 108.6 |   391M |  39 | 290 |  78 | 845 |2131k|  4 | 128 |   0 | 0.000000e+00 | 6.902407e+03 |    Inf |  35.10%
  208s| 52300 |  6419 |  5680k| 108.6 |   391M |  39 | 290 |  78 |1132 |2136k|  1 | 128 |   0 | 0.000000e+00 | 6.902407e+03 |    Inf |  35.12%
  208s| 52400 |  6419 |  5690k| 108.6 |   392M |  39 | 290 |  78 |1190 |2139k|  1 | 130 |   0 | 0.000000e+00 | 6.902407e+03 |    Inf |  35.16%
  209s| 52500 |  6399 |  5699k| 108.6 |   392M |  39 | 290 |  78 | 961 |2143k|  4 | 132 |   0 | 0.000000e+00 | 6.902407e+03 |    Inf |  35.29%
 time | node  | left  |LP iter|LP it/n|mem/heur|mdpt |vars |cons |rows |cuts |sepa|confs|strbr|  dualbound   | primalbound  |  gap   | compl. 
  209s| 52600 |  6403 |  5710k| 108.6 |   392M |  39 | 290 |  78 |1199 |2147k|  1 | 133 |   0 | 0.000000e+00 | 6.902407e+03 |    Inf |  35.34%
  209s| 52700 |  6455 |  5721k| 108.6 |   392M |  39 | 290 |  78 |1102 |2151k|  1 | 133 |   0 | 0.000000e+00 | 6.902407e+03 |    Inf |  35.35%
  210s| 52800 |  6481 |  5729k| 108.5 |   393M |  39 | 290 |  78 | 857 |2155k|  2 | 134 |   0 | 0.000000e+00 | 6.902407e+03 |    Inf |  35.35%
  210s| 52900 |  6501 |  5739k| 108.5 |   394M |  39 | 290 |  78 |1006 |2158k|  2 | 134 |   0 | 0.000000e+00 | 6.902407e+03 |    Inf |  35.35%
  210s| 53000 |  6497 |  5750k| 108.5 |   394M |  39 | 290 |  78 | 980 |2163k|  1 | 134 |   0 | 0.000000e+00 | 6.902407e+03 |    Inf |  35.35%
  211s| 53100 |  6489 |  5760k| 108.5 |   394M |  39 | 290 |  78 |1122 |2166k|  1 | 134 |   0 | 0.000000e+00 | 6.902407e+03 |    Inf |  35.35%
  211s| 53200 |  6499 |  5770k| 108.5 |   394M |  39 | 290 |  78 |1099 |2170k|  1 | 134 |   0 | 0.000000e+00 | 6.902407e+03 |    Inf |  35.37%
  211s| 53300 |  6511 |  5780k| 108.5 |   394M |  39 | 290 |  78 |1086 |2174k|  3 | 134 |   0 | 0.000000e+00 | 6.902407e+03 |    Inf |  35.37%
  212s| 53400 |  6495 |  5791k| 108.4 |   394M |  39 | 290 |  78 | 864 |2178k|  1 | 136 |   0 | 0.000000e+00 | 6.902407e+03 |    Inf |  35.48%
  212s| 53500 |  6479 |  5801k| 108.4 |   394M |  39 | 290 |  78 |1106 |2181k|  1 | 136 |   0 | 0.000000e+00 | 6.902407e+03 |    Inf |  35.57%
  213s| 53600 |  6477 |  5810k| 108.4 |   394M |  39 | 290 |  78 | 683 |2185k|  3 | 137 |   0 | 0.000000e+00 | 6.902407e+03 |    Inf |  35.63%
  213s| 53700 |  6477 |  5820k| 108.4 |   394M |  39 | 290 |  78 | 684 |2189k|  4 | 137 |   0 | 0.000000e+00 | 6.902407e+03 |    Inf |  35.69%
  213s| 53800 |  6473 |  5831k| 108.4 |   394M |  39 | 290 |  78 |1004 |2192k|  1 | 137 |   0 | 0.000000e+00 | 6.902407e+03 |    Inf |  35.80%
  214s| 53900 |  6479 |  5844k| 108.4 |   395M |  39 | 290 |  78 |1249 |2197k|  1 | 138 |   0 | 0.000000e+00 | 6.902407e+03 |    Inf |  35.83%
  214s| 54000 |  6471 |  5856k| 108.4 |   397M |  39 | 290 |  78 |1060 |2200k|  3 | 139 |   0 | 0.000000e+00 | 6.902407e+03 |    Inf |  35.92%
 time | node  | left  |LP iter|LP it/n|mem/heur|mdpt |vars |cons |rows |cuts |sepa|confs|strbr|  dualbound   | primalbound  |  gap   | compl. 
  215s| 54100 |  6459 |  5867k| 108.4 |   397M |  39 | 290 |  78 |1076 |2204k|  3 | 139 |   0 | 0.000000e+00 | 6.902407e+03 |    Inf |  35.98%
  215s| 54200 |  6451 |  5879k| 108.5 |   397M |  39 | 290 |  78 | 954 |2208k|  5 | 140 |   0 | 0.000000e+00 | 6.902407e+03 |    Inf |  36.08%
  215s| 54300 |  6437 |  5891k| 108.5 |   397M |  39 | 290 |  78 | 945 |2213k|  2 | 141 |   0 | 0.000000e+00 | 6.902407e+03 |    Inf |  36.16%
  216s| 54400 |  6421 |  5903k| 108.5 |   397M |  39 | 290 |  78 |   0 |2217k|  0 | 142 |   0 | 0.000000e+00 | 6.902407e+03 |    Inf |  36.32%
  216s| 54500 |  6421 |  5913k| 108.5 |   397M |  39 | 290 |  78 | 795 |2221k|  4 | 143 |   0 | 0.000000e+00 | 6.902407e+03 |    Inf |  36.38%
  217s| 54600 |  6419 |  5923k| 108.5 |   397M |  39 | 290 |  78 |1166 |2225k|  3 | 143 |   0 | 0.000000e+00 | 6.902407e+03 |    Inf |  36.44%
  217s| 54700 |  6421 |  5932k| 108.5 |   397M |  39 | 290 |  78 |1068 |2228k|  4 | 143 |   0 | 0.000000e+00 | 6.902407e+03 |    Inf |  36.48%
  217s| 54800 |  6421 |  5945k| 108.5 |   397M |  39 | 290 |  78 |1073 |2232k|  3 | 143 |   0 | 0.000000e+00 | 6.902407e+03 |    Inf |  36.49%
  218s| 54900 |  6403 |  5956k| 108.5 |   397M |  39 | 290 |  78 |1258 |2236k|  4 | 143 |   0 | 0.000000e+00 | 6.902407e+03 |    Inf |  36.57%
  218s| 55000 |  6407 |  5967k| 108.5 |   398M |  39 | 290 |  78 |1083 |2240k|  3 | 144 |   0 | 0.000000e+00 | 6.902407e+03 |    Inf |  36.64%
  219s| 55100 |  6419 |  5978k| 108.5 |   398M |  39 | 290 |  78 | 968 |2245k|  4 | 144 |   0 | 0.000000e+00 | 6.902407e+03 |    Inf |  36.69%
  219s| 55200 |  6435 |  5988k| 108.5 |   398M |  39 | 290 |  78 |1044 |2249k|  3 | 144 |   0 | 0.000000e+00 | 6.902407e+03 |    Inf |  36.69%
  219s| 55300 |  6429 |  5999k| 108.5 |   398M |  39 | 290 |  78 |1167 |2252k|  3 | 144 |   0 | 0.000000e+00 | 6.902407e+03 |    Inf |  36.69%
  220s| 55400 |  6445 |  6009k| 108.5 |   398M |  39 | 290 |  78 |1005 |2256k|  1 | 144 |   0 | 0.000000e+00 | 6.902407e+03 |    Inf |  36.73%
  220s| 55500 |  6453 |  6017k| 108.4 |   399M |  39 | 290 |  78 |1172 |2260k|  4 | 145 |   0 | 0.000000e+00 | 6.902407e+03 |    Inf |  36.74%
 time | node  | left  |LP iter|LP it/n|mem/heur|mdpt |vars |cons |rows |cuts |sepa|confs|strbr|  dualbound   | primalbound  |  gap   | compl. 
  220s| 55600 |  6437 |  6028k| 108.4 |   399M |  39 | 290 |  78 | 933 |2264k|  3 | 145 |   0 | 0.000000e+00 | 6.902407e+03 |    Inf |  36.83%
  221s| 55700 |  6441 |  6037k| 108.4 |   399M |  39 | 290 |  78 |1058 |2267k|  1 | 145 |   0 | 0.000000e+00 | 6.902407e+03 |    Inf |  36.89%
  221s| 55800 |  6443 |  6051k| 108.4 |   399M |  39 | 290 |  78 |1325 |2271k|  3 | 145 |   0 | 0.000000e+00 | 6.902407e+03 |    Inf |  36.89%
  222s| 55900 |  6445 |  6062k| 108.4 |   399M |  39 | 290 |  78 | 967 |2275k|  1 | 145 |   0 | 0.000000e+00 | 6.902407e+03 |    Inf |  37.04%
  222s| 56000 |  6447 |  6070k| 108.4 |   399M |  39 | 290 |  78 |1010 |2278k|  3 | 145 |   0 | 0.000000e+00 | 6.902407e+03 |    Inf |  37.04%
  222s| 56100 |  6439 |  6080k| 108.4 |   399M |  39 | 290 |  78 |1061 |2282k|  4 | 145 |   0 | 0.000000e+00 | 6.902407e+03 |    Inf |  37.10%
  223s| 56200 |  6443 |  6090k| 108.4 |   400M |  39 | 290 |  78 |1057 |2286k|  3 | 145 |   0 | 0.000000e+00 | 6.902407e+03 |    Inf |  37.10%
  223s| 56300 |  6437 |  6100k| 108.4 |   400M |  39 | 290 |  78 |1058 |2290k|  3 | 145 |   0 | 0.000000e+00 | 6.902407e+03 |    Inf |  37.15%
  224s| 56400 |  6415 |  6113k| 108.4 |   400M |  39 | 290 |  78 |1219 |2295k|  1 | 145 |   0 | 0.000000e+00 | 6.902407e+03 |    Inf |  37.28%
  224s| 56500 |  6435 |  6124k| 108.4 |   400M |  39 | 290 |  78 |1170 |2299k|  3 | 145 |   0 | 0.000000e+00 | 6.902407e+03 |    Inf |  37.33%
  224s| 56600 |  6449 |  6135k| 108.4 |   400M |  39 | 290 |  78 |1199 |2303k|  4 | 145 |   0 | 0.000000e+00 | 6.902407e+03 |    Inf |  37.33%
  225s| 56700 |  6437 |  6147k| 108.4 |   400M |  39 | 290 |  78 |1191 |2306k|  2 | 145 |   0 | 0.000000e+00 | 6.902407e+03 |    Inf |  37.33%
  225s| 56800 |  6437 |  6159k| 108.4 |   400M |  39 | 290 |  78 |1307 |2310k|  1 | 145 |   0 | 0.000000e+00 | 6.902407e+03 |    Inf |  37.36%
  226s| 56900 |  6427 |  6168k| 108.4 |   400M |  39 | 290 |  78 |1104 |2314k|  1 | 145 |   0 | 0.000000e+00 | 6.902407e+03 |    Inf |  37.38%
  226s| 57000 |  6421 |  6180k| 108.4 |   400M |  39 | 290 |  78 | 968 |2318k|  1 | 145 |   0 | 0.000000e+00 | 6.902407e+03 |    Inf |  37.41%
 time | node  | left  |LP iter|LP it/n|mem/heur|mdpt |vars |cons |rows |cuts |sepa|confs|strbr|  dualbound   | primalbound  |  gap   | compl. 
  226s| 57100 |  6419 |  6191k| 108.4 |   400M |  39 | 290 |  78 |1072 |2321k|  2 | 145 |   0 | 0.000000e+00 | 6.902407e+03 |    Inf |  37.49%
  227s| 57200 |  6411 |  6201k| 108.4 |   400M |  39 | 290 |  78 | 959 |2325k|  1 | 145 |   0 | 0.000000e+00 | 6.902407e+03 |    Inf |  37.51%
  227s| 57300 |  6405 |  6212k| 108.4 |   400M |  39 | 290 |  78 |1059 |2329k|  2 | 145 |   0 | 0.000000e+00 | 6.902407e+03 |    Inf |  37.56%
  228s| 57400 |  6399 |  6222k| 108.4 |   400M |  39 | 290 |  78 |1014 |2332k|  3 | 145 |   0 | 0.000000e+00 | 6.902407e+03 |    Inf |  37.57%
  228s| 57500 |  6385 |  6231k| 108.4 |   400M |  39 | 290 |  78 |1164 |2336k|  1 | 146 |   0 | 0.000000e+00 | 6.902407e+03 |    Inf |  37.68%
  228s| 57600 |  6379 |  6241k| 108.4 |   400M |  39 | 290 |  78 |1124 |2339k|  1 | 148 |   0 | 0.000000e+00 | 6.902407e+03 |    Inf |  37.73%
  229s| 57700 |  6377 |  6251k| 108.3 |   400M |  39 | 290 |  78 |1177 |2343k|  4 | 149 |   0 | 0.000000e+00 | 6.902407e+03 |    Inf |  37.80%
  229s| 57800 |  6387 |  6263k| 108.4 |   400M |  39 | 290 |  78 | 790 |2347k|  2 | 149 |   0 | 0.000000e+00 | 6.902407e+03 |    Inf |  37.83%
  230s| 57900 |  6417 |  6272k| 108.3 |   401M |  39 | 290 |  78 |1085 |2352k|  1 | 149 |   0 | 0.000000e+00 | 6.902407e+03 |    Inf |  37.83%
  230s| 58000 |  6423 |  6281k| 108.3 |   402M |  39 | 290 |  78 |1096 |2356k|  3 | 149 |   0 | 0.000000e+00 | 6.902407e+03 |    Inf |  37.86%
  230s| 58100 |  6401 |  6294k| 108.3 |   402M |  39 | 290 |  78 |1380 |2360k|  3 | 149 |   0 | 0.000000e+00 | 6.902407e+03 |    Inf |  37.97%
  231s| 58200 |  6381 |  6305k| 108.3 |   402M |  39 | 290 |  78 |1076 |2364k|  2 | 149 |   0 | 0.000000e+00 | 6.902407e+03 |    Inf |  38.07%
  231s| 58300 |  6369 |  6315k| 108.3 |   402M |  39 | 290 |  78 |1163 |2367k|  1 | 151 |   0 | 0.000000e+00 | 6.902407e+03 |    Inf |  38.20%
  231s| 58400 |  6373 |  6324k| 108.3 |   402M |  39 | 290 |  78 |1165 |2371k|  3 | 153 |   0 | 0.000000e+00 | 6.902407e+03 |    Inf |  38.26%
  232s| 58500 |  6367 |  6338k| 108.3 |   402M |  39 | 290 |  78 |   0 |2375k|  0 | 153 |   0 | 0.000000e+00 | 6.902407e+03 |    Inf |  38.26%
 time | node  | left  |LP iter|LP it/n|mem/heur|mdpt |vars |cons |rows |cuts |sepa|confs|strbr|  dualbound   | primalbound  |  gap   | compl. 
  232s| 58600 |  6353 |  6348k| 108.3 |   402M |  39 | 290 |  78 |1011 |2379k|  2 | 153 |   0 | 0.000000e+00 | 6.902407e+03 |    Inf |  38.33%
  233s| 58700 |  6345 |  6358k| 108.3 |   402M |  39 | 290 |  78 |1087 |2382k|  3 | 153 |   0 | 0.000000e+00 | 6.902407e+03 |    Inf |  38.39%
  233s| 58800 |  6337 |  6368k| 108.3 |   402M |  39 | 290 |  78 |1213 |2386k|  1 | 153 |   0 | 0.000000e+00 | 6.902407e+03 |    Inf |  38.48%
  234s| 58900 |  6319 |  6380k| 108.3 |   402M |  39 | 290 |  78 |1043 |2390k|  1 | 153 |   0 | 0.000000e+00 | 6.902407e+03 |    Inf |  38.63%
  234s| 59000 |  6327 |  6391k| 108.3 |   402M |  39 | 290 |  78 | 994 |2394k|  4 | 155 |   0 | 0.000000e+00 | 6.902407e+03 |    Inf |  38.66%
  234s| 59100 |  6347 |  6404k| 108.4 |   402M |  39 | 290 |  78 |1274 |2398k|  3 | 155 |   0 | 0.000000e+00 | 6.902407e+03 |    Inf |  38.66%
  235s| 59200 |  6349 |  6420k| 108.4 |   402M |  39 | 290 |  78 | 946 |2403k|  3 | 155 |   0 | 0.000000e+00 | 6.902407e+03 |    Inf |  38.66%
  235s| 59300 |  6333 |  6430k| 108.4 |   402M |  39 | 290 |  78 |1106 |2407k|  2 | 155 |   0 | 0.000000e+00 | 6.902407e+03 |    Inf |  38.76%
  236s| 59400 |  6331 |  6442k| 108.4 |   402M |  39 | 290 |  78 | 884 |2411k|  4 | 155 |   0 | 0.000000e+00 | 6.902407e+03 |    Inf |  38.87%
  236s| 59500 |  6381 |  6451k| 108.4 |   402M |  39 | 290 |  78 | 911 |2415k|  3 | 155 |   0 | 0.000000e+00 | 6.902407e+03 |    Inf |  38.87%
  236s| 59600 |  6405 |  6460k| 108.4 |   402M |  39 | 290 |  78 |1100 |2419k|  1 | 155 |   0 | 0.000000e+00 | 6.902407e+03 |    Inf |  38.87%
  237s| 59700 |  6417 |  6471k| 108.4 |   403M |  39 | 290 |  78 | 992 |2423k|  2 | 156 |   0 | 0.000000e+00 | 6.902407e+03 |    Inf |  38.87%
  237s| 59800 |  6417 |  6483k| 108.4 |   403M |  39 | 290 |  78 |1023 |2427k|  4 | 156 |   0 | 0.000000e+00 | 6.902407e+03 |    Inf |  38.87%
  237s| 59900 |  6399 |  6492k| 108.4 |   403M |  39 | 290 |  78 |1030 |2430k|  3 | 158 |   0 | 0.000000e+00 | 6.902407e+03 |    Inf |  38.89%
  238s| 60000 |  6401 |  6500k| 108.3 |   403M |  39 | 290 |  78 | 961 |2434k|  3 | 160 |   0 | 0.000000e+00 | 6.902407e+03 |    Inf |  38.99%
 time | node  | left  |LP iter|LP it/n|mem/heur|mdpt |vars |cons |rows |cuts |sepa|confs|strbr|  dualbound   | primalbound  |  gap   | compl. 
  238s| 60100 |  6399 |  6509k| 108.3 |   403M |  39 | 290 |  78 |1108 |2437k|  4 | 162 |   0 | 0.000000e+00 | 6.902407e+03 |    Inf |  39.05%
  239s| 60200 |  6383 |  6518k| 108.3 |   403M |  39 | 290 |  78 |1142 |2441k|  3 | 162 |   0 | 0.000000e+00 | 6.902407e+03 |    Inf |  39.22%
  239s| 60300 |  6369 |  6530k| 108.3 |   403M |  39 | 290 |  78 |1112 |2445k|  4 | 164 |   0 | 0.000000e+00 | 6.902407e+03 |    Inf |  39.33%
  239s| 60400 |  6365 |  6542k| 108.3 |   404M |  39 | 290 |  78 |1034 |2449k|  2 | 164 |   0 | 0.000000e+00 | 6.902407e+03 |    Inf |  39.40%
  240s| 60500 |  6361 |  6553k| 108.3 |   404M |  39 | 290 |  78 |1130 |2454k|  4 | 165 |   0 | 0.000000e+00 | 6.902407e+03 |    Inf |  39.40%
  240s| 60600 |  6359 |  6567k| 108.4 |   404M |  39 | 290 |  78 |1231 |2458k|  3 | 165 |   0 | 0.000000e+00 | 6.902407e+03 |    Inf |  39.43%
  241s| 60700 |  6351 |  6577k| 108.4 |   404M |  39 | 290 |  78 |1241 |2462k|  4 | 165 |   0 | 0.000000e+00 | 6.902407e+03 |    Inf |  39.53%
  241s| 60800 |  6355 |  6588k| 108.4 |   404M |  39 | 290 |  78 |1218 |2466k|  3 | 165 |   0 | 0.000000e+00 | 6.902407e+03 |    Inf |  39.60%
  241s| 60900 |  6343 |  6600k| 108.4 |   404M |  39 | 290 |  78 |1012 |2470k|  4 | 168 |   0 | 0.000000e+00 | 6.902407e+03 |    Inf |  39.68%
  242s| 61000 |  6341 |  6609k| 108.4 |   404M |  39 | 290 |  78 |1129 |2473k|  2 | 168 |   0 | 0.000000e+00 | 6.902407e+03 |    Inf |  39.71%
  242s| 61100 |  6321 |  6619k| 108.3 |   404M |  39 | 290 |  78 |1136 |2477k|  1 | 168 |   0 | 0.000000e+00 | 6.902407e+03 |    Inf |  39.81%
  242s| 61200 |  6321 |  6630k| 108.3 |   404M |  39 | 290 |  78 |1018 |2481k|  3 | 168 |   0 | 0.000000e+00 | 6.902407e+03 |    Inf |  39.87%
  243s| 61300 |  6313 |  6643k| 108.4 |   404M |  39 | 290 |  78 |1158 |2485k|  2 | 170 |   0 | 0.000000e+00 | 6.902407e+03 |    Inf |  39.94%
  243s| 61400 |  6317 |  6653k| 108.4 |   404M |  39 | 290 |  78 |1077 |2489k|  3 | 170 |   0 | 0.000000e+00 | 6.902407e+03 |    Inf |  39.94%
  244s| 61500 |  6321 |  6662k| 108.3 |   404M |  39 | 290 |  78 |1043 |2493k|  2 | 171 |   0 | 0.000000e+00 | 6.902407e+03 |    Inf |  40.05%
 time | node  | left  |LP iter|LP it/n|mem/heur|mdpt |vars |cons |rows |cuts |sepa|confs|strbr|  dualbound   | primalbound  |  gap   | compl. 
  244s| 61600 |  6315 |  6667k| 108.2 |   404M |  39 | 290 |  78 |1113 |2496k|  2 | 171 |   0 | 0.000000e+00 | 6.902407e+03 |    Inf |  40.05%
  244s| 61700 |  6303 |  6677k| 108.2 |   404M |  39 | 290 |  78 |1233 |2499k|  1 | 172 |   0 | 0.000000e+00 | 6.902407e+03 |    Inf |  40.11%
  245s| 61800 |  6285 |  6688k| 108.2 |   404M |  39 | 290 |  78 | 936 |2503k|  3 | 172 |   0 | 0.000000e+00 | 6.902407e+03 |    Inf |  40.29%
  245s| 61900 |  6291 |  6697k| 108.2 |   404M |  39 | 290 |  78 |1033 |2507k|  3 | 172 |   0 | 0.000000e+00 | 6.902407e+03 |    Inf |  40.29%
  245s| 62000 |  6289 |  6710k| 108.2 |   404M |  39 | 290 |  78 |1072 |2511k|  3 | 172 |   0 | 0.000000e+00 | 6.902407e+03 |    Inf |  40.34%
  246s| 62100 |  6279 |  6722k| 108.2 |   404M |  39 | 290 |  78 |1331 |2515k|  2 | 172 |   0 | 0.000000e+00 | 6.902407e+03 |    Inf |  40.42%
  246s| 62200 |  6263 |  6732k| 108.2 |   404M |  39 | 290 |  78 | 794 |2519k|  4 | 172 |   0 | 0.000000e+00 | 6.902407e+03 |    Inf |  40.49%
  247s| 62300 |  6263 |  6741k| 108.2 |   404M |  39 | 290 |  78 | 955 |2522k|  3 | 173 |   0 | 0.000000e+00 | 6.902407e+03 |    Inf |  40.54%
  247s| 62400 |  6271 |  6750k| 108.2 |   404M |  39 | 290 |  78 |1051 |2526k|  1 | 175 |   0 | 0.000000e+00 | 6.902407e+03 |    Inf |  40.54%
  247s| 62500 |  6247 |  6760k| 108.2 |   404M |  39 | 290 |  78 |1099 |2530k|  1 | 177 |   0 | 0.000000e+00 | 6.902407e+03 |    Inf |  40.67%
  248s| 62600 |  6253 |  6772k| 108.2 |   404M |  39 | 290 |  78 |1035 |2535k|  2 | 178 |   0 | 0.000000e+00 | 6.902407e+03 |    Inf |  40.73%
  248s| 62700 |  6241 |  6784k| 108.2 |   404M |  39 | 290 |  78 |1057 |2539k|  2 | 178 |   0 | 0.000000e+00 | 6.902407e+03 |    Inf |  40.79%
  249s| 62800 |  6251 |  6791k| 108.1 |   404M |  39 | 290 |  78 | 999 |2543k|  2 | 178 |   0 | 0.000000e+00 | 6.902407e+03 |    Inf |  40.80%
  249s| 62900 |  6225 |  6803k| 108.2 |   404M |  39 | 290 |  78 |1130 |2547k|  1 | 178 |   0 | 0.000000e+00 | 6.902407e+03 |    Inf |  40.87%
  249s| 63000 |  6217 |  6813k| 108.2 |   404M |  39 | 290 |  78 |1105 |2550k|  5 | 178 |   0 | 0.000000e+00 | 6.902407e+03 |    Inf |  41.00%
 time | node  | left  |LP iter|LP it/n|mem/heur|mdpt |vars |cons |rows |cuts |sepa|confs|strbr|  dualbound   | primalbound  |  gap   | compl. 
  250s| 63100 |  6201 |  6825k| 108.2 |   404M |  39 | 290 |  78 | 950 |2555k|  1 | 178 |   0 | 0.000000e+00 | 6.902407e+03 |    Inf |  41.12%
  250s| 63200 |  6229 |  6835k| 108.2 |   404M |  39 | 290 |  78 |1198 |2559k|  3 | 178 |   0 | 0.000000e+00 | 6.902407e+03 |    Inf |  41.16%
  251s| 63300 |  6231 |  6844k| 108.1 |   404M |  39 | 290 |  78 |1287 |2562k|  2 | 179 |   0 | 0.000000e+00 | 6.902407e+03 |    Inf |  41.16%
  251s| 63400 |  6217 |  6853k| 108.1 |   404M |  39 | 290 |  78 |1065 |2565k|  2 | 179 |   0 | 0.000000e+00 | 6.902407e+03 |    Inf |  41.19%
  251s| 63500 |  6215 |  6864k| 108.1 |   404M |  39 | 290 |  78 |1155 |2569k|  1 | 179 |   0 | 0.000000e+00 | 6.902407e+03 |    Inf |  41.24%
  252s| 63600 |  6221 |  6872k| 108.0 |   404M |  39 | 290 |  78 | 934 |2573k|  3 | 179 |   0 | 0.000000e+00 | 6.902407e+03 |    Inf |  41.25%
  252s| 63700 |  6235 |  6881k| 108.0 |   404M |  39 | 290 |  78 |1038 |2577k|  1 | 179 |   0 | 0.000000e+00 | 6.902407e+03 |    Inf |  41.25%
  252s| 63800 |  6219 |  6890k| 108.0 |   404M |  39 | 290 |  78 |1021 |2580k|  1 | 179 |   0 | 0.000000e+00 | 6.902407e+03 |    Inf |  41.38%
  253s| 63900 |  6225 |  6900k| 108.0 |   404M |  39 | 290 |  78 | 677 |2583k|  3 | 179 |   0 | 0.000000e+00 | 6.902407e+03 |    Inf |  41.40%
  253s| 64000 |  6219 |  6910k| 108.0 |   404M |  39 | 290 |  78 |1178 |2587k|  1 | 179 |   0 | 0.000000e+00 | 6.902407e+03 |    Inf |  41.45%
  254s| 64100 |  6239 |  6920k| 108.0 |   405M |  39 | 290 |  78 |1108 |2591k|  3 | 179 |   0 | 0.000000e+00 | 6.902407e+03 |    Inf |  41.45%
  254s| 64200 |  6235 |  6930k| 107.9 |   405M |  39 | 290 |  78 |1016 |2595k|  2 | 179 |   0 | 0.000000e+00 | 6.902407e+03 |    Inf |  41.47%
  254s| 64300 |  6249 |  6937k| 107.9 |   405M |  39 | 290 |  78 |1132 |2599k|  4 | 179 |   0 | 0.000000e+00 | 6.902407e+03 |    Inf |  41.47%
  255s| 64400 |  6231 |  6945k| 107.8 |   405M |  39 | 290 |  78 |1214 |2603k|  1 | 179 |   0 | 0.000000e+00 | 6.902407e+03 |    Inf |  41.51%
  255s| 64500 |  6237 |  6957k| 107.9 |   405M |  39 | 290 |  78 | 853 |2607k|  2 | 180 |   0 | 0.000000e+00 | 6.902407e+03 |    Inf |  41.51%
 time | node  | left  |LP iter|LP it/n|mem/heur|mdpt |vars |cons |rows |cuts |sepa|confs|strbr|  dualbound   | primalbound  |  gap   | compl. 
  255s| 64600 |  6233 |  6968k| 107.9 |   405M |  39 | 290 |  78 |1127 |2610k|  1 | 180 |   0 | 0.000000e+00 | 6.902407e+03 |    Inf |  41.53%
  256s| 64700 |  6253 |  6978k| 107.8 |   405M |  39 | 290 |  78 | 965 |2615k|  3 | 181 |   0 | 0.000000e+00 | 6.902407e+03 |    Inf |  41.54%
  256s| 64800 |  6267 |  6987k| 107.8 |   406M |  39 | 290 |  78 |1163 |2618k|  3 | 181 |   0 | 0.000000e+00 | 6.902407e+03 |    Inf |  41.54%
  257s| 64900 |  6259 |  6997k| 107.8 |   406M |  39 | 290 |  78 |1203 |2622k|  2 | 181 |   0 | 0.000000e+00 | 6.902407e+03 |    Inf |  41.54%
  257s| 65000 |  6263 |  7008k| 107.8 |   407M |  39 | 290 |  78 |1351 |2626k|  3 | 182 |   0 | 0.000000e+00 | 6.902407e+03 |    Inf |  41.58%
  257s| 65100 |  6251 |  7019k| 107.8 |   407M |  39 | 290 |  78 | 983 |2630k|  3 | 183 |   0 | 0.000000e+00 | 6.902407e+03 |    Inf |  41.62%
  258s| 65200 |  6263 |  7028k| 107.8 |   407M |  39 | 290 |  78 |1125 |2633k|  1 | 183 |   0 | 0.000000e+00 | 6.902407e+03 |    Inf |  41.69%
  258s| 65300 |  6255 |  7037k| 107.8 |   407M |  39 | 290 |  78 |1074 |2637k|  1 | 184 |   0 | 0.000000e+00 | 6.902407e+03 |    Inf |  41.72%
  258s| 65400 |  6293 |  7046k| 107.7 |   409M |  39 | 290 |  78 | 862 |2642k|  5 | 184 |   0 | 0.000000e+00 | 6.902407e+03 |    Inf |  41.72%
  259s| 65500 |  6331 |  7056k| 107.7 |   411M |  39 | 290 |  78 | 862 |2646k|  2 | 184 |   0 | 0.000000e+00 | 6.902407e+03 |    Inf |  41.72%
  259s| 65600 |  6369 |  7065k| 107.7 |   411M |  39 | 290 |  78 |1044 |2650k|  3 | 184 |   0 | 0.000000e+00 | 6.902407e+03 |    Inf |  41.72%
  259s| 65700 |  6399 |  7074k| 107.7 |   412M |  39 | 290 |  78 | 946 |2654k|  1 | 184 |   0 | 0.000000e+00 | 6.902407e+03 |    Inf |  41.72%
  260s| 65800 |  6427 |  7083k| 107.6 |   413M |  39 | 290 |  78 | 982 |2658k|  3 | 184 |   0 | 0.000000e+00 | 6.902407e+03 |    Inf |  41.72%
  260s| 65900 |  6439 |  7094k| 107.6 |   413M |  39 | 290 |  78 |   0 |2662k|  0 | 184 |   0 | 0.000000e+00 | 6.902407e+03 |    Inf |  41.72%
  261s| 66000 |  6453 |  7103k| 107.6 |   414M |  39 | 290 |  78 |1005 |2665k|  1 | 184 |   0 | 0.000000e+00 | 6.902407e+03 |    Inf |  41.72%
 time | node  | left  |LP iter|LP it/n|mem/heur|mdpt |vars |cons |rows |cuts |sepa|confs|strbr|  dualbound   | primalbound  |  gap   | compl. 
  261s| 66100 |  6453 |  7113k| 107.6 |   414M |  39 | 290 |  78 | 994 |2669k|  3 | 184 |   0 | 0.000000e+00 | 6.902407e+03 |    Inf |  41.72%
  261s| 66200 |  6451 |  7123k| 107.6 |   415M |  39 | 290 |  78 |1009 |2673k|  1 | 185 |   0 | 0.000000e+00 | 6.902407e+03 |    Inf |  41.72%
  262s| 66300 |  6451 |  7132k| 107.6 |   415M |  39 | 290 |  78 |1070 |2676k|  2 | 185 |   0 | 0.000000e+00 | 6.902407e+03 |    Inf |  41.72%
  262s| 66400 |  6445 |  7144k| 107.6 |   415M |  39 | 290 |  78 |1012 |2680k|  3 | 186 |   0 | 0.000000e+00 | 6.902407e+03 |    Inf |  41.72%
  262s| 66500 |  6427 |  7155k| 107.6 |   415M |  39 | 290 |  78 |1010 |2684k|  2 | 186 |   0 | 0.000000e+00 | 6.902407e+03 |    Inf |  41.72%
  263s| 66600 |  6409 |  7163k| 107.6 |   415M |  39 | 290 |  78 | 990 |2687k|  2 | 186 |   0 | 0.000000e+00 | 6.902407e+03 |    Inf |  41.72%
  263s| 66700 |  6393 |  7173k| 107.5 |   415M |  39 | 290 |  78 |1080 |2691k|  3 | 186 |   0 | 0.000000e+00 | 6.902407e+03 |    Inf |  41.72%
  264s| 66800 |  6375 |  7182k| 107.5 |   415M |  39 | 290 |  78 |1058 |2695k|  4 | 187 |   0 | 0.000000e+00 | 6.902407e+03 |    Inf |  41.80%
  264s| 66900 |  6365 |  7193k| 107.5 |   415M |  39 | 290 |  78 |1033 |2699k|  1 | 187 |   0 | 0.000000e+00 | 6.902407e+03 |    Inf |  41.85%
  264s| 67000 |  6357 |  7203k| 107.5 |   415M |  39 | 290 |  78 |1012 |2702k|  0 | 187 |   0 | 0.000000e+00 | 6.902407e+03 |    Inf |  41.88%
  265s| 67100 |  6339 |  7212k| 107.5 |   415M |  39 | 290 |  78 | 979 |2706k|  1 | 187 |   0 | 0.000000e+00 | 6.902407e+03 |    Inf |  42.01%
  265s| 67200 |  6325 |  7226k| 107.5 |   415M |  39 | 290 |  78 | 998 |2710k|  2 | 187 |   0 | 0.000000e+00 | 6.902407e+03 |    Inf |  42.09%
  266s| 67300 |  6323 |  7238k| 107.5 |   415M |  39 | 290 |  78 |1013 |2715k|  3 | 188 |   0 | 0.000000e+00 | 6.902407e+03 |    Inf |  42.14%
  266s| 67400 |  6341 |  7247k| 107.5 |   415M |  39 | 290 |  78 | 999 |2718k|  2 | 188 |   0 | 0.000000e+00 | 6.902407e+03 |    Inf |  42.14%
  266s| 67500 |  6339 |  7257k| 107.5 |   415M |  39 | 290 |  78 |1091 |2722k|  1 | 188 |   0 | 0.000000e+00 | 6.902407e+03 |    Inf |  42.14%
 time | node  | left  |LP iter|LP it/n|mem/heur|mdpt |vars |cons |rows |cuts |sepa|confs|strbr|  dualbound   | primalbound  |  gap   | compl. 
  267s| 67600 |  6343 |  7267k| 107.5 |   415M |  39 | 290 |  78 |1082 |2725k|  3 | 188 |   0 | 0.000000e+00 | 6.902407e+03 |    Inf |  42.17%
  267s| 67700 |  6339 |  7277k| 107.5 |   415M |  39 | 290 |  78 |1195 |2729k|  4 | 188 |   0 | 0.000000e+00 | 6.902407e+03 |    Inf |  42.17%
  267s| 67800 |  6315 |  7290k| 107.5 |   415M |  39 | 290 |  78 | 999 |2733k|  3 | 190 |   0 | 0.000000e+00 | 6.902407e+03 |    Inf |  42.34%
  268s| 67900 |  6305 |  7299k| 107.5 |   415M |  39 | 290 |  78 |1154 |2736k|  1 | 190 |   0 | 0.000000e+00 | 6.902407e+03 |    Inf |  42.35%
  268s| 68000 |  6297 |  7308k| 107.5 |   415M |  39 | 290 |  78 |1149 |2740k|  6 | 190 |   0 | 0.000000e+00 | 6.902407e+03 |    Inf |  42.47%
  268s| 68100 |  6303 |  7318k| 107.5 |   415M |  39 | 290 |  78 | 980 |2744k|  3 | 190 |   0 | 0.000000e+00 | 6.902407e+03 |    Inf |  42.48%
  269s| 68200 |  6297 |  7331k| 107.5 |   416M |  39 | 290 |  78 | 805 |2748k|  2 | 190 |   0 | 0.000000e+00 | 6.902407e+03 |    Inf |  42.51%
  269s| 68300 |  6289 |  7342k| 107.5 |   416M |  39 | 290 |  78 |1190 |2752k|  4 | 190 |   0 | 0.000000e+00 | 6.902407e+03 |    Inf |  42.63%
  270s| 68400 |  6283 |  7354k| 107.5 |   416M |  39 | 290 |  78 |1264 |2755k|  1 | 190 |   0 | 0.000000e+00 | 6.902407e+03 |    Inf |  42.68%
  270s| 68500 |  6275 |  7366k| 107.5 |   416M |  39 | 290 |  78 |1239 |2760k|  2 | 190 |   0 | 0.000000e+00 | 6.902407e+03 |    Inf |  42.74%
  271s| 68600 |  6289 |  7375k| 107.5 |   416M |  39 | 290 |  78 |1070 |2764k|  3 | 190 |   0 | 0.000000e+00 | 6.902407e+03 |    Inf |  42.74%
  271s| 68700 |  6289 |  7385k| 107.5 |   416M |  39 | 290 |  78 |1106 |2767k|  3 | 190 |   0 | 0.000000e+00 | 6.902407e+03 |    Inf |  42.74%
  271s| 68800 |  6273 |  7397k| 107.5 |   416M |  39 | 290 |  78 |1347 |2771k|  3 | 190 |   0 | 0.000000e+00 | 6.902407e+03 |    Inf |  42.87%
  272s| 68900 |  6277 |  7407k| 107.5 |   416M |  39 | 290 |  78 |1105 |2775k|  3 | 190 |   0 | 0.000000e+00 | 6.902407e+03 |    Inf |  42.89%
  272s| 69000 |  6271 |  7418k| 107.5 |   416M |  39 | 290 |  78 |1069 |2779k|  1 | 190 |   0 | 0.000000e+00 | 6.902407e+03 |    Inf |  42.91%
 time | node  | left  |LP iter|LP it/n|mem/heur|mdpt |vars |cons |rows |cuts |sepa|confs|strbr|  dualbound   | primalbound  |  gap   | compl. 
  273s| 69100 |  6267 |  7427k| 107.5 |   416M |  39 | 290 |  78 |1065 |2783k|  2 | 190 |   0 | 0.000000e+00 | 6.902407e+03 |    Inf |  42.99%
  273s| 69200 |  6269 |  7439k| 107.5 |   416M |  39 | 290 |  78 |1373 |2787k|  1 | 191 |   0 | 0.000000e+00 | 6.902407e+03 |    Inf |  42.99%
  273s| 69300 |  6267 |  7448k| 107.5 |   416M |  39 | 290 |  78 | 927 |2791k|  1 | 191 |   0 | 0.000000e+00 | 6.902407e+03 |    Inf |  43.03%
  274s| 69400 |  6275 |  7458k| 107.5 |   416M |  39 | 290 |  78 |1192 |2794k|  2 | 191 |   0 | 0.000000e+00 | 6.902407e+03 |    Inf |  43.04%
  274s| 69500 |  6267 |  7468k| 107.5 |   416M |  39 | 290 |  78 |1043 |2798k|  3 | 191 |   0 | 0.000000e+00 | 6.902407e+03 |    Inf |  43.07%
  274s| 69600 |  6259 |  7476k| 107.4 |   416M |  39 | 290 |  78 | 959 |2802k|  3 | 191 |   0 | 0.000000e+00 | 6.902407e+03 |    Inf |  43.12%
  275s| 69700 |  6251 |  7487k| 107.4 |   416M |  39 | 290 |  78 |1083 |2806k|  4 | 191 |   0 | 0.000000e+00 | 6.902407e+03 |    Inf |  43.20%
  275s| 69800 |  6255 |  7498k| 107.4 |   416M |  39 | 290 |  78 | 962 |2810k|  1 | 193 |   0 | 0.000000e+00 | 6.902407e+03 |    Inf |  43.23%
  276s| 69900 |  6249 |  7510k| 107.4 |   416M |  39 | 290 |  78 |1050 |2814k|  4 | 193 |   0 | 0.000000e+00 | 6.902407e+03 |    Inf |  43.33%
  276s| 70000 |  6237 |  7522k| 107.5 |   416M |  39 | 290 |  78 | 811 |2818k|  4 | 195 |   0 | 0.000000e+00 | 6.902407e+03 |    Inf |  43.35%
  276s| 70100 |  6241 |  7532k| 107.4 |   416M |  39 | 290 |  78 |1096 |2822k|  1 | 196 |   0 | 0.000000e+00 | 6.902407e+03 |    Inf |  43.38%
  277s| 70200 |  6229 |  7542k| 107.4 |   416M |  39 | 290 |  78 |1252 |2826k|  4 | 196 |   0 | 0.000000e+00 | 6.902407e+03 |    Inf |  43.40%
  277s| 70300 |  6213 |  7552k| 107.4 |   416M |  39 | 290 |  78 |1074 |2830k|  1 | 196 |   0 | 0.000000e+00 | 6.902407e+03 |    Inf |  43.44%
  278s| 70400 |  6217 |  7561k| 107.4 |   416M |  39 | 290 |  78 |1076 |2834k|  2 | 196 |   0 | 0.000000e+00 | 6.902407e+03 |    Inf |  43.46%
  278s| 70500 |  6205 |  7572k| 107.4 |   416M |  39 | 290 |  78 |1052 |2838k|  3 | 196 |   0 | 0.000000e+00 | 6.902407e+03 |    Inf |  43.56%
 time | node  | left  |LP iter|LP it/n|mem/heur|mdpt |vars |cons |rows |cuts |sepa|confs|strbr|  dualbound   | primalbound  |  gap   | compl. 
  278s| 70600 |  6195 |  7580k| 107.4 |   416M |  39 | 290 |  78 | 927 |2842k|  4 | 197 |   0 | 0.000000e+00 | 6.902407e+03 |    Inf |  43.65%
  279s| 70700 |  6201 |  7588k| 107.3 |   416M |  39 | 290 |  78 |1120 |2845k|  4 | 198 |   0 | 0.000000e+00 | 6.902407e+03 |    Inf |  43.70%
  279s| 70800 |  6185 |  7600k| 107.3 |   416M |  39 | 290 |  78 |1141 |2849k|  2 | 198 |   0 | 0.000000e+00 | 6.902407e+03 |    Inf |  43.73%
  280s| 70900 |  6171 |  7612k| 107.4 |   416M |  39 | 290 |  78 | 807 |2853k|  5 | 199 |   0 | 0.000000e+00 | 6.902407e+03 |    Inf |  43.88%
  280s| 71000 |  6159 |  7624k| 107.4 |   416M |  39 | 290 |  78 |1064 |2857k|  2 | 199 |   0 | 0.000000e+00 | 6.902407e+03 |    Inf |  43.94%
  280s| 71100 |  6157 |  7635k| 107.4 |   416M |  39 | 290 |  78 |1251 |2861k|  1 | 200 |   0 | 0.000000e+00 | 6.902407e+03 |    Inf |  43.99%
  281s| 71200 |  6151 |  7646k| 107.4 |   416M |  39 | 290 |  78 | 973 |2865k|  3 | 200 |   0 | 0.000000e+00 | 6.902407e+03 |    Inf |  44.02%
  281s| 71300 |  6161 |  7655k| 107.4 |   416M |  39 | 290 |  78 |1197 |2869k|  3 | 200 |   0 | 0.000000e+00 | 6.902407e+03 |    Inf |  44.04%
  282s| 71400 |  6159 |  7664k| 107.3 |   416M |  39 | 290 |  78 |1206 |2872k|  2 | 202 |   0 | 0.000000e+00 | 6.902407e+03 |    Inf |  44.04%
  282s| 71500 |  6149 |  7674k| 107.3 |   416M |  39 | 290 |  78 |1133 |2876k|  1 | 202 |   0 | 0.000000e+00 | 6.902407e+03 |    Inf |  44.12%
  282s| 71600 |  6163 |  7687k| 107.4 |   416M |  39 | 290 |  78 |1215 |2880k|  3 | 202 |   0 | 0.000000e+00 | 6.902407e+03 |    Inf |  44.12%
  283s| 71700 |  6155 |  7703k| 107.4 |   416M |  39 | 290 |  78 |1172 |2885k|  3 | 202 |   0 | 0.000000e+00 | 6.902407e+03 |    Inf |  44.12%
  283s| 71800 |  6167 |  7719k| 107.5 |   416M |  39 | 290 |  78 |   0 |2890k|  0 | 202 |   0 | 0.000000e+00 | 6.902407e+03 |    Inf |  44.12%
  284s| 71900 |  6165 |  7738k| 107.6 |   416M |  39 | 290 |  78 |1249 |2895k|  3 | 203 |   0 | 0.000000e+00 | 6.902407e+03 |    Inf |  44.12%
  285s| 72000 |  6151 |  7754k| 107.7 |   416M |  39 | 290 |  78 | 991 |2900k|  3 | 203 |   0 | 0.000000e+00 | 6.902407e+03 |    Inf |  44.14%
 time | node  | left  |LP iter|LP it/n|mem/heur|mdpt |vars |cons |rows |cuts |sepa|confs|strbr|  dualbound   | primalbound  |  gap   | compl. 
  285s| 72100 |  6151 |  7763k| 107.7 |   416M |  39 | 290 |  78 | 988 |2904k|  4 | 203 |   0 | 0.000000e+00 | 6.902407e+03 |    Inf |  44.27%
  285s| 72200 |  6145 |  7772k| 107.6 |   416M |  39 | 290 |  78 |1094 |2908k|  3 | 203 |   0 | 0.000000e+00 | 6.902407e+03 |    Inf |  44.27%
  286s| 72300 |  6139 |  7780k| 107.6 |   416M |  39 | 290 |  78 |1069 |2911k|  0 | 203 |   0 | 0.000000e+00 | 6.902407e+03 |    Inf |  44.33%
  286s| 72400 |  6139 |  7793k| 107.6 |   416M |  39 | 290 |  78 | 930 |2916k|  0 | 204 |   0 | 0.000000e+00 | 6.902407e+03 |    Inf |  44.39%
  286s| 72500 |  6163 |  7800k| 107.6 |   416M |  39 | 290 |  78 | 928 |2919k|  3 | 204 |   0 | 0.000000e+00 | 6.902407e+03 |    Inf |  44.43%
  287s| 72600 |  6165 |  7809k| 107.6 |   416M |  39 | 290 |  78 | 998 |2923k|  3 | 204 |   0 | 0.000000e+00 | 6.902407e+03 |    Inf |  44.43%
  287s| 72700 |  6169 |  7819k| 107.5 |   416M |  39 | 290 |  78 |1021 |2927k|  4 | 205 |   0 | 0.000000e+00 | 6.902407e+03 |    Inf |  44.43%
  288s| 72800 |  6153 |  7829k| 107.5 |   416M |  39 | 290 |  78 |1144 |2930k|  3 | 205 |   0 | 0.000000e+00 | 6.902407e+03 |    Inf |  44.55%
  288s| 72900 |  6147 |  7839k| 107.5 |   416M |  39 | 290 |  78 |1213 |2934k|  3 | 205 |   0 | 0.000000e+00 | 6.902407e+03 |    Inf |  44.56%
  288s| 73000 |  6133 |  7851k| 107.5 |   416M |  39 | 290 |  78 | 877 |2938k|  1 | 207 |   0 | 0.000000e+00 | 6.902407e+03 |    Inf |  44.61%
  289s| 73100 |  6133 |  7863k| 107.6 |   416M |  39 | 290 |  78 |1146 |2942k|  3 | 207 |   0 | 0.000000e+00 | 6.902407e+03 |    Inf |  44.64%
  289s| 73200 |  6125 |  7878k| 107.6 |   416M |  39 | 290 |  78 |1139 |2946k|  1 | 207 |   0 | 0.000000e+00 | 6.902407e+03 |    Inf |  44.66%
  290s| 73300 |  6127 |  7891k| 107.7 |   416M |  39 | 290 |  78 |1302 |2951k|  1 | 207 |   0 | 0.000000e+00 | 6.902407e+03 |    Inf |  44.66%
  290s| 73400 |  6121 |  7903k| 107.7 |   416M |  39 | 290 |  78 |1143 |2955k|  3 | 208 |   0 | 0.000000e+00 | 6.902407e+03 |    Inf |  44.71%
  291s| 73500 |  6111 |  7913k| 107.7 |   416M |  39 | 290 |  78 |1047 |2959k|  2 | 209 |   0 | 0.000000e+00 | 6.902407e+03 |    Inf |  44.79%
 time | node  | left  |LP iter|LP it/n|mem/heur|mdpt |vars |cons |rows |cuts |sepa|confs|strbr|  dualbound   | primalbound  |  gap   | compl. 
  291s| 73600 |  6105 |  7922k| 107.6 |   416M |  39 | 290 |  78 |1028 |2962k|  3 | 210 |   0 | 0.000000e+00 | 6.902407e+03 |    Inf |  44.81%
  291s| 73700 |  6099 |  7935k| 107.7 |   416M |  39 | 290 |  78 |1054 |2967k|  2 | 210 |   0 | 0.000000e+00 | 6.902407e+03 |    Inf |  44.83%
  292s| 73800 |  6091 |  7945k| 107.7 |   416M |  39 | 290 |  78 |1008 |2970k|  1 | 211 |   0 | 0.000000e+00 | 6.902407e+03 |    Inf |  44.89%
  292s| 73900 |  6097 |  7956k| 107.7 |   416M |  39 | 290 |  78 | 961 |2974k|  1 | 213 |   0 | 0.000000e+00 | 6.902407e+03 |    Inf |  44.89%
  292s| 74000 |  6095 |  7965k| 107.6 |   416M |  39 | 290 |  78 | 959 |2978k|  1 | 214 |   0 | 0.000000e+00 | 6.902407e+03 |    Inf |  44.92%
  293s| 74100 |  6103 |  7974k| 107.6 |   416M |  39 | 290 |  78 |1027 |2981k|  3 | 215 |   0 | 0.000000e+00 | 6.902407e+03 |    Inf |  44.92%
  293s| 74200 |  6095 |  7985k| 107.6 |   416M |  39 | 290 |  78 | 937 |2985k|  1 | 215 |   0 | 0.000000e+00 | 6.902407e+03 |    Inf |  44.92%
  294s| 74300 |  6089 |  7996k| 107.6 |   416M |  39 | 290 |  78 |1086 |2989k|  3 | 215 |   0 | 0.000000e+00 | 6.902407e+03 |    Inf |  45.00%
  294s| 74400 |  6075 |  8007k| 107.6 |   417M |  39 | 290 |  78 |1128 |2993k|  4 | 215 |   0 | 0.000000e+00 | 6.902407e+03 |    Inf |  45.07%
  294s| 74500 |  6077 |  8020k| 107.6 |   417M |  39 | 290 |  78 |1178 |2997k|  3 | 216 |   0 | 0.000000e+00 | 6.902407e+03 |    Inf |  45.10%
  295s| 74600 |  6067 |  8032k| 107.7 |   417M |  39 | 290 |  78 |1044 |3001k|  2 | 216 |   0 | 0.000000e+00 | 6.902407e+03 |    Inf |  45.11%
  295s| 74700 |  6079 |  8043k| 107.7 |   417M |  39 | 290 |  78 |1002 |3006k|  1 | 216 |   0 | 0.000000e+00 | 6.902407e+03 |    Inf |  45.15%
  296s| 74800 |  6081 |  8055k| 107.7 |   417M |  39 | 290 |  78 |1006 |3009k|  1 | 219 |   0 | 0.000000e+00 | 6.902407e+03 |    Inf |  45.15%
  296s| 74900 |  6067 |  8066k| 107.7 |   417M |  39 | 290 |  78 | 931 |3013k|  3 | 219 |   0 | 0.000000e+00 | 6.902407e+03 |    Inf |  45.15%
  296s| 75000 |  6067 |  8076k| 107.7 |   417M |  39 | 290 |  78 |1048 |3016k|  3 | 219 |   0 | 0.000000e+00 | 6.902407e+03 |    Inf |  45.19%
 time | node  | left  |LP iter|LP it/n|mem/heur|mdpt |vars |cons |rows |cuts |sepa|confs|strbr|  dualbound   | primalbound  |  gap   | compl. 
  297s| 75100 |  6059 |  8087k| 107.7 |   417M |  39 | 290 |  78 | 981 |3019k|  1 | 219 |   0 | 0.000000e+00 | 6.902407e+03 |    Inf |  45.22%
  297s| 75200 |  6045 |  8098k| 107.7 |   417M |  39 | 290 |  78 |1023 |3023k|  4 | 220 |   0 | 0.000000e+00 | 6.902407e+03 |    Inf |  45.32%
  298s| 75300 |  6039 |  8114k| 107.8 |   417M |  39 | 290 |  78 |1021 |3028k|  1 | 220 |   0 | 0.000000e+00 | 6.902407e+03 |    Inf |  45.37%
  298s| 75400 |  6023 |  8124k| 107.7 |   417M |  39 | 290 |  78 | 995 |3031k|  3 | 220 |   0 | 0.000000e+00 | 6.902407e+03 |    Inf |  45.47%
  298s| 75500 |  6015 |  8133k| 107.7 |   417M |  39 | 290 |  78 |1090 |3035k|  4 | 221 |   0 | 0.000000e+00 | 6.902407e+03 |    Inf |  45.55%
  299s| 75600 |  6015 |  8145k| 107.7 |   417M |  39 | 290 |  78 |1127 |3040k|  3 | 221 |   0 | 0.000000e+00 | 6.902407e+03 |    Inf |  45.57%
  299s| 75700 |  6007 |  8157k| 107.8 |   417M |  39 | 290 |  78 | 983 |3044k|  1 | 222 |   0 | 0.000000e+00 | 6.902407e+03 |    Inf |  45.60%
  300s| 75800 |  6021 |  8166k| 107.7 |   417M |  39 | 290 |  78 | 858 |3048k|  1 | 222 |   0 | 0.000000e+00 | 6.902407e+03 |    Inf |  45.62%
  300s| 75900 |  6039 |  8176k| 107.7 |   417M |  39 | 290 |  78 | 955 |3052k|  1 | 223 |   0 | 0.000000e+00 | 6.902407e+03 |    Inf |  45.62%
  300s| 76000 |  6041 |  8186k| 107.7 |   417M |  39 | 290 |  78 | 923 |3056k|  3 | 223 |   0 | 0.000000e+00 | 6.902407e+03 |    Inf |  45.62%
  301s| 76100 |  6045 |  8195k| 107.7 |   417M |  39 | 290 |  78 |1042 |3059k|  1 | 223 |   0 | 0.000000e+00 | 6.902407e+03 |    Inf |  45.64%
  301s| 76200 |  6043 |  8207k| 107.7 |   417M |  39 | 290 |  78 |1136 |3063k|  1 | 223 |   0 | 0.000000e+00 | 6.902407e+03 |    Inf |  45.64%
  301s| 76300 |  6051 |  8216k| 107.7 |   417M |  39 | 290 |  78 | 885 |3067k|  3 | 223 |   0 | 0.000000e+00 | 6.902407e+03 |    Inf |  45.67%
  302s| 76400 |  6059 |  8224k| 107.6 |   417M |  39 | 290 |  78 | 968 |3070k|  3 | 225 |   0 | 0.000000e+00 | 6.902407e+03 |    Inf |  45.67%
  302s| 76500 |  6061 |  8232k| 107.6 |   417M |  39 | 290 |  78 |1246 |3074k|  1 | 226 |   0 | 0.000000e+00 | 6.902407e+03 |    Inf |  45.67%
 time | node  | left  |LP iter|LP it/n|mem/heur|mdpt |vars |cons |rows |cuts |sepa|confs|strbr|  dualbound   | primalbound  |  gap   | compl. 
  302s| 76600 |  6057 |  8242k| 107.6 |   417M |  39 | 290 |  78 |1026 |3077k|  3 | 226 |   0 | 0.000000e+00 | 6.902407e+03 |    Inf |  45.72%
  303s| 76700 |  6051 |  8253k| 107.6 |   417M |  39 | 290 |  78 |1056 |3081k|  1 | 226 |   0 | 0.000000e+00 | 6.902407e+03 |    Inf |  45.80%
  303s| 76800 |  6043 |  8263k| 107.6 |   417M |  39 | 290 |  78 |1179 |3085k|  2 | 226 |   0 | 0.000000e+00 | 6.902407e+03 |    Inf |  45.83%
  304s| 76900 |  6039 |  8273k| 107.6 |   417M |  39 | 290 |  78 |1094 |3089k|  3 | 226 |   0 | 0.000000e+00 | 6.902407e+03 |    Inf |  45.89%
  304s| 77000 |  6063 |  8282k| 107.6 |   417M |  39 | 290 |  78 | 941 |3093k|  2 | 227 |   0 | 0.000000e+00 | 6.902407e+03 |    Inf |  45.89%
  304s| 77100 |  6045 |  8293k| 107.6 |   417M |  39 | 290 |  78 |1010 |3097k|  2 | 227 |   0 | 0.000000e+00 | 6.902407e+03 |    Inf |  45.90%
  305s| 77200 |  6041 |  8305k| 107.6 |   417M |  39 | 290 |  78 |1060 |3101k|  1 | 227 |   0 | 0.000000e+00 | 6.902407e+03 |    Inf |  45.94%
  305s| 77300 |  6035 |  8316k| 107.6 |   417M |  39 | 290 |  78 |1025 |3104k|  4 | 227 |   0 | 0.000000e+00 | 6.902407e+03 |    Inf |  46.00%
  305s| 77400 |  6025 |  8327k| 107.6 |   417M |  39 | 290 |  78 | 986 |3108k|  3 | 227 |   0 | 0.000000e+00 | 6.902407e+03 |    Inf |  46.07%
  306s| 77500 |  6045 |  8339k| 107.6 |   417M |  39 | 290 |  78 |1099 |3113k|  3 | 227 |   0 | 0.000000e+00 | 6.902407e+03 |    Inf |  46.07%
  306s| 77600 |  6047 |  8350k| 107.6 |   417M |  39 | 290 |  78 |1091 |3117k|  5 | 227 |   0 | 0.000000e+00 | 6.902407e+03 |    Inf |  46.07%
  307s| 77700 |  6031 |  8361k| 107.6 |   417M |  39 | 290 |  78 |1179 |3121k|  4 | 227 |   0 | 0.000000e+00 | 6.902407e+03 |    Inf |  46.07%
  307s| 77800 |  6023 |  8370k| 107.6 |   417M |  39 | 290 |  78 | 916 |3124k|  3 | 227 |   0 | 0.000000e+00 | 6.902407e+03 |    Inf |  46.11%
  307s| 77900 |  6013 |  8380k| 107.6 |   417M |  39 | 290 |  78 |1114 |3129k|  1 | 228 |   0 | 0.000000e+00 | 6.902407e+03 |    Inf |  46.18%
  308s| 78000 |  6013 |  8390k| 107.6 |   417M |  39 | 290 |  78 |1149 |3133k|  3 | 228 |   0 | 0.000000e+00 | 6.902407e+03 |    Inf |  46.24%
 time | node  | left  |LP iter|LP it/n|mem/heur|mdpt |vars |cons |rows |cuts |sepa|confs|strbr|  dualbound   | primalbound  |  gap   | compl. 
  308s| 78100 |  5997 |  8402k| 107.6 |   417M |  39 | 290 |  78 |1153 |3137k|  2 | 228 |   0 | 0.000000e+00 | 6.902407e+03 |    Inf |  46.29%
  309s| 78200 |  5991 |  8412k| 107.6 |   417M |  39 | 290 |  78 |1122 |3140k|  4 | 228 |   0 | 0.000000e+00 | 6.902407e+03 |    Inf |  46.37%
  309s| 78300 |  5975 |  8423k| 107.6 |   417M |  39 | 290 |  78 |1184 |3143k|  1 | 228 |   0 | 0.000000e+00 | 6.902407e+03 |    Inf |  46.40%
  309s| 78400 |  6003 |  8433k| 107.6 |   417M |  39 | 290 |  78 | 916 |3148k|  3 | 228 |   0 | 0.000000e+00 | 6.902407e+03 |    Inf |  46.40%
  310s| 78500 |  6033 |  8445k| 107.6 |   417M |  39 | 290 |  78 |1026 |3153k|  3 | 228 |   0 | 0.000000e+00 | 6.902407e+03 |    Inf |  46.40%
  310s| 78600 |  6053 |  8459k| 107.6 |   417M |  39 | 290 |  78 |1146 |3157k|  1 | 228 |   0 | 0.000000e+00 | 6.902407e+03 |    Inf |  46.40%
  311s| 78700 |  6053 |  8469k| 107.6 |   418M |  39 | 290 |  78 | 979 |3161k|  1 | 228 |   0 | 0.000000e+00 | 6.902407e+03 |    Inf |  46.40%
  311s| 78800 |  6045 |  8483k| 107.6 |   418M |  39 | 290 |  78 | 989 |3165k|  1 | 228 |   0 | 0.000000e+00 | 6.902407e+03 |    Inf |  46.40%
  312s| 78900 |  6021 |  8495k| 107.7 |   418M |  39 | 290 |  78 |1097 |3169k|  3 | 228 |   0 | 0.000000e+00 | 6.902407e+03 |    Inf |  46.40%
  312s| 79000 |  6023 |  8508k| 107.7 |   418M |  39 | 290 |  78 |1058 |3174k|  1 | 228 |   0 | 0.000000e+00 | 6.902407e+03 |    Inf |  46.40%
  312s| 79100 |  6009 |  8520k| 107.7 |   418M |  39 | 290 |  78 |1113 |3178k|  3 | 228 |   0 | 0.000000e+00 | 6.902407e+03 |    Inf |  46.42%
  313s| 79200 |  6001 |  8530k| 107.7 |   418M |  39 | 290 |  78 |1051 |3182k|  3 | 228 |   0 | 0.000000e+00 | 6.902407e+03 |    Inf |  46.47%
  313s| 79300 |  6003 |  8540k| 107.7 |   418M |  39 | 290 |  78 |1154 |3186k|  4 | 228 |   0 | 0.000000e+00 | 6.902407e+03 |    Inf |  46.50%
  314s| 79400 |  5997 |  8555k| 107.7 |   418M |  39 | 290 |  78 |1302 |3191k|  1 | 229 |   0 | 0.000000e+00 | 6.902407e+03 |    Inf |  46.52%
  314s| 79500 |  5989 |  8565k| 107.7 |   418M |  39 | 290 |  78 |1153 |3194k|  4 | 231 |   0 | 0.000000e+00 | 6.902407e+03 |    Inf |  46.55%
 time | node  | left  |LP iter|LP it/n|mem/heur|mdpt |vars |cons |rows |cuts |sepa|confs|strbr|  dualbound   | primalbound  |  gap   | compl. 
  315s| 79600 |  5995 |  8574k| 107.7 |   418M |  39 | 290 |  78 |1163 |3198k|  4 | 232 |   0 | 0.000000e+00 | 6.902407e+03 |    Inf |  46.55%
  315s| 79700 |  5979 |  8584k| 107.7 |   418M |  39 | 290 |  78 |1081 |3202k|  5 | 234 |   0 | 0.000000e+00 | 6.902407e+03 |    Inf |  46.57%
  315s| 79800 |  5997 |  8594k| 107.7 |   418M |  39 | 290 |  78 |1179 |3206k|  3 | 235 |   0 | 0.000000e+00 | 6.902407e+03 |    Inf |  46.60%
  316s| 79900 |  6015 |  8603k| 107.7 |   418M |  39 | 290 |  78 |1204 |3209k|  3 | 236 |   0 | 0.000000e+00 | 6.902407e+03 |    Inf |  46.60%
  316s| 80000 |  6005 |  8611k| 107.6 |   418M |  39 | 290 |  78 |1174 |3212k|  2 | 239 |   0 | 0.000000e+00 | 6.902407e+03 |    Inf |  46.60%
  316s| 80100 |  5993 |  8620k| 107.6 |   418M |  39 | 290 |  78 |1145 |3216k|  3 | 239 |   0 | 0.000000e+00 | 6.902407e+03 |    Inf |  46.60%
  317s| 80200 |  5985 |  8628k| 107.6 |   418M |  39 | 290 |  78 |1172 |3219k|  1 | 243 |   0 | 0.000000e+00 | 6.902407e+03 |    Inf |  46.60%
  317s| 80300 |  6005 |  8637k| 107.6 |   418M |  39 | 290 |  78 |1108 |3222k|  1 | 243 |   0 | 0.000000e+00 | 6.902407e+03 |    Inf |  46.60%
  318s| 80400 |  6005 |  8645k| 107.5 |   418M |  39 | 290 |  78 |1183 |3226k|  1 | 244 |   0 | 0.000000e+00 | 6.902407e+03 |    Inf |  46.62%
  318s| 80500 |  6039 |  8654k| 107.5 |   418M |  39 | 290 |  78 |1023 |3230k|  3 | 244 |   0 | 0.000000e+00 | 6.902407e+03 |    Inf |  46.62%
  318s| 80600 |  6039 |  8665k| 107.5 |   419M |  39 | 290 |  78 |1164 |3234k|  3 | 245 |   0 | 0.000000e+00 | 6.902407e+03 |    Inf |  46.62%
  319s| 80700 |  6035 |  8674k| 107.5 |   419M |  39 | 290 |  78 |1180 |3237k|  1 | 245 |   0 | 0.000000e+00 | 6.902407e+03 |    Inf |  46.62%
  319s| 80800 |  6039 |  8685k| 107.5 |   419M |  39 | 290 |  78 | 820 |3242k|  4 | 245 |   0 | 0.000000e+00 | 6.902407e+03 |    Inf |  46.62%
  319s| 80900 |  6061 |  8693k| 107.5 |   419M |  39 | 290 |  78 | 821 |3245k|  1 | 246 |   0 | 0.000000e+00 | 6.902407e+03 |    Inf |  46.67%
  320s| 81000 |  6081 |  8704k| 107.5 |   420M |  39 | 290 |  78 | 930 |3250k|  3 | 246 |   0 | 0.000000e+00 | 6.902407e+03 |    Inf |  46.67%
 time | node  | left  |LP iter|LP it/n|mem/heur|mdpt |vars |cons |rows |cuts |sepa|confs|strbr|  dualbound   | primalbound  |  gap   | compl. 
  320s| 81100 |  6063 |  8714k| 107.4 |   420M |  39 | 290 |  78 | 924 |3254k|  1 | 246 |   0 | 0.000000e+00 | 6.902407e+03 |    Inf |  46.67%
  321s| 81200 |  6053 |  8724k| 107.4 |   420M |  39 | 290 |  78 |1043 |3258k|  1 | 246 |   0 | 0.000000e+00 | 6.902407e+03 |    Inf |  46.69%
  321s| 81300 |  6069 |  8734k| 107.4 |   420M |  39 | 290 |  78 |1099 |3262k|  3 | 246 |   0 | 0.000000e+00 | 6.902407e+03 |    Inf |  46.69%
  321s| 81400 |  6065 |  8743k| 107.4 |   420M |  39 | 290 |  78 |1032 |3265k|  1 | 246 |   0 | 0.000000e+00 | 6.902407e+03 |    Inf |  46.70%
  322s| 81500 |  6059 |  8754k| 107.4 |   420M |  39 | 290 |  78 |   0 |3269k|  0 | 246 |   0 | 0.000000e+00 | 6.902407e+03 |    Inf |  46.74%
  322s| 81600 |  6061 |  8767k| 107.4 |   421M |  39 | 290 |  78 |1016 |3273k|  5 | 246 |   0 | 0.000000e+00 | 6.902407e+03 |    Inf |  46.85%
  323s| 81700 |  6065 |  8777k| 107.4 |   421M |  39 | 290 |  78 |1054 |3278k|  4 | 246 |   0 | 0.000000e+00 | 6.902407e+03 |    Inf |  46.87%
  323s| 81800 |  6065 |  8789k| 107.4 |   421M |  39 | 290 |  78 |1197 |3281k|  2 | 247 |   0 | 0.000000e+00 | 6.902407e+03 |    Inf |  46.87%
  323s| 81900 |  6063 |  8798k| 107.4 |   421M |  39 | 290 |  78 |1157 |3285k|  2 | 247 |   0 | 0.000000e+00 | 6.902407e+03 |    Inf |  46.90%
  324s| 82000 |  6045 |  8808k| 107.4 |   421M |  39 | 290 |  78 |1023 |3289k|  2 | 249 |   0 | 0.000000e+00 | 6.902407e+03 |    Inf |  46.98%
  324s| 82100 |  6049 |  8817k| 107.4 |   421M |  39 | 290 |  78 | 952 |3293k|  3 | 249 |   0 | 0.000000e+00 | 6.902407e+03 |    Inf |  47.00%
  324s| 82200 |  6059 |  8825k| 107.4 |   421M |  39 | 290 |  78 | 775 |3296k|  1 | 251 |   0 | 0.000000e+00 | 6.902407e+03 |    Inf |  47.00%
  325s| 82300 |  6037 |  8834k| 107.3 |   421M |  39 | 290 |  78 | 897 |3300k|  3 | 251 |   0 | 0.000000e+00 | 6.902407e+03 |    Inf |  47.11%
  325s| 82400 |  6031 |  8845k| 107.3 |   421M |  39 | 290 |  78 |1019 |3304k|  2 | 252 |   0 | 0.000000e+00 | 6.902407e+03 |    Inf |  47.16%
  326s| 82500 |  6027 |  8854k| 107.3 |   421M |  39 | 290 |  78 | 966 |3307k|  1 | 252 |   0 | 0.000000e+00 | 6.902407e+03 |    Inf |  47.16%
 time | node  | left  |LP iter|LP it/n|mem/heur|mdpt |vars |cons |rows |cuts |sepa|confs|strbr|  dualbound   | primalbound  |  gap   | compl. 
  326s| 82600 |  6069 |  8867k| 107.3 |   421M |  39 | 290 |  78 | 935 |3312k|  1 | 252 |   0 | 0.000000e+00 | 6.902407e+03 |    Inf |  47.16%
  326s| 82700 |  6093 |  8878k| 107.4 |   421M |  39 | 290 |  78 | 983 |3316k|  3 | 252 |   0 | 0.000000e+00 | 6.902407e+03 |    Inf |  47.16%
  327s| 82800 |  6103 |  8892k| 107.4 |   422M |  39 | 290 |  78 | 992 |3320k|  1 | 252 |   0 | 0.000000e+00 | 6.902407e+03 |    Inf |  47.16%
  327s| 82900 |  6103 |  8905k| 107.4 |   422M |  39 | 290 |  78 |1077 |3325k|  1 | 252 |   0 | 0.000000e+00 | 6.902407e+03 |    Inf |  47.16%
  328s| 83000 |  6083 |  8923k| 107.5 |   422M |  39 | 290 |  78 |1070 |3329k|  2 | 252 |   0 | 0.000000e+00 | 6.902407e+03 |    Inf |  47.16%
  328s| 83100 |  6087 |  8935k| 107.5 |   422M |  39 | 290 |  78 |1095 |3333k|  3 | 252 |   0 | 0.000000e+00 | 6.902407e+03 |    Inf |  47.16%
  329s| 83200 |  6085 |  8947k| 107.5 |   422M |  39 | 290 |  78 |1164 |3337k|  2 | 252 |   0 | 0.000000e+00 | 6.902407e+03 |    Inf |  47.16%
  329s| 83300 |  6065 |  8958k| 107.5 |   422M |  39 | 290 |  78 | 747 |3341k|  2 | 252 |   0 | 0.000000e+00 | 6.902407e+03 |    Inf |  47.24%
  330s| 83400 |  6069 |  8972k| 107.6 |   422M |  39 | 290 |  78 |1060 |3346k|  3 | 253 |   0 | 0.000000e+00 | 6.902407e+03 |    Inf |  47.24%
  330s| 83500 |  6061 |  8984k| 107.6 |   422M |  39 | 290 |  78 |1095 |3350k|  3 | 253 |   0 | 0.000000e+00 | 6.902407e+03 |    Inf |  47.29%
  331s| 83600 |  6061 |  9001k| 107.7 |   422M |  39 | 290 |  78 |1021 |3355k|  3 | 253 |   0 | 0.000000e+00 | 6.902407e+03 |    Inf |  47.30%
  331s| 83700 |  6061 |  9013k| 107.7 |   422M |  39 | 290 |  78 | 953 |3359k|  2 | 253 |   0 | 0.000000e+00 | 6.902407e+03 |    Inf |  47.32%
  331s| 83800 |  6065 |  9023k| 107.7 |   422M |  39 | 290 |  78 |1027 |3363k|  3 | 254 |   0 | 0.000000e+00 | 6.902407e+03 |    Inf |  47.32%
  332s| 83900 |  6049 |  9035k| 107.7 |   423M |  39 | 290 |  78 |1163 |3367k|  2 | 254 |   0 | 0.000000e+00 | 6.902407e+03 |    Inf |  47.37%
  332s| 84000 |  6043 |  9048k| 107.7 |   423M |  39 | 290 |  78 |1008 |3372k|  3 | 254 |   0 | 0.000000e+00 | 6.902407e+03 |    Inf |  47.41%
 time | node  | left  |LP iter|LP it/n|mem/heur|mdpt |vars |cons |rows |cuts |sepa|confs|strbr|  dualbound   | primalbound  |  gap   | compl. 
  333s| 84100 |  6039 |  9063k| 107.8 |   423M |  39 | 290 |  78 | 923 |3375k|  2 | 254 |   0 | 0.000000e+00 | 6.902407e+03 |    Inf |  47.47%
  333s| 84200 |  6033 |  9073k| 107.8 |   423M |  39 | 290 |  78 |1128 |3379k|  1 | 254 |   0 | 0.000000e+00 | 6.902407e+03 |    Inf |  47.49%
  334s| 84300 |  6053 |  9083k| 107.8 |   423M |  39 | 290 |  78 |1037 |3383k|  2 | 254 |   0 | 0.000000e+00 | 6.902407e+03 |    Inf |  47.52%
  334s| 84400 |  6047 |  9093k| 107.7 |   424M |  39 | 290 |  78 |1072 |3387k|  3 | 255 |   0 | 0.000000e+00 | 6.902407e+03 |    Inf |  47.52%
  335s| 84500 |  6037 |  9106k| 107.8 |   424M |  39 | 290 |  78 | 957 |3391k|  3 | 255 |   0 | 0.000000e+00 | 6.902407e+03 |    Inf |  47.59%
  335s| 84600 |  6033 |  9117k| 107.8 |   424M |  39 | 290 |  78 |1107 |3395k|  3 | 256 |   0 | 0.000000e+00 | 6.902407e+03 |    Inf |  47.60%
  335s| 84700 |  6041 |  9127k| 107.8 |   424M |  39 | 290 |  78 |1062 |3399k|  2 | 256 |   0 | 0.000000e+00 | 6.902407e+03 |    Inf |  47.61%
  336s| 84800 |  6041 |  9135k| 107.7 |   424M |  39 | 290 |  78 |1278 |3402k|  1 | 256 |   0 | 0.000000e+00 | 6.902407e+03 |    Inf |  47.63%
  336s| 84900 |  6037 |  9146k| 107.7 |   424M |  39 | 290 |  78 |1000 |3406k|  3 | 256 |   0 | 0.000000e+00 | 6.902407e+03 |    Inf |  47.64%
  336s| 85000 |  6051 |  9156k| 107.7 |   424M |  39 | 290 |  78 |1217 |3410k|  4 | 256 |   0 | 0.000000e+00 | 6.902407e+03 |    Inf |  47.70%
  337s| 85100 |  6057 |  9165k| 107.7 |   424M |  39 | 290 |  78 |1114 |3413k|  3 | 257 |   0 | 0.000000e+00 | 6.902407e+03 |    Inf |  47.70%
  337s| 85200 |  6061 |  9176k| 107.7 |   424M |  39 | 290 |  78 |1173 |3417k|  3 | 258 |   0 | 0.000000e+00 | 6.902407e+03 |    Inf |  47.70%
  338s| 85300 |  6071 |  9186k| 107.7 |   424M |  39 | 290 |  78 |1184 |3421k|  4 | 260 |   0 | 0.000000e+00 | 6.902407e+03 |    Inf |  47.70%
  338s| 85400 |  6077 |  9194k| 107.7 |   426M |  39 | 290 |  78 |1313 |3424k|  4 | 261 |   0 | 0.000000e+00 | 6.902407e+03 |    Inf |  47.70%
  338s| 85500 |  6075 |  9202k| 107.6 |   426M |  39 | 290 |  78 | 936 |3427k|  1 | 264 |   0 | 0.000000e+00 | 6.902407e+03 |    Inf |  47.70%
 time | node  | left  |LP iter|LP it/n|mem/heur|mdpt |vars |cons |rows |cuts |sepa|confs|strbr|  dualbound   | primalbound  |  gap   | compl. 
  339s| 85600 |  6063 |  9211k| 107.6 |   426M |  39 | 290 |  78 |1060 |3431k|  1 | 264 |   0 | 0.000000e+00 | 6.902407e+03 |    Inf |  47.74%
  339s| 85700 |  6065 |  9220k| 107.6 |   426M |  39 | 290 |  78 |1057 |3434k|  1 | 264 |   0 | 0.000000e+00 | 6.902407e+03 |    Inf |  47.74%
  339s| 85800 |  6065 |  9232k| 107.6 |   426M |  39 | 290 |  78 |1035 |3438k|  1 | 264 |   0 | 0.000000e+00 | 6.902407e+03 |    Inf |  47.76%
  340s| 85900 |  6069 |  9242k| 107.6 |   426M |  39 | 290 |  78 |1091 |3442k|  3 | 264 |   0 | 0.000000e+00 | 6.902407e+03 |    Inf |  47.76%
  340s| 86000 |  6061 |  9253k| 107.6 |   426M |  41 | 290 |  78 |1130 |3445k|  1 | 266 |   0 | 0.000000e+00 | 6.902407e+03 |    Inf |  47.77%
  341s| 86100 |  6061 |  9264k| 107.6 |   426M |  41 | 290 |  78 | 999 |3449k|  2 | 266 |   0 | 0.000000e+00 | 6.902407e+03 |    Inf |  47.85%
  341s| 86200 |  6065 |  9274k| 107.6 |   426M |  41 | 290 |  78 |1116 |3453k|  3 | 267 |   0 | 0.000000e+00 | 6.902407e+03 |    Inf |  47.85%
  341s| 86300 |  6055 |  9284k| 107.6 |   426M |  41 | 290 |  78 |1057 |3457k|  2 | 267 |   0 | 0.000000e+00 | 6.902407e+03 |    Inf |  47.90%
  342s| 86400 |  6041 |  9294k| 107.6 |   426M |  41 | 290 |  78 | 908 |3461k|  4 | 268 |   0 | 0.000000e+00 | 6.902407e+03 |    Inf |  47.99%
  342s| 86500 |  6037 |  9304k| 107.6 |   426M |  41 | 290 |  78 |1029 |3465k|  1 | 269 |   0 | 0.000000e+00 | 6.902407e+03 |    Inf |  48.02%
  343s| 86600 |  6035 |  9315k| 107.6 |   426M |  41 | 290 |  78 |1098 |3469k|  1 | 269 |   0 | 0.000000e+00 | 6.902407e+03 |    Inf |  48.04%
  343s| 86700 |  6071 |  9327k| 107.6 |   426M |  41 | 290 |  78 |1133 |3473k|  0 | 269 |   0 | 0.000000e+00 | 6.902407e+03 |    Inf |  48.04%
  344s| 86800 |  6069 |  9337k| 107.6 |   426M |  41 | 290 |  78 |1159 |3478k|  3 | 269 |   0 | 0.000000e+00 | 6.902407e+03 |    Inf |  48.04%
  344s| 86900 |  6053 |  9350k| 107.6 |   426M |  41 | 290 |  78 |1148 |3483k|  2 | 269 |   0 | 0.000000e+00 | 6.902407e+03 |    Inf |  48.04%
  344s| 87000 |  6051 |  9361k| 107.6 |   426M |  41 | 290 |  78 | 918 |3487k|  3 | 269 |   0 | 0.000000e+00 | 6.902407e+03 |    Inf |  48.04%
 time | node  | left  |LP iter|LP it/n|mem/heur|mdpt |vars |cons |rows |cuts |sepa|confs|strbr|  dualbound   | primalbound  |  gap   | compl. 
  345s| 87100 |  6041 |  9370k| 107.6 |   426M |  41 | 290 |  78 |1171 |3490k|  3 | 270 |   0 | 0.000000e+00 | 6.902407e+03 |    Inf |  48.10%
  345s| 87200 |  6029 |  9381k| 107.6 |   426M |  41 | 290 |  78 | 986 |3494k|  3 | 270 |   0 | 0.000000e+00 | 6.902407e+03 |    Inf |  48.13%
  346s| 87300 |  6025 |  9390k| 107.6 |   426M |  41 | 290 |  78 |1069 |3497k|  4 | 271 |   0 | 0.000000e+00 | 6.902407e+03 |    Inf |  48.18%
  346s| 87400 |  6023 |  9402k| 107.6 |   426M |  41 | 290 |  78 |1108 |3501k|  2 | 271 |   0 | 0.000000e+00 | 6.902407e+03 |    Inf |  48.22%
  346s| 87500 |  6029 |  9412k| 107.6 |   426M |  41 | 290 |  78 |1222 |3505k|  3 | 272 |   0 | 0.000000e+00 | 6.902407e+03 |    Inf |  48.22%
  347s| 87600 |  6019 |  9421k| 107.6 |   426M |  41 | 290 |  78 |1093 |3509k|  1 | 274 |   0 | 0.000000e+00 | 6.902407e+03 |    Inf |  48.25%
  347s| 87700 |  6009 |  9433k| 107.6 |   426M |  41 | 290 |  78 |1398 |3512k|  3 | 274 |   0 | 0.000000e+00 | 6.902407e+03 |    Inf |  48.32%
  348s| 87800 |  5999 |  9446k| 107.6 |   426M |  41 | 290 |  78 | 978 |3517k|  2 | 274 |   0 | 0.000000e+00 | 6.902407e+03 |    Inf |  48.37%
  348s| 87900 |  5993 |  9457k| 107.6 |   426M |  41 | 290 |  78 |1249 |3521k|  3 | 274 |   0 | 0.000000e+00 | 6.902407e+03 |    Inf |  48.38%
  349s| 88000 |  5989 |  9465k| 107.6 |   426M |  41 | 290 |  78 |1082 |3524k|  3 | 275 |   0 | 0.000000e+00 | 6.902407e+03 |    Inf |  48.40%
  349s| 88100 |  6001 |  9479k| 107.6 |   426M |  41 | 290 |  78 |1076 |3529k|  2 | 275 |   0 | 0.000000e+00 | 6.902407e+03 |    Inf |  48.46%
  349s| 88200 |  5991 |  9489k| 107.6 |   426M |  41 | 290 |  78 | 964 |3532k|  4 | 276 |   0 | 0.000000e+00 | 6.902407e+03 |    Inf |  48.46%
  350s| 88300 |  5997 |  9502k| 107.6 |   426M |  41 | 290 |  78 |1224 |3537k|  3 | 276 |   0 | 0.000000e+00 | 6.902407e+03 |    Inf |  48.46%
  350s| 88400 |  5993 |  9512k| 107.6 |   426M |  41 | 290 |  78 |1059 |3540k|  3 | 276 |   0 | 0.000000e+00 | 6.902407e+03 |    Inf |  48.51%
  351s| 88500 |  5999 |  9521k| 107.6 |   426M |  41 | 290 |  78 |1147 |3543k|  3 | 277 |   0 | 0.000000e+00 | 6.902407e+03 |    Inf |  48.51%
 time | node  | left  |LP iter|LP it/n|mem/heur|mdpt |vars |cons |rows |cuts |sepa|confs|strbr|  dualbound   | primalbound  |  gap   | compl. 
  351s| 88600 |  5989 |  9530k| 107.6 |   426M |  41 | 290 |  78 |1099 |3547k|  3 | 277 |   0 | 0.000000e+00 | 6.902407e+03 |    Inf |  48.54%
  352s| 88700 |  5977 |  9542k| 107.6 |   426M |  41 | 290 |  78 |1131 |3551k|  3 | 278 |   0 | 0.000000e+00 | 6.902407e+03 |    Inf |  48.61%
  352s| 88800 |  5967 |  9553k| 107.6 |   426M |  41 | 290 |  78 |1109 |3555k|  2 | 278 |   0 | 0.000000e+00 | 6.902407e+03 |    Inf |  48.66%
  352s| 88900 |  5971 |  9563k| 107.6 |   426M |  41 | 290 |  78 |   0 |3558k|  0 | 278 |   0 | 0.000000e+00 | 6.902407e+03 |    Inf |  48.66%
  353s| 89000 |  5955 |  9575k| 107.6 |   426M |  41 | 290 |  78 |1122 |3562k|  1 | 278 |   0 | 0.000000e+00 | 6.902407e+03 |    Inf |  48.69%
  353s| 89100 |  5961 |  9586k| 107.6 |   426M |  41 | 290 |  78 | 944 |3567k|  4 | 278 |   0 | 0.000000e+00 | 6.902407e+03 |    Inf |  48.70%
  354s| 89200 |  5959 |  9596k| 107.6 |   426M |  41 | 290 |  78 |1139 |3571k|  1 | 278 |   0 | 0.000000e+00 | 6.902407e+03 |    Inf |  48.71%
  354s| 89300 |  5953 |  9606k| 107.6 |   426M |  41 | 290 |  78 |   0 |3575k|  0 | 278 |   0 | 0.000000e+00 | 6.902407e+03 |    Inf |  48.75%
  355s| 89400 |  5947 |  9615k| 107.5 |   426M |  41 | 290 |  78 |   0 |3578k|  0 | 279 |   0 | 0.000000e+00 | 6.902407e+03 |    Inf |  48.76%
  355s| 89500 |  5955 |  9624k| 107.5 |   426M |  41 | 290 |  78 |1220 |3582k|  2 | 282 |   0 | 0.000000e+00 | 6.902407e+03 |    Inf |  48.78%
  355s| 89600 |  5957 |  9636k| 107.5 |   426M |  41 | 290 |  78 |1152 |3586k|  4 | 282 |   0 | 0.000000e+00 | 6.902407e+03 |    Inf |  48.78%
  356s| 89700 |  5951 |  9645k| 107.5 |   426M |  41 | 290 |  78 | 874 |3590k|  2 | 282 |   0 | 0.000000e+00 | 6.902407e+03 |    Inf |  48.80%
  356s| 89800 |  5955 |  9654k| 107.5 |   426M |  41 | 290 |  78 |1111 |3594k|  2 | 282 |   0 | 0.000000e+00 | 6.902407e+03 |    Inf |  48.80%
  356s| 89900 |  5943 |  9663k| 107.5 |   426M |  41 | 290 |  78 |1003 |3597k|  1 | 283 |   0 | 0.000000e+00 | 6.902407e+03 |    Inf |  48.86%
  357s| 90000 |  5939 |  9674k| 107.5 |   426M |  41 | 290 |  78 | 978 |3601k|  4 | 283 |   0 | 0.000000e+00 | 6.902407e+03 |    Inf |  48.96%
 time | node  | left  |LP iter|LP it/n|mem/heur|mdpt |vars |cons |rows |cuts |sepa|confs|strbr|  dualbound   | primalbound  |  gap   | compl. 
  357s| 90100 |  5937 |  9685k| 107.5 |   426M |  41 | 290 |  78 |1158 |3605k|  2 | 284 |   0 | 0.000000e+00 | 6.902407e+03 |    Inf |  48.97%
  358s| 90200 |  5937 |  9696k| 107.5 |   426M |  41 | 290 |  78 |1016 |3609k|  3 | 286 |   0 | 0.000000e+00 | 6.902407e+03 |    Inf |  49.01%
  358s| 90300 |  5933 |  9706k| 107.5 |   426M |  41 | 290 |  78 |1304 |3613k|  0 | 289 |   0 | 0.000000e+00 | 6.902407e+03 |    Inf |  49.02%
  358s| 90400 |  5939 |  9717k| 107.5 |   426M |  41 | 290 |  78 |1328 |3617k|  2 | 291 |   0 | 0.000000e+00 | 6.902407e+03 |    Inf |  49.05%
  359s| 90500 |  5929 |  9725k| 107.5 |   426M |  41 | 290 |  78 |1367 |3620k|  3 | 292 |   0 | 0.000000e+00 | 6.902407e+03 |    Inf |  49.06%
  359s| 90600 |  5917 |  9733k| 107.4 |   426M |  41 | 290 |  78 | 961 |3624k|  3 | 293 |   0 | 0.000000e+00 | 6.902407e+03 |    Inf |  49.16%
  360s| 90700 |  5949 |  9745k| 107.4 |   426M |  41 | 290 |  78 |1140 |3628k|  2 | 293 |   0 | 0.000000e+00 | 6.902407e+03 |    Inf |  49.19%
  360s| 90800 |  5967 |  9757k| 107.5 |   426M |  41 | 290 |  78 |1268 |3633k|  3 | 293 |   0 | 0.000000e+00 | 6.902407e+03 |    Inf |  49.19%
  361s| 90900 |  5957 |  9768k| 107.5 |   426M |  41 | 290 |  78 |1248 |3637k|  3 | 293 |   0 | 0.000000e+00 | 6.902407e+03 |    Inf |  49.19%
  361s| 91000 |  5935 |  9781k| 107.5 |   426M |  41 | 290 |  78 |1298 |3641k|  3 | 293 |   0 | 0.000000e+00 | 6.902407e+03 |    Inf |  49.19%
  361s| 91100 |  5937 |  9789k| 107.5 |   426M |  41 | 290 |  78 | 997 |3644k|  1 | 293 |   0 | 0.000000e+00 | 6.902407e+03 |    Inf |  49.19%
  362s| 91200 |  5993 |  9800k| 107.5 |   426M |  41 | 290 |  78 | 796 |3648k|  5 | 293 |   0 | 0.000000e+00 | 6.902407e+03 |    Inf |  49.19%
  362s| 91300 |  6041 |  9809k| 107.4 |   426M |  41 | 290 |  78 |1023 |3651k|  3 | 294 |   0 | 0.000000e+00 | 6.902407e+03 |    Inf |  49.19%
  362s| 91400 |  6075 |  9818k| 107.4 |   429M |  41 | 290 |  78 |1039 |3655k|  2 | 294 |   0 | 0.000000e+00 | 6.902407e+03 |    Inf |  49.19%
  363s| 91500 |  6109 |  9829k| 107.4 |   429M |  41 | 290 |  78 |1030 |3658k|  3 | 294 |   0 | 0.000000e+00 | 6.902407e+03 |    Inf |  49.19%
 time | node  | left  |LP iter|LP it/n|mem/heur|mdpt |vars |cons |rows |cuts |sepa|confs|strbr|  dualbound   | primalbound  |  gap   | compl. 
  363s| 91600 |  6137 |  9837k| 107.4 |   429M |  41 | 290 |  78 | 975 |3662k|  1 | 294 |   0 | 0.000000e+00 | 6.902407e+03 |    Inf |  49.19%
  364s| 91700 |  6159 |  9847k| 107.4 |   431M |  41 | 290 |  78 |1022 |3666k|  3 | 294 |   0 | 0.000000e+00 | 6.902407e+03 |    Inf |  49.19%
  364s| 91800 |  6177 |  9858k| 107.4 |   431M |  41 | 290 |  78 |1065 |3669k|  3 | 294 |   0 | 0.000000e+00 | 6.902407e+03 |    Inf |  49.19%
  364s| 91900 |  6203 |  9866k| 107.4 |   432M |  41 | 290 |  78 |1041 |3673k|  2 | 294 |   0 | 0.000000e+00 | 6.902407e+03 |    Inf |  49.20%
  365s| 92000 |  6227 |  9875k| 107.3 |   433M |  41 | 290 |  78 |1036 |3676k|  2 | 294 |   0 | 0.000000e+00 | 6.902407e+03 |    Inf |  49.20%
  365s| 92100 |  6245 |  9884k| 107.3 |   433M |  41 | 290 |  78 |1091 |3680k|  2 | 294 |   0 | 0.000000e+00 | 6.902407e+03 |    Inf |  49.20%
  365s| 92200 |  6255 |  9892k| 107.3 |   433M |  41 | 290 |  78 |1122 |3683k|  4 | 294 |   0 | 0.000000e+00 | 6.902407e+03 |    Inf |  49.20%
  366s| 92300 |  6263 |  9902k| 107.3 |   433M |  41 | 290 |  78 |1140 |3687k|  2 | 294 |   0 | 0.000000e+00 | 6.902407e+03 |    Inf |  49.20%
  366s| 92400 |  6267 |  9912k| 107.3 |   434M |  41 | 290 |  78 |1011 |3690k|  3 | 294 |   0 | 0.000000e+00 | 6.902407e+03 |    Inf |  49.20%
  367s| 92500 |  6271 |  9921k| 107.3 |   434M |  41 | 290 |  78 |1179 |3694k|  2 | 294 |   0 | 0.000000e+00 | 6.902407e+03 |    Inf |  49.20%
  367s| 92600 |  6279 |  9931k| 107.2 |   436M |  41 | 290 |  78 |1106 |3698k|  2 | 294 |   0 | 0.000000e+00 | 6.902407e+03 |    Inf |  49.20%
  367s| 92700 |  6279 |  9941k| 107.2 |   436M |  41 | 290 |  78 |1100 |3701k|  0 | 294 |   0 | 0.000000e+00 | 6.902407e+03 |    Inf |  49.20%
  368s| 92800 |  6285 |  9952k| 107.2 |   436M |  41 | 290 |  78 |1139 |3705k|  1 | 294 |   0 | 0.000000e+00 | 6.902407e+03 |    Inf |  49.20%
  368s| 92900 |  6289 |  9962k| 107.2 |   436M |  41 | 290 |  78 |1157 |3708k|  2 | 294 |   0 | 0.000000e+00 | 6.902407e+03 |    Inf |  49.20%
  369s| 93000 |  6291 |  9971k| 107.2 |   437M |  41 | 290 |  78 |1202 |3711k|  3 | 294 |   0 | 0.000000e+00 | 6.902407e+03 |    Inf |  49.20%
 time | node  | left  |LP iter|LP it/n|mem/heur|mdpt |vars |cons |rows |cuts |sepa|confs|strbr|  dualbound   | primalbound  |  gap   | compl. 
  369s| 93100 |  6287 |  9981k| 107.2 |   438M |  41 | 290 |  78 |1161 |3715k|  3 | 294 |   0 | 0.000000e+00 | 6.902407e+03 |    Inf |  49.20%
  369s| 93200 |  6287 |  9991k| 107.2 |   438M |  41 | 290 |  78 |1199 |3718k|  4 | 294 |   0 | 0.000000e+00 | 6.902407e+03 |    Inf |  49.20%
  370s| 93300 |  6265 | 10001k| 107.2 |   438M |  41 | 290 |  78 |1259 |3721k|  4 | 294 |   0 | 0.000000e+00 | 6.902407e+03 |    Inf |  49.20%
  370s| 93400 |  6257 | 10011k| 107.2 |   438M |  41 | 290 |  78 |1213 |3725k|  1 | 294 |   0 | 0.000000e+00 | 6.902407e+03 |    Inf |  49.20%
  371s| 93500 |  6241 | 10022k| 107.2 |   438M |  41 | 290 |  78 |1261 |3728k|  2 | 294 |   0 | 0.000000e+00 | 6.902407e+03 |    Inf |  49.20%
  371s| 93600 |  6221 | 10033k| 107.2 |   438M |  41 | 290 |  78 |1345 |3732k|  3 | 294 |   0 | 0.000000e+00 | 6.902407e+03 |    Inf |  49.20%
  371s| 93700 |  6197 | 10043k| 107.2 |   438M |  41 | 290 |  78 |1250 |3735k|  3 | 294 |   0 | 0.000000e+00 | 6.902407e+03 |    Inf |  49.20%
  372s| 93800 |  6175 | 10053k| 107.2 |   438M |  41 | 290 |  78 |1312 |3738k|  2 | 294 |   0 | 0.000000e+00 | 6.902407e+03 |    Inf |  49.20%
  372s| 93900 |  6155 | 10063k| 107.2 |   438M |  41 | 290 |  78 |1076 |3742k|  2 | 295 |   0 | 0.000000e+00 | 6.902407e+03 |    Inf |  49.20%
  373s| 94000 |  6143 | 10072k| 107.2 |   438M |  41 | 290 |  78 |1206 |3745k|  1 | 295 |   0 | 0.000000e+00 | 6.902407e+03 |    Inf |  49.20%
  373s| 94100 |  6129 | 10081k| 107.1 |   438M |  41 | 290 |  78 |1166 |3748k|  2 | 295 |   0 | 0.000000e+00 | 6.902407e+03 |    Inf |  49.20%
  373s| 94200 |  6123 | 10091k| 107.1 |   438M |  41 | 290 |  78 |1225 |3752k|  3 | 295 |   0 | 0.000000e+00 | 6.902407e+03 |    Inf |  49.20%
  374s| 94300 |  6115 | 10101k| 107.1 |   438M |  41 | 290 |  78 |1055 |3755k|  1 | 295 |   0 | 0.000000e+00 | 6.902407e+03 |    Inf |  49.20%
  374s| 94400 |  6113 | 10109k| 107.1 |   438M |  41 | 290 |  78 | 988 |3758k|  4 | 295 |   0 | 0.000000e+00 | 6.902407e+03 |    Inf |  49.20%
  374s| 94500 |  6099 | 10118k| 107.1 |   438M |  41 | 290 |  78 |1170 |3762k|  1 | 298 |   0 | 0.000000e+00 | 6.902407e+03 |    Inf |  49.20%
 time | node  | left  |LP iter|LP it/n|mem/heur|mdpt |vars |cons |rows |cuts |sepa|confs|strbr|  dualbound   | primalbound  |  gap   | compl. 
  375s| 94600 |  6087 | 10129k| 107.1 |   438M |  41 | 290 |  78 |1098 |3765k|  1 | 298 |   0 | 0.000000e+00 | 6.902407e+03 |    Inf |  49.20%
  375s| 94700 |  6081 | 10139k| 107.1 |   438M |  41 | 290 |  78 |1120 |3769k|  3 | 301 |   0 | 0.000000e+00 | 6.902407e+03 |    Inf |  49.26%
  375s| 94800 |  6093 | 10148k| 107.0 |   438M |  41 | 290 |  78 |1078 |3773k|  2 | 301 |   0 | 0.000000e+00 | 6.902407e+03 |    Inf |  49.29%
  376s| 94900 |  6091 | 10157k| 107.0 |   438M |  41 | 290 |  78 |1265 |3776k|  2 | 301 |   0 | 0.000000e+00 | 6.902407e+03 |    Inf |  49.29%
  376s| 95000 |  6089 | 10165k| 107.0 |   438M |  41 | 290 |  78 |1047 |3780k|  2 | 302 |   0 | 0.000000e+00 | 6.902407e+03 |    Inf |  49.35%
  377s| 95100 |  6079 | 10175k| 107.0 |   438M |  41 | 290 |  78 |1360 |3783k|  2 | 302 |   0 | 0.000000e+00 | 6.902407e+03 |    Inf |  49.43%
  377s| 95200 |  6085 | 10186k| 107.0 |   438M |  41 | 290 |  78 |1071 |3788k|  3 | 302 |   0 | 0.000000e+00 | 6.902407e+03 |    Inf |  49.44%
  377s| 95300 |  6079 | 10199k| 107.0 |   438M |  41 | 290 |  78 |1140 |3793k|  1 | 302 |   0 | 0.000000e+00 | 6.902407e+03 |    Inf |  49.46%
  378s| 95400 |  6075 | 10207k| 107.0 |   438M |  41 | 290 |  78 |1298 |3796k|  3 | 302 |   0 | 0.000000e+00 | 6.902407e+03 |    Inf |  49.51%
  378s| 95500 |  6083 | 10218k| 107.0 |   438M |  41 | 290 |  78 |1146 |3801k|  3 | 302 |   0 | 0.000000e+00 | 6.902407e+03 |    Inf |  49.52%
  379s| 95600 |  6069 | 10229k| 107.0 |   438M |  41 | 290 |  78 | 963 |3805k|  2 | 303 |   0 | 0.000000e+00 | 6.902407e+03 |    Inf |  49.57%
  379s| 95700 |  6081 | 10239k| 107.0 |   438M |  41 | 290 |  78 |1097 |3809k|  3 | 304 |   0 | 0.000000e+00 | 6.902407e+03 |    Inf |  49.64%
  379s| 95800 |  6069 | 10251k| 107.0 |   438M |  41 | 290 |  78 |   0 |3813k|  0 | 304 |   0 | 0.000000e+00 | 6.902407e+03 |    Inf |  49.65%
  380s| 95900 |  6055 | 10261k| 107.0 |   438M |  41 | 290 |  78 |1191 |3817k|  1 | 304 |   0 | 0.000000e+00 | 6.902407e+03 |    Inf |  49.72%
  380s| 96000 |  6047 | 10272k| 107.0 |   438M |  41 | 290 |  78 |1064 |3821k|  1 | 304 |   0 | 0.000000e+00 | 6.902407e+03 |    Inf |  49.78%
 time | node  | left  |LP iter|LP it/n|mem/heur|mdpt |vars |cons |rows |cuts |sepa|confs|strbr|  dualbound   | primalbound  |  gap   | compl. 
  381s| 96100 |  6051 | 10282k| 107.0 |   438M |  41 | 290 |  78 |1090 |3824k|  3 | 304 |   0 | 0.000000e+00 | 6.902407e+03 |    Inf |  49.81%
  381s| 96200 |  6051 | 10293k| 107.0 |   438M |  41 | 290 |  78 | 871 |3828k|  3 | 305 |   0 | 0.000000e+00 | 6.902407e+03 |    Inf |  49.81%
  381s| 96300 |  6053 | 10302k| 107.0 |   438M |  41 | 290 |  78 |1313 |3832k|  3 | 305 |   0 | 0.000000e+00 | 6.902407e+03 |    Inf |  49.81%
  382s| 96400 |  6037 | 10311k| 107.0 |   438M |  41 | 290 |  78 | 954 |3835k|  1 | 305 |   0 | 0.000000e+00 | 6.902407e+03 |    Inf |  49.88%
  382s| 96500 |  6025 | 10321k| 107.0 |   438M |  41 | 290 |  78 |1016 |3839k|  2 | 305 |   0 | 0.000000e+00 | 6.902407e+03 |    Inf |  49.94%
  383s| 96600 |  6029 | 10332k| 107.0 |   438M |  41 | 290 |  78 |1112 |3843k|  1 | 305 |   0 | 0.000000e+00 | 6.902407e+03 |    Inf |  49.99%
  383s| 96700 |  6023 | 10340k| 106.9 |   438M |  41 | 290 |  78 |1069 |3846k|  1 | 305 |   0 | 0.000000e+00 | 6.902407e+03 |    Inf |  50.00%
  383s| 96800 |  6013 | 10349k| 106.9 |   438M |  41 | 290 |  78 | 999 |3850k|  1 | 305 |   0 | 0.000000e+00 | 6.902407e+03 |    Inf |  50.07%
  384s| 96900 |  6013 | 10359k| 106.9 |   438M |  41 | 290 |  78 |1251 |3853k|  1 | 306 |   0 | 0.000000e+00 | 6.902407e+03 |    Inf |  50.07%
  384s| 97000 |  6013 | 10369k| 106.9 |   438M |  41 | 290 |  78 |1265 |3857k|  3 | 308 |   0 | 0.000000e+00 | 6.902407e+03 |    Inf |  50.09%
  384s| 97100 |  6009 | 10378k| 106.9 |   438M |  41 | 290 |  78 |1296 |3860k|  3 | 308 |   0 | 0.000000e+00 | 6.902407e+03 |    Inf |  50.09%
  385s| 97200 |  6011 | 10388k| 106.9 |   438M |  41 | 290 |  78 |1272 |3864k|  2 | 309 |   0 | 0.000000e+00 | 6.902407e+03 |    Inf |  50.09%
  385s| 97300 |  6001 | 10397k| 106.9 |   438M |  41 | 290 |  78 |1005 |3867k|  2 | 310 |   0 | 0.000000e+00 | 6.902407e+03 |    Inf |  50.13%
  385s| 97400 |  6021 | 10406k| 106.8 |   438M |  41 | 290 |  78 |1014 |3871k|  3 | 310 |   0 | 0.000000e+00 | 6.902407e+03 |    Inf |  50.16%
  386s| 97500 |  6011 | 10417k| 106.8 |   438M |  41 | 290 |  78 |1116 |3874k|  1 | 310 |   0 | 0.000000e+00 | 6.902407e+03 |    Inf |  50.16%
 time | node  | left  |LP iter|LP it/n|mem/heur|mdpt |vars |cons |rows |cuts |sepa|confs|strbr|  dualbound   | primalbound  |  gap   | compl. 
  386s| 97600 |  5999 | 10427k| 106.8 |   438M |  41 | 290 |  78 |1242 |3878k|  2 | 311 |   0 | 0.000000e+00 | 6.902407e+03 |    Inf |  50.19%
  387s| 97700 |  5983 | 10437k| 106.8 |   438M |  41 | 290 |  78 |1096 |3882k|  3 | 311 |   0 | 0.000000e+00 | 6.902407e+03 |    Inf |  50.29%
  387s| 97800 |  5979 | 10445k| 106.8 |   438M |  41 | 290 |  78 |1340 |3885k|  3 | 311 |   0 | 0.000000e+00 | 6.902407e+03 |    Inf |  50.32%
  387s| 97900 |  5977 | 10455k| 106.8 |   438M |  41 | 290 |  78 |1153 |3889k|  1 | 311 |   0 | 0.000000e+00 | 6.902407e+03 |    Inf |  50.32%
  388s| 98000 |  5983 | 10466k| 106.8 |   438M |  41 | 290 |  78 |1030 |3893k|  0 | 314 |   0 | 0.000000e+00 | 6.902407e+03 |    Inf |  50.34%
  388s| 98100 |  5991 | 10476k| 106.8 |   438M |  41 | 290 |  78 |1107 |3896k|  2 | 315 |   0 | 0.000000e+00 | 6.902407e+03 |    Inf |  50.34%
  389s| 98200 |  5985 | 10483k| 106.8 |   438M |  41 | 290 |  78 |1159 |3899k|  3 | 317 |   0 | 0.000000e+00 | 6.902407e+03 |    Inf |  50.35%
  389s| 98300 |  5987 | 10492k| 106.7 |   438M |  41 | 290 |  78 | 940 |3903k|  4 | 317 |   0 | 0.000000e+00 | 6.902407e+03 |    Inf |  50.36%
  389s| 98400 |  5985 | 10500k| 106.7 |   438M |  41 | 290 |  78 |1159 |3907k|  1 | 318 |   0 | 0.000000e+00 | 6.902407e+03 |    Inf |  50.36%
  390s| 98500 |  5987 | 10512k| 106.7 |   438M |  41 | 290 |  78 |1013 |3911k|  2 | 320 |   0 | 0.000000e+00 | 6.902407e+03 |    Inf |  50.36%
  390s| 98600 |  5987 | 10520k| 106.7 |   438M |  41 | 290 |  78 |1059 |3914k|  3 | 321 |   0 | 0.000000e+00 | 6.902407e+03 |    Inf |  50.36%
  390s| 98700 |  5985 | 10527k| 106.7 |   438M |  41 | 290 |  78 |1209 |3917k|  2 | 324 |   0 | 0.000000e+00 | 6.902407e+03 |    Inf |  50.36%
  391s| 98800 |  5993 | 10537k| 106.7 |   438M |  41 | 290 |  78 |1308 |3921k|  4 | 324 |   0 | 0.000000e+00 | 6.902407e+03 |    Inf |  50.36%
  391s| 98900 |  5975 | 10550k| 106.7 |   438M |  41 | 290 |  78 |1201 |3925k|  3 | 324 |   0 | 0.000000e+00 | 6.902407e+03 |    Inf |  50.40%
  392s| 99000 |  5973 | 10558k| 106.6 |   438M |  41 | 290 |  78 |1101 |3928k|  1 | 325 |   0 | 0.000000e+00 | 6.902407e+03 |    Inf |  50.43%
 time | node  | left  |LP iter|LP it/n|mem/heur|mdpt |vars |cons |rows |cuts |sepa|confs|strbr|  dualbound   | primalbound  |  gap   | compl. 
  392s| 99100 |  5979 | 10571k| 106.7 |   438M |  41 | 290 |  78 |   0 |3932k|  0 | 325 |   0 | 0.000000e+00 | 6.902407e+03 |    Inf |  50.44%
  392s| 99200 |  5985 | 10578k| 106.6 |   438M |  41 | 290 |  78 |1047 |3936k|  3 | 326 |   0 | 0.000000e+00 | 6.902407e+03 |    Inf |  50.46%
  393s| 99300 |  5981 | 10589k| 106.6 |   438M |  41 | 290 |  78 | 951 |3940k|  3 | 326 |   0 | 0.000000e+00 | 6.902407e+03 |    Inf |  50.46%
  393s| 99400 |  5989 | 10601k| 106.6 |   438M |  41 | 290 |  78 |1188 |3944k|  2 | 326 |   0 | 0.000000e+00 | 6.902407e+03 |    Inf |  50.46%
  393s| 99500 |  5993 | 10610k| 106.6 |   438M |  41 | 290 |  78 | 707 |3948k|  3 | 326 |   0 | 0.000000e+00 | 6.902407e+03 |    Inf |  50.46%
  394s| 99600 |  6025 | 10618k| 106.6 |   438M |  41 | 290 |  78 | 879 |3951k|  5 | 326 |   0 | 0.000000e+00 | 6.902407e+03 |    Inf |  50.46%
  394s| 99700 |  6033 | 10626k| 106.6 |   438M |  41 | 290 |  78 | 995 |3954k|  2 | 326 |   0 | 0.000000e+00 | 6.902407e+03 |    Inf |  50.46%
  394s| 99800 |  6015 | 10636k| 106.6 |   438M |  41 | 290 |  78 | 939 |3957k|  4 | 326 |   0 | 0.000000e+00 | 6.902407e+03 |    Inf |  50.47%
  395s| 99900 |  6037 | 10646k| 106.6 |   438M |  41 | 290 |  78 |1129 |3961k|  1 | 328 |   0 | 0.000000e+00 | 6.902407e+03 |    Inf |  50.47%
  395s|100000 |  6033 | 10654k| 106.5 |   438M |  41 | 290 |  78 |1116 |3964k|  1 | 330 |   0 | 0.000000e+00 | 6.902407e+03 |    Inf |  50.47%
  395s|100100 |  6021 | 10663k| 106.5 |   438M |  41 | 290 |  78 |1008 |3967k|  3 | 333 |   0 | 0.000000e+00 | 6.902407e+03 |    Inf |  50.47%
  396s|100200 |  6025 | 10672k| 106.5 |   438M |  41 | 290 |  78 |1137 |3971k|  3 | 334 |   0 | 0.000000e+00 | 6.902407e+03 |    Inf |  50.47%
  396s|100300 |  6025 | 10679k| 106.5 |   438M |  41 | 290 |  78 |1131 |3973k|  2 | 337 |   0 | 0.000000e+00 | 6.902407e+03 |    Inf |  50.47%
  397s|100400 |  6027 | 10687k| 106.4 |   438M |  41 | 290 |  78 |1039 |3977k|  4 | 339 |   0 | 0.000000e+00 | 6.902407e+03 |    Inf |  50.47%
  397s|100500 |  6021 | 10695k| 106.4 |   438M |  41 | 290 |  78 |1212 |3980k|  3 | 342 |   0 | 0.000000e+00 | 6.902407e+03 |    Inf |  50.50%
 time | node  | left  |LP iter|LP it/n|mem/heur|mdpt |vars |cons |rows |cuts |sepa|confs|strbr|  dualbound   | primalbound  |  gap   | compl. 
  397s|100600 |  6025 | 10705k| 106.4 |   438M |  41 | 290 |  78 |   0 |3984k|  0 | 342 |   0 | 0.000000e+00 | 6.902407e+03 |    Inf |  50.53%
  398s|100700 |  6019 | 10715k| 106.4 |   438M |  41 | 290 |  78 | 840 |3988k|  1 | 344 |   0 | 0.000000e+00 | 6.902407e+03 |    Inf |  50.54%
  398s|100800 |  6031 | 10726k| 106.4 |   438M |  41 | 290 |  78 | 841 |3992k|  3 | 344 |   0 | 0.000000e+00 | 6.902407e+03 |    Inf |  50.56%
  398s|100900 |  6047 | 10735k| 106.4 |   438M |  41 | 290 |  78 | 925 |3996k|  3 | 344 |   0 | 0.000000e+00 | 6.902407e+03 |    Inf |  50.56%
  399s|101000 |  6057 | 10744k| 106.4 |   438M |  41 | 290 |  78 | 995 |4000k|  1 | 344 |   0 | 0.000000e+00 | 6.902407e+03 |    Inf |  50.56%
  399s|101100 |  6047 | 10755k| 106.4 |   438M |  41 | 290 |  78 |1129 |4004k|  3 | 345 |   0 | 0.000000e+00 | 6.902407e+03 |    Inf |  50.56%
  400s|101200 |  6045 | 10765k| 106.4 |   438M |  41 | 290 |  78 |1355 |4008k|  3 | 346 |   0 | 0.000000e+00 | 6.902407e+03 |    Inf |  50.56%
  400s|101300 |  6045 | 10775k| 106.4 |   438M |  41 | 290 |  78 |1248 |4012k|  2 | 346 |   0 | 0.000000e+00 | 6.902407e+03 |    Inf |  50.58%
  400s|101400 |  6045 | 10784k| 106.4 |   438M |  41 | 290 |  78 |1063 |4015k|  1 | 346 |   0 | 0.000000e+00 | 6.902407e+03 |    Inf |  50.59%
  401s|101500 |  6051 | 10794k| 106.3 |   438M |  41 | 290 |  78 | 876 |4019k|  3 | 346 |   0 | 0.000000e+00 | 6.902407e+03 |    Inf |  50.59%
  401s|101600 |  6051 | 10804k| 106.3 |   438M |  41 | 290 |  78 |1000 |4023k|  1 | 348 |   0 | 0.000000e+00 | 6.902407e+03 |    Inf |  50.60%
  401s|101700 |  6057 | 10814k| 106.3 |   438M |  41 | 290 |  78 |1137 |4027k|  1 | 350 |   0 | 0.000000e+00 | 6.902407e+03 |    Inf |  50.60%
  402s|101800 |  6041 | 10823k| 106.3 |   438M |  41 | 290 |  78 | 800 |4030k|  2 | 352 |   0 | 0.000000e+00 | 6.902407e+03 |    Inf |  50.66%
  402s|101900 |  6051 | 10833k| 106.3 |   438M |  41 | 290 |  78 |1029 |4034k|  4 | 353 |   0 | 0.000000e+00 | 6.902407e+03 |    Inf |  50.67%
  402s|102000 |  6039 | 10841k| 106.3 |   439M |  41 | 290 |  78 |1058 |4038k|  3 | 354 |   0 | 0.000000e+00 | 6.902407e+03 |    Inf |  50.69%
 time | node  | left  |LP iter|LP it/n|mem/heur|mdpt |vars |cons |rows |cuts |sepa|confs|strbr|  dualbound   | primalbound  |  gap   | compl. 
  403s|102100 |  6039 | 10850k| 106.3 |   439M |  41 | 290 |  78 |1118 |4041k|  1 | 355 |   0 | 0.000000e+00 | 6.902407e+03 |    Inf |  50.70%
  403s|102200 |  6037 | 10861k| 106.3 |   439M |  41 | 290 |  78 | 937 |4045k|  3 | 355 |   0 | 0.000000e+00 | 6.902407e+03 |    Inf |  50.70%
  404s|102300 |  6037 | 10870k| 106.3 |   439M |  41 | 290 |  78 |1300 |4049k|  1 | 356 |   0 | 0.000000e+00 | 6.902407e+03 |    Inf |  50.70%
  404s|102400 |  6023 | 10880k| 106.2 |   439M |  41 | 290 |  78 | 952 |4052k|  1 | 356 |   0 | 0.000000e+00 | 6.902407e+03 |    Inf |  50.70%
  404s|102500 |  6045 | 10887k| 106.2 |   439M |  41 | 290 |  78 | 945 |4056k|  4 | 358 |   0 | 0.000000e+00 | 6.902407e+03 |    Inf |  50.71%
  405s|102600 |  6055 | 10893k| 106.2 |   439M |  41 | 290 |  78 |1052 |4060k|  3 | 358 |   0 | 0.000000e+00 | 6.902407e+03 |    Inf |  50.71%
  405s|102700 |  6051 | 10902k| 106.1 |   439M |  41 | 290 |  78 |1076 |4063k|  3 | 360 |   0 | 0.000000e+00 | 6.902407e+03 |    Inf |  50.71%
  405s|102800 |  6061 | 10912k| 106.1 |   439M |  41 | 290 |  78 | 971 |4067k|  3 | 360 |   0 | 0.000000e+00 | 6.902407e+03 |    Inf |  50.71%
  406s|102900 |  6069 | 10922k| 106.1 |   439M |  41 | 290 |  78 |1051 |4070k|  3 | 360 |   0 | 0.000000e+00 | 6.902407e+03 |    Inf |  50.71%
  406s|103000 |  6061 | 10933k| 106.1 |   439M |  41 | 290 |  78 |1283 |4075k|  2 | 360 |   0 | 0.000000e+00 | 6.902407e+03 |    Inf |  50.80%
  406s|103100 |  6065 | 10946k| 106.2 |   439M |  41 | 290 |  78 |1148 |4079k|  1 | 360 |   0 | 0.000000e+00 | 6.902407e+03 |    Inf |  50.83%
  407s|103200 |  6055 | 10957k| 106.2 |   439M |  41 | 290 |  78 |1278 |4083k|  1 | 360 |   0 | 0.000000e+00 | 6.902407e+03 |    Inf |  50.90%
  407s|103300 |  6053 | 10966k| 106.2 |   439M |  41 | 290 |  78 |1081 |4086k|  3 | 360 |   0 | 0.000000e+00 | 6.902407e+03 |    Inf |  50.92%
  408s|103400 |  6045 | 10975k| 106.1 |   439M |  41 | 290 |  78 |1062 |4089k|  0 | 361 |   0 | 0.000000e+00 | 6.902407e+03 |    Inf |  50.94%
  408s|103500 |  6039 | 10983k| 106.1 |   439M |  41 | 290 |  78 |1171 |4093k|  2 | 367 |   0 | 0.000000e+00 | 6.902407e+03 |    Inf |  50.97%
 time | node  | left  |LP iter|LP it/n|mem/heur|mdpt |vars |cons |rows |cuts |sepa|confs|strbr|  dualbound   | primalbound  |  gap   | compl. 
  408s|103600 |  6035 | 10995k| 106.1 |   439M |  41 | 290 |  78 |1108 |4097k|  3 | 367 |   0 | 0.000000e+00 | 6.902407e+03 |    Inf |  51.03%
  409s|103700 |  6031 | 11005k| 106.1 |   439M |  41 | 290 |  78 |1118 |4100k|  4 | 367 |   0 | 0.000000e+00 | 6.902407e+03 |    Inf |  51.08%
  409s|103800 |  6019 | 11013k| 106.1 |   439M |  41 | 290 |  78 | 869 |4104k|  3 | 367 |   0 | 0.000000e+00 | 6.902407e+03 |    Inf |  51.11%
  410s|103900 |  6061 | 11023k| 106.1 |   439M |  41 | 290 |  78 | 898 |4108k|  3 | 368 |   0 | 0.000000e+00 | 6.902407e+03 |    Inf |  51.11%
  410s|104000 |  6097 | 11032k| 106.1 |   439M |  41 | 290 |  78 | 988 |4112k|  3 | 369 |   0 | 0.000000e+00 | 6.902407e+03 |    Inf |  51.11%
  410s|104100 |  6139 | 11041k| 106.1 |   440M |  41 | 290 |  78 |1041 |4116k|  3 | 369 |   0 | 0.000000e+00 | 6.902407e+03 |    Inf |  51.11%
  411s|104200 |  6167 | 11049k| 106.0 |   440M |  41 | 290 |  78 |1012 |4119k|  3 | 369 |   0 | 0.000000e+00 | 6.902407e+03 |    Inf |  51.11%
  411s|104300 |  6203 | 11058k| 106.0 |   440M |  41 | 290 |  78 |1035 |4123k|  2 | 370 |   0 | 0.000000e+00 | 6.902407e+03 |    Inf |  51.11%
  411s|104400 |  6231 | 11066k| 106.0 |   443M |  41 | 290 |  78 | 958 |4127k|  2 | 370 |   0 | 0.000000e+00 | 6.902407e+03 |    Inf |  51.11%
  412s|104500 |  6253 | 11075k| 106.0 |   443M |  41 | 290 |  78 |1101 |4130k|  1 | 370 |   0 | 0.000000e+00 | 6.902407e+03 |    Inf |  51.11%
  412s|104600 |  6277 | 11082k| 105.9 |   445M |  41 | 290 |  78 |1150 |4134k|  4 | 370 |   0 | 0.000000e+00 | 6.902407e+03 |    Inf |  51.11%
  412s|104700 |  6291 | 11091k| 105.9 |   446M |  41 | 290 |  78 |1092 |4137k|  1 | 371 |   0 | 0.000000e+00 | 6.902407e+03 |    Inf |  51.11%
  413s|104800 |  6307 | 11100k| 105.9 |   446M |  41 | 290 |  78 |1105 |4141k|  5 | 372 |   0 | 0.000000e+00 | 6.902407e+03 |    Inf |  51.11%
  413s|104900 |  6307 | 11109k| 105.9 |   446M |  41 | 290 |  78 |1151 |4144k|  1 | 372 |   0 | 0.000000e+00 | 6.902407e+03 |    Inf |  51.11%
  414s|105000 |  6315 | 11118k| 105.9 |   446M |  41 | 290 |  78 |1086 |4147k|  3 | 372 |   0 | 0.000000e+00 | 6.902407e+03 |    Inf |  51.11%
 time | node  | left  |LP iter|LP it/n|mem/heur|mdpt |vars |cons |rows |cuts |sepa|confs|strbr|  dualbound   | primalbound  |  gap   | compl. 
  414s|105100 |  6335 | 11126k| 105.9 |   446M |  41 | 290 |  78 |1064 |4151k|  2 | 372 |   0 | 0.000000e+00 | 6.902407e+03 |    Inf |  51.11%
  414s|105200 |  6343 | 11135k| 105.8 |   448M |  41 | 290 |  78 |1145 |4154k|  3 | 373 |   0 | 0.000000e+00 | 6.902407e+03 |    Inf |  51.11%
  415s|105300 |  6343 | 11144k| 105.8 |   448M |  41 | 290 |  78 |1142 |4157k|  3 | 373 |   0 | 0.000000e+00 | 6.902407e+03 |    Inf |  51.11%
  415s|105400 |  6345 | 11152k| 105.8 |   448M |  41 | 290 |  78 |1138 |4160k|  2 | 373 |   0 | 0.000000e+00 | 6.902407e+03 |    Inf |  51.11%
  415s|105500 |  6345 | 11163k| 105.8 |   448M |  41 | 290 |  78 |1114 |4164k|  3 | 373 |   0 | 0.000000e+00 | 6.902407e+03 |    Inf |  51.11%
  416s|105600 |  6357 | 11173k| 105.8 |   448M |  41 | 290 |  78 |1096 |4167k|  1 | 373 |   0 | 0.000000e+00 | 6.902407e+03 |    Inf |  51.11%
  416s|105700 |  6341 | 11181k| 105.8 |   448M |  41 | 290 |  78 |1123 |4171k|  1 | 373 |   0 | 0.000000e+00 | 6.902407e+03 |    Inf |  51.11%
  417s|105800 |  6343 | 11190k| 105.8 |   448M |  41 | 290 |  78 |1201 |4174k|  3 | 373 |   0 | 0.000000e+00 | 6.902407e+03 |    Inf |  51.11%
  417s|105900 |  6333 | 11200k| 105.8 |   448M |  41 | 290 |  78 |1226 |4178k|  2 | 373 |   0 | 0.000000e+00 | 6.902407e+03 |    Inf |  51.11%
  417s|106000 |  6315 | 11209k| 105.7 |   448M |  41 | 290 |  78 |1190 |4181k|  1 | 373 |   0 | 0.000000e+00 | 6.902407e+03 |    Inf |  51.11%
  418s|106100 |  6285 | 11219k| 105.7 |   448M |  41 | 290 |  78 |1233 |4184k|  1 | 373 |   0 | 0.000000e+00 | 6.902407e+03 |    Inf |  51.11%
  418s|106200 |  6251 | 11229k| 105.7 |   448M |  41 | 290 |  78 |1229 |4187k|  1 | 373 |   0 | 0.000000e+00 | 6.902407e+03 |    Inf |  51.11%
  418s|106300 |  6239 | 11240k| 105.7 |   448M |  41 | 290 |  78 |1064 |4190k|  3 | 374 |   0 | 0.000000e+00 | 6.902407e+03 |    Inf |  51.11%
  419s|106400 |  6241 | 11249k| 105.7 |   448M |  41 | 290 |  78 |1189 |4194k|  1 | 374 |   0 | 0.000000e+00 | 6.902407e+03 |    Inf |  51.11%
  419s|106500 |  6243 | 11260k| 105.7 |   448M |  41 | 290 |  78 |1161 |4197k|  3 | 375 |   0 | 0.000000e+00 | 6.902407e+03 |    Inf |  51.13%
 time | node  | left  |LP iter|LP it/n|mem/heur|mdpt |vars |cons |rows |cuts |sepa|confs|strbr|  dualbound   | primalbound  |  gap   | compl. 
  420s|106600 |  6221 | 11270k| 105.7 |   448M |  41 | 290 |  78 |1111 |4201k|  4 | 375 |   0 | 0.000000e+00 | 6.902407e+03 |    Inf |  51.13%
  420s|106700 |  6213 | 11279k| 105.7 |   448M |  41 | 290 |  78 |1157 |4204k|  3 | 377 |   0 | 0.000000e+00 | 6.902407e+03 |    Inf |  51.13%
  420s|106800 |  6195 | 11287k| 105.7 |   448M |  41 | 290 |  78 |1225 |4207k|  3 | 377 |   0 | 0.000000e+00 | 6.902407e+03 |    Inf |  51.13%
  421s|106900 |  6193 | 11296k| 105.7 |   448M |  41 | 290 |  78 |1033 |4210k|  1 | 378 |   0 | 0.000000e+00 | 6.902407e+03 |    Inf |  51.13%
  421s|107000 |  6187 | 11306k| 105.7 |   448M |  41 | 290 |  78 |1160 |4214k|  1 | 378 |   0 | 0.000000e+00 | 6.902407e+03 |    Inf |  51.13%
  421s|107100 |  6181 | 11314k| 105.6 |   448M |  41 | 290 |  78 |1108 |4217k|  3 | 379 |   0 | 0.000000e+00 | 6.902407e+03 |    Inf |  51.13%
  422s|107200 |  6177 | 11323k| 105.6 |   448M |  41 | 290 |  78 |1119 |4220k|  1 | 379 |   0 | 0.000000e+00 | 6.902407e+03 |    Inf |  51.13%
  422s|107300 |  6169 | 11331k| 105.6 |   448M |  41 | 290 |  78 |1139 |4223k|  2 | 379 |   0 | 0.000000e+00 | 6.902407e+03 |    Inf |  51.13%
  423s|107400 |  6175 | 11341k| 105.6 |   448M |  41 | 290 |  78 |1130 |4227k|  3 | 379 |   0 | 0.000000e+00 | 6.902407e+03 |    Inf |  51.13%
  423s|107500 |  6167 | 11350k| 105.6 |   448M |  41 | 290 |  78 |1192 |4230k|  2 | 379 |   0 | 0.000000e+00 | 6.902407e+03 |    Inf |  51.15%
  423s|107600 |  6163 | 11358k| 105.6 |   448M |  41 | 290 |  78 |1287 |4233k|  3 | 379 |   0 | 0.000000e+00 | 6.902407e+03 |    Inf |  51.16%
  424s|107700 |  6157 | 11368k| 105.5 |   448M |  41 | 290 |  78 |1142 |4237k|  1 | 379 |   0 | 0.000000e+00 | 6.902407e+03 |    Inf |  51.16%
  424s|107800 |  6169 | 11377k| 105.5 |   448M |  41 | 290 |  78 |1287 |4240k|  1 | 379 |   0 | 0.000000e+00 | 6.902407e+03 |    Inf |  51.16%
  425s|107900 |  6165 | 11388k| 105.5 |   448M |  41 | 290 |  78 |1260 |4244k|  2 | 379 |   0 | 0.000000e+00 | 6.902407e+03 |    Inf |  51.16%
  425s|108000 |  6151 | 11398k| 105.5 |   448M |  41 | 290 |  78 |1208 |4249k|  2 | 379 |   0 | 0.000000e+00 | 6.902407e+03 |    Inf |  51.16%
 time | node  | left  |LP iter|LP it/n|mem/heur|mdpt |vars |cons |rows |cuts |sepa|confs|strbr|  dualbound   | primalbound  |  gap   | compl. 
  425s|108100 |  6137 | 11407k| 105.5 |   448M |  41 | 290 |  78 |1352 |4252k|  2 | 379 |   0 | 0.000000e+00 | 6.902407e+03 |    Inf |  51.26%
  426s|108200 |  6133 | 11417k| 105.5 |   448M |  41 | 290 |  78 | 988 |4256k|  1 | 382 |   0 | 0.000000e+00 | 6.902407e+03 |    Inf |  51.26%
  426s|108300 |  6123 | 11428k| 105.5 |   448M |  41 | 290 |  78 |1197 |4259k|  3 | 385 |   0 | 0.000000e+00 | 6.902407e+03 |    Inf |  51.34%
  427s|108400 |  6117 | 11439k| 105.5 |   448M |  41 | 290 |  78 |1179 |4263k|  3 | 385 |   0 | 0.000000e+00 | 6.902407e+03 |    Inf |  51.36%
  427s|108500 |  6127 | 11447k| 105.5 |   448M |  41 | 290 |  78 |1248 |4266k|  1 | 385 |   0 | 0.000000e+00 | 6.902407e+03 |    Inf |  51.36%
  427s|108600 |  6123 | 11456k| 105.5 |   448M |  41 | 290 |  78 |1282 |4270k|  1 | 385 |   0 | 0.000000e+00 | 6.902407e+03 |    Inf |  51.36%
  428s|108700 |  6127 | 11464k| 105.5 |   448M |  41 | 290 |  78 |1026 |4273k|  3 | 385 |   0 | 0.000000e+00 | 6.902407e+03 |    Inf |  51.36%
  428s|108800 |  6133 | 11471k| 105.4 |   448M |  41 | 290 |  78 |1098 |4277k|  1 | 385 |   0 | 0.000000e+00 | 6.902407e+03 |    Inf |  51.36%
  428s|108900 |  6131 | 11481k| 105.4 |   448M |  41 | 290 |  78 |1239 |4280k|  3 | 385 |   0 | 0.000000e+00 | 6.902407e+03 |    Inf |  51.36%
  429s|109000 |  6127 | 11491k| 105.4 |   448M |  41 | 290 |  78 | 895 |4284k|  2 | 385 |   0 | 0.000000e+00 | 6.902407e+03 |    Inf |  51.41%
  429s|109100 |  6147 | 11501k| 105.4 |   448M |  41 | 290 |  78 | 972 |4288k|  4 | 385 |   0 | 0.000000e+00 | 6.902407e+03 |    Inf |  51.48%
  429s|109200 |  6133 | 11511k| 105.4 |   448M |  41 | 290 |  78 |1097 |4293k|  1 | 385 |   0 | 0.000000e+00 | 6.902407e+03 |    Inf |  51.48%
  430s|109300 |  6143 | 11521k| 105.4 |   448M |  41 | 290 |  78 |1091 |4296k|  2 | 385 |   0 | 0.000000e+00 | 6.902407e+03 |    Inf |  51.50%
  430s|109400 |  6143 | 11531k| 105.4 |   448M |  41 | 290 |  78 |1009 |4300k|  3 | 385 |   0 | 0.000000e+00 | 6.902407e+03 |    Inf |  51.51%
  431s|109500 |  6145 | 11541k| 105.4 |   448M |  41 | 290 |  78 |1202 |4304k|  1 | 388 |   0 | 0.000000e+00 | 6.902407e+03 |    Inf |  51.52%
 time | node  | left  |LP iter|LP it/n|mem/heur|mdpt |vars |cons |rows |cuts |sepa|confs|strbr|  dualbound   | primalbound  |  gap   | compl. 
  431s|109600 |  6143 | 11558k| 105.5 |   448M |  41 | 290 |  78 |1254 |4309k|  2 | 388 |   0 | 0.000000e+00 | 6.902407e+03 |    Inf |  51.52%
  432s|109700 |  6151 | 11569k| 105.5 |   448M |  41 | 290 |  78 |1112 |4314k|  4 | 388 |   0 | 0.000000e+00 | 6.902407e+03 |    Inf |  51.57%
  432s|109800 |  6167 | 11580k| 105.5 |   448M |  41 | 290 |  78 |1271 |4318k|  1 | 388 |   0 | 0.000000e+00 | 6.902407e+03 |    Inf |  51.57%
  433s|109900 |  6163 | 11590k| 105.5 |   448M |  41 | 290 |  78 |1281 |4322k|  2 | 388 |   0 | 0.000000e+00 | 6.902407e+03 |    Inf |  51.57%
  433s|110000 |  6153 | 11601k| 105.5 |   448M |  41 | 290 |  78 |1286 |4326k|  3 | 388 |   0 | 0.000000e+00 | 6.902407e+03 |    Inf |  51.57%
  433s|110100 |  6141 | 11614k| 105.5 |   448M |  41 | 290 |  78 |1192 |4330k|  2 | 388 |   0 | 0.000000e+00 | 6.902407e+03 |    Inf |  51.62%
  434s|110200 |  6133 | 11624k| 105.5 |   448M |  41 | 290 |  78 | 983 |4334k|  3 | 388 |   0 | 0.000000e+00 | 6.902407e+03 |    Inf |  51.70%
  434s|110300 |  6141 | 11633k| 105.5 |   448M |  41 | 290 |  78 | 958 |4337k|  2 | 391 |   0 | 0.000000e+00 | 6.902407e+03 |    Inf |  51.72%
  434s|110400 |  6145 | 11643k| 105.5 |   448M |  41 | 290 |  78 |1079 |4341k|  3 | 395 |   0 | 0.000000e+00 | 6.902407e+03 |    Inf |  51.72%
  435s|110500 |  6145 | 11651k| 105.4 |   448M |  41 | 290 |  78 | 988 |4345k|  1 | 396 |   0 | 0.000000e+00 | 6.902407e+03 |    Inf |  51.73%
  435s|110600 |  6145 | 11659k| 105.4 |   448M |  41 | 290 |  78 |1003 |4348k|  3 | 397 |   0 | 0.000000e+00 | 6.902407e+03 |    Inf |  51.74%
  435s|110700 |  6149 | 11669k| 105.4 |   448M |  41 | 290 |  78 | 822 |4353k|  4 | 397 |   0 | 0.000000e+00 | 6.902407e+03 |    Inf |  51.74%
  436s|110800 |  6167 | 11681k| 105.4 |   448M |  41 | 290 |  78 |1046 |4357k|  3 | 398 |   0 | 0.000000e+00 | 6.902407e+03 |    Inf |  51.74%
  436s|110900 |  6167 | 11693k| 105.4 |   448M |  41 | 290 |  78 | 934 |4361k|  3 | 399 |   0 | 0.000000e+00 | 6.902407e+03 |    Inf |  51.74%
  437s|111000 |  6151 | 11703k| 105.4 |   448M |  41 | 290 |  78 |1056 |4365k|  3 | 400 |   0 | 0.000000e+00 | 6.902407e+03 |    Inf |  51.76%
 time | node  | left  |LP iter|LP it/n|mem/heur|mdpt |vars |cons |rows |cuts |sepa|confs|strbr|  dualbound   | primalbound  |  gap   | compl. 
  437s|111100 |  6147 | 11716k| 105.5 |   448M |  41 | 290 |  78 |1113 |4369k|  1 | 400 |   0 | 0.000000e+00 | 6.902407e+03 |    Inf |  51.78%
  437s|111200 |  6141 | 11726k| 105.5 |   448M |  41 | 290 |  78 |1069 |4373k|  3 | 400 |   0 | 0.000000e+00 | 6.902407e+03 |    Inf |  51.80%
  438s|111300 |  6145 | 11737k| 105.5 |   448M |  41 | 290 |  78 |1042 |4377k|  1 | 400 |   0 | 0.000000e+00 | 6.902407e+03 |    Inf |  51.85%
  438s|111400 |  6141 | 11746k| 105.4 |   448M |  41 | 290 |  78 |1078 |4380k|  2 | 403 |   0 | 0.000000e+00 | 6.902407e+03 |    Inf |  51.87%
  439s|111500 |  6137 | 11757k| 105.4 |   448M |  41 | 290 |  78 |1133 |4384k|  1 | 403 |   0 | 0.000000e+00 | 6.902407e+03 |    Inf |  51.87%
  439s|111600 |  6133 | 11766k| 105.4 |   448M |  41 | 290 |  78 |1156 |4388k|  4 | 403 |   0 | 0.000000e+00 | 6.902407e+03 |    Inf |  51.90%
  439s|111700 |  6121 | 11777k| 105.4 |   448M |  41 | 290 |  78 |1190 |4391k|  3 | 404 |   0 | 0.000000e+00 | 6.902407e+03 |    Inf |  51.95%
  440s|111800 |  6121 | 11787k| 105.4 |   448M |  41 | 290 |  78 | 861 |4395k|  3 | 404 |   0 | 0.000000e+00 | 6.902407e+03 |    Inf |  52.01%
  440s|111900 |  6119 | 11795k| 105.4 |   448M |  41 | 290 |  78 | 986 |4399k|  3 | 405 |   0 | 0.000000e+00 | 6.902407e+03 |    Inf |  52.01%
  440s|112000 |  6115 | 11806k| 105.4 |   448M |  41 | 290 |  78 | 942 |4403k|  3 | 407 |   0 | 0.000000e+00 | 6.902407e+03 |    Inf |  52.04%
  441s|112100 |  6101 | 11817k| 105.4 |   448M |  41 | 290 |  78 |1146 |4406k|  2 | 407 |   0 | 0.000000e+00 | 6.902407e+03 |    Inf |  52.08%
  441s|112200 |  6105 | 11827k| 105.4 |   448M |  41 | 290 |  78 |1109 |4410k|  1 | 407 |   0 | 0.000000e+00 | 6.902407e+03 |    Inf |  52.12%
  442s|112300 |  6101 | 11836k| 105.4 |   448M |  41 | 290 |  78 |1136 |4414k|  3 | 408 |   0 | 0.000000e+00 | 6.902407e+03 |    Inf |  52.12%
  442s|112400 |  6089 | 11851k| 105.4 |   448M |  41 | 290 |  78 | 899 |4418k|  4 | 408 |   0 | 0.000000e+00 | 6.902407e+03 |    Inf |  52.17%
  442s|112500 |  6089 | 11859k| 105.4 |   448M |  41 | 290 |  78 |1143 |4422k|  1 | 408 |   0 | 0.000000e+00 | 6.902407e+03 |    Inf |  52.19%
 time | node  | left  |LP iter|LP it/n|mem/heur|mdpt |vars |cons |rows |cuts |sepa|confs|strbr|  dualbound   | primalbound  |  gap   | compl. 
  443s|112600 |  6087 | 11870k| 105.4 |   448M |  41 | 290 |  78 |1019 |4426k|  1 | 408 |   0 | 0.000000e+00 | 6.902407e+03 |    Inf |  52.19%
  443s|112700 |  6087 | 11882k| 105.4 |   448M |  41 | 290 |  78 |1114 |4430k|  2 | 408 |   0 | 0.000000e+00 | 6.902407e+03 |    Inf |  52.24%
  444s|112800 |  6083 | 11892k| 105.4 |   448M |  41 | 290 |  78 |1238 |4433k|  3 | 408 |   0 | 0.000000e+00 | 6.902407e+03 |    Inf |  52.25%
  444s|112900 |  6079 | 11904k| 105.4 |   448M |  41 | 290 |  78 |1031 |4437k|  5 | 408 |   0 | 0.000000e+00 | 6.902407e+03 |    Inf |  52.25%
  444s|113000 |  6081 | 11912k| 105.4 |   448M |  41 | 290 |  78 |1262 |4441k|  1 | 408 |   0 | 0.000000e+00 | 6.902407e+03 |    Inf |  52.27%
  445s|113100 |  6081 | 11919k| 105.4 |   448M |  41 | 290 |  78 | 896 |4444k|  3 | 408 |   0 | 0.000000e+00 | 6.902407e+03 |    Inf |  52.27%
  445s|113200 |  6073 | 11928k| 105.4 |   448M |  41 | 290 |  78 |1104 |4448k|  4 | 408 |   0 | 0.000000e+00 | 6.902407e+03 |    Inf |  52.29%
  446s|113300 |  6081 | 11938k| 105.4 |   448M |  41 | 290 |  78 |1125 |4452k|  3 | 409 |   0 | 0.000000e+00 | 6.902407e+03 |    Inf |  52.32%
  446s|113400 |  6075 | 11949k| 105.4 |   448M |  41 | 290 |  78 |1075 |4456k|  1 | 409 |   0 | 0.000000e+00 | 6.902407e+03 |    Inf |  52.32%
  446s|113500 |  6095 | 11958k| 105.4 |   448M |  41 | 290 |  78 | 712 |4459k|  4 | 409 |   0 | 0.000000e+00 | 6.902407e+03 |    Inf |  52.32%
  447s|113600 |  6119 | 11967k| 105.3 |   448M |  41 | 290 |  78 | 845 |4464k|  1 | 409 |   0 | 0.000000e+00 | 6.902407e+03 |    Inf |  52.32%
  447s|113700 |  6129 | 11978k| 105.3 |   449M |  41 | 290 |  78 |1019 |4468k|  2 | 409 |   0 | 0.000000e+00 | 6.902407e+03 |    Inf |  52.32%
  447s|113800 |  6109 | 11988k| 105.3 |   449M |  41 | 290 |  78 |1014 |4472k|  3 | 409 |   0 | 0.000000e+00 | 6.902407e+03 |    Inf |  52.32%
  448s|113900 |  6091 | 11998k| 105.3 |   449M |  41 | 290 |  78 |1149 |4476k|  2 | 409 |   0 | 0.000000e+00 | 6.902407e+03 |    Inf |  52.34%
  448s|114000 |  6093 | 12010k| 105.4 |   449M |  41 | 290 |  78 |1036 |4480k|  1 | 409 |   0 | 0.000000e+00 | 6.902407e+03 |    Inf |  52.34%
 time | node  | left  |LP iter|LP it/n|mem/heur|mdpt |vars |cons |rows |cuts |sepa|confs|strbr|  dualbound   | primalbound  |  gap   | compl. 
  449s|114100 |  6105 | 12020k| 105.4 |   449M |  41 | 290 |  78 |1080 |4484k|  4 | 409 |   0 | 0.000000e+00 | 6.902407e+03 |    Inf |  52.34%
  449s|114200 |  6097 | 12031k| 105.3 |   449M |  41 | 290 |  78 |1094 |4488k|  3 | 409 |   0 | 0.000000e+00 | 6.902407e+03 |    Inf |  52.34%
  449s|114300 |  6089 | 12041k| 105.3 |   449M |  41 | 290 |  78 |1207 |4492k|  1 | 409 |   0 | 0.000000e+00 | 6.902407e+03 |    Inf |  52.34%
  450s|114400 |  6075 | 12053k| 105.4 |   449M |  41 | 290 |  78 |1031 |4496k|  1 | 409 |   0 | 0.000000e+00 | 6.902407e+03 |    Inf |  52.37%
  450s|114500 |  6083 | 12061k| 105.3 |   449M |  41 | 290 |  78 | 832 |4500k|  4 | 410 |   0 | 0.000000e+00 | 6.902407e+03 |    Inf |  52.39%
  450s|114600 |  6083 | 12074k| 105.4 |   449M |  41 | 290 |  78 | 960 |4505k|  3 | 411 |   0 | 0.000000e+00 | 6.902407e+03 |    Inf |  52.41%
  451s|114700 |  6083 | 12088k| 105.4 |   449M |  41 | 290 |  78 |1178 |4509k|  4 | 411 |   0 | 0.000000e+00 | 6.902407e+03 |    Inf |  52.41%
  451s|114800 |  6085 | 12099k| 105.4 |   449M |  41 | 290 |  78 | 967 |4513k|  3 | 411 |   0 | 0.000000e+00 | 6.902407e+03 |    Inf |  52.41%
  452s|114900 |  6087 | 12111k| 105.4 |   449M |  41 | 290 |  78 |1210 |4518k|  3 | 411 |   0 | 0.000000e+00 | 6.902407e+03 |    Inf |  52.41%
  452s|115000 |  6079 | 12122k| 105.4 |   449M |  41 | 290 |  78 | 945 |4522k|  1 | 412 |   0 | 0.000000e+00 | 6.902407e+03 |    Inf |  52.41%
  453s|115100 |  6075 | 12131k| 105.4 |   449M |  41 | 290 |  78 |1148 |4525k|  1 | 412 |   0 | 0.000000e+00 | 6.902407e+03 |    Inf |  52.44%
  453s|115200 |  6071 | 12140k| 105.4 |   449M |  41 | 290 |  78 |1120 |4529k|  3 | 412 |   0 | 0.000000e+00 | 6.902407e+03 |    Inf |  52.44%
  453s|115300 |  6065 | 12152k| 105.4 |   449M |  41 | 290 |  78 |1181 |4532k|  3 | 412 |   0 | 0.000000e+00 | 6.902407e+03 |    Inf |  52.46%
  454s|115400 |  6077 | 12164k| 105.4 |   449M |  41 | 290 |  78 |1533 |4537k|  4 | 412 |   0 | 0.000000e+00 | 6.902407e+03 |    Inf |  52.51%
  454s|115500 |  6059 | 12174k| 105.4 |   449M |  41 | 290 |  78 |1182 |4540k|  3 | 412 |   0 | 0.000000e+00 | 6.902407e+03 |    Inf |  52.53%
 time | node  | left  |LP iter|LP it/n|mem/heur|mdpt |vars |cons |rows |cuts |sepa|confs|strbr|  dualbound   | primalbound  |  gap   | compl. 
  455s|115600 |  6049 | 12182k| 105.4 |   449M |  41 | 290 |  78 |1302 |4544k|  4 | 412 |   0 | 0.000000e+00 | 6.902407e+03 |    Inf |  52.59%
  455s|115700 |  6051 | 12194k| 105.4 |   449M |  41 | 290 |  78 |1228 |4547k|  1 | 412 |   0 | 0.000000e+00 | 6.902407e+03 |    Inf |  52.59%
  456s|115800 |  6043 | 12204k| 105.4 |   449M |  41 | 290 |  78 | 997 |4551k|  3 | 412 |   0 | 0.000000e+00 | 6.902407e+03 |    Inf |  52.66%
  456s|115900 |  6037 | 12213k| 105.4 |   449M |  41 | 290 |  78 | 995 |4554k|  1 | 412 |   0 | 0.000000e+00 | 6.902407e+03 |    Inf |  52.73%
  456s|116000 |  6033 | 12226k| 105.4 |   449M |  41 | 290 |  78 |1030 |4558k|  3 | 412 |   0 | 0.000000e+00 | 6.902407e+03 |    Inf |  52.73%
  457s|116100 |  6023 | 12235k| 105.4 |   449M |  41 | 290 |  78 |1025 |4562k|  4 | 412 |   0 | 0.000000e+00 | 6.902407e+03 |    Inf |  52.74%
  457s|116200 |  6057 | 12247k| 105.4 |   449M |  41 | 290 |  78 |1234 |4566k|  4 | 412 |   0 | 0.000000e+00 | 6.902407e+03 |    Inf |  52.76%
  458s|116300 |  6081 | 12257k| 105.4 |   449M |  41 | 290 |  78 |1158 |4570k|  2 | 412 |   0 | 0.000000e+00 | 6.902407e+03 |    Inf |  52.76%
  458s|116400 |  6077 | 12267k| 105.4 |   449M |  41 | 290 |  78 |1142 |4573k|  3 | 412 |   0 | 0.000000e+00 | 6.902407e+03 |    Inf |  52.76%
  458s|116500 |  6059 | 12277k| 105.4 |   449M |  41 | 290 |  78 |1131 |4577k|  2 | 412 |   0 | 0.000000e+00 | 6.902407e+03 |    Inf |  52.76%
  459s|116600 |  6055 | 12286k| 105.4 |   449M |  41 | 290 |  78 |1115 |4580k|  3 | 412 |   0 | 0.000000e+00 | 6.902407e+03 |    Inf |  52.76%
  459s|116700 |  6035 | 12296k| 105.4 |   449M |  41 | 290 |  78 |1174 |4584k|  1 | 412 |   0 | 0.000000e+00 | 6.902407e+03 |    Inf |  52.76%
  460s|116800 |  6031 | 12308k| 105.4 |   449M |  41 | 290 |  78 |1163 |4588k|  4 | 412 |   0 | 0.000000e+00 | 6.902407e+03 |    Inf |  52.80%
  460s|116900 |  6041 | 12317k| 105.4 |   449M |  41 | 290 |  78 |1286 |4591k|  3 | 412 |   0 | 0.000000e+00 | 6.902407e+03 |    Inf |  52.84%
  460s|117000 |  6029 | 12328k| 105.4 |   449M |  41 | 290 |  78 |1155 |4595k|  2 | 412 |   0 | 0.000000e+00 | 6.902407e+03 |    Inf |  52.85%
 time | node  | left  |LP iter|LP it/n|mem/heur|mdpt |vars |cons |rows |cuts |sepa|confs|strbr|  dualbound   | primalbound  |  gap   | compl. 
  461s|117100 |  6037 | 12336k| 105.3 |   449M |  41 | 290 |  78 | 925 |4598k|  2 | 412 |   0 | 0.000000e+00 | 6.902407e+03 |    Inf |  52.87%
  461s|117200 |  6023 | 12346k| 105.3 |   449M |  41 | 290 |  78 |1058 |4602k|  2 | 412 |   0 | 0.000000e+00 | 6.902407e+03 |    Inf |  52.87%
  461s|117300 |  6017 | 12357k| 105.3 |   449M |  41 | 290 |  78 |1148 |4606k|  1 | 412 |   0 | 0.000000e+00 | 6.902407e+03 |    Inf |  52.92%
  462s|117400 |  6017 | 12367k| 105.3 |   449M |  41 | 290 |  78 |1178 |4610k|  3 | 412 |   0 | 0.000000e+00 | 6.902407e+03 |    Inf |  52.92%
  462s|117500 |  6001 | 12375k| 105.3 |   449M |  41 | 290 |  78 |1093 |4613k|  4 | 412 |   0 | 0.000000e+00 | 6.902407e+03 |    Inf |  52.98%
  463s|117600 |  5999 | 12389k| 105.3 |   449M |  41 | 290 |  78 |1146 |4618k|  2 | 412 |   0 | 0.000000e+00 | 6.902407e+03 |    Inf |  52.98%
  463s|117700 |  5999 | 12398k| 105.3 |   449M |  41 | 290 |  78 | 912 |4622k|  1 | 412 |   0 | 0.000000e+00 | 6.902407e+03 |    Inf |  52.98%
  463s|117800 |  6013 | 12408k| 105.3 |   449M |  41 | 290 |  78 |1008 |4626k|  5 | 412 |   0 | 0.000000e+00 | 6.902407e+03 |    Inf |  52.98%
  464s|117900 |  6003 | 12419k| 105.3 |   449M |  41 | 290 |  78 |1044 |4630k|  2 | 412 |   0 | 0.000000e+00 | 6.902407e+03 |    Inf |  52.98%
  464s|118000 |  5997 | 12432k| 105.4 |   449M |  41 | 290 |  78 | 964 |4634k|  1 | 412 |   0 | 0.000000e+00 | 6.902407e+03 |    Inf |  52.98%
  465s|118100 |  5991 | 12440k| 105.3 |   449M |  41 | 290 |  78 |1315 |4637k|  1 | 412 |   0 | 0.000000e+00 | 6.902407e+03 |    Inf |  53.02%
  465s|118200 |  5989 | 12451k| 105.3 |   449M |  41 | 290 |  78 |1085 |4641k|  1 | 412 |   0 | 0.000000e+00 | 6.902407e+03 |    Inf |  53.05%
  465s|118300 |  5987 | 12462k| 105.3 |   449M |  41 | 290 |  78 |1135 |4644k|  3 | 412 |   0 | 0.000000e+00 | 6.902407e+03 |    Inf |  53.07%
  466s|118400 |  5987 | 12471k| 105.3 |   449M |  41 | 290 |  78 |1280 |4648k|  2 | 412 |   0 | 0.000000e+00 | 6.902407e+03 |    Inf |  53.07%
  466s|118500 |  5981 | 12481k| 105.3 |   449M |  41 | 290 |  78 |1116 |4652k|  3 | 413 |   0 | 0.000000e+00 | 6.902407e+03 |    Inf |  53.07%
 time | node  | left  |LP iter|LP it/n|mem/heur|mdpt |vars |cons |rows |cuts |sepa|confs|strbr|  dualbound   | primalbound  |  gap   | compl. 
  467s|118600 |  5977 | 12493k| 105.3 |   449M |  41 | 290 |  78 |1035 |4656k|  3 | 413 |   0 | 0.000000e+00 | 6.902407e+03 |    Inf |  53.10%
  467s|118700 |  5977 | 12502k| 105.3 |   449M |  41 | 290 |  78 |1022 |4659k|  1 | 413 |   0 | 0.000000e+00 | 6.902407e+03 |    Inf |  53.10%
  467s|118800 |  5975 | 12513k| 105.3 |   449M |  41 | 290 |  78 |1264 |4663k|  2 | 413 |   0 | 0.000000e+00 | 6.902407e+03 |    Inf |  53.10%
  468s|118900 |  5965 | 12523k| 105.3 |   449M |  41 | 290 |  78 |1100 |4667k|  1 | 413 |   0 | 0.000000e+00 | 6.902407e+03 |    Inf |  53.13%
  468s|119000 |  5949 | 12534k| 105.3 |   449M |  41 | 290 |  78 |1136 |4671k|  1 | 413 |   0 | 0.000000e+00 | 6.902407e+03 |    Inf |  53.18%
  469s|119100 |  5949 | 12543k| 105.3 |   449M |  41 | 290 |  78 |1333 |4674k|  2 | 414 |   0 | 0.000000e+00 | 6.902407e+03 |    Inf |  53.19%
  469s|119200 |  5943 | 12555k| 105.3 |   449M |  41 | 290 |  78 |1168 |4678k|  3 | 414 |   0 | 0.000000e+00 | 6.902407e+03 |    Inf |  53.23%
  469s|119300 |  5941 | 12568k| 105.3 |   449M |  41 | 290 |  78 |   0 |4682k|  0 | 414 |   0 | 0.000000e+00 | 6.902407e+03 |    Inf |  53.24%
  470s|119400 |  5947 | 12577k| 105.3 |   449M |  41 | 290 |  78 | 956 |4686k|  2 | 414 |   0 | 0.000000e+00 | 6.902407e+03 |    Inf |  53.26%
  470s|119500 |  5953 | 12585k| 105.3 |   449M |  41 | 290 |  78 |1044 |4689k|  3 | 414 |   0 | 0.000000e+00 | 6.902407e+03 |    Inf |  53.26%
  471s|119600 |  5959 | 12595k| 105.3 |   449M |  41 | 290 |  78 |1354 |4692k|  3 | 414 |   0 | 0.000000e+00 | 6.902407e+03 |    Inf |  53.27%
  471s|119700 |  5953 | 12606k| 105.3 |   449M |  41 | 290 |  78 |1077 |4696k|  3 | 414 |   0 | 0.000000e+00 | 6.902407e+03 |    Inf |  53.27%
  471s|119800 |  5949 | 12617k| 105.3 |   449M |  41 | 290 |  78 | 952 |4699k|  3 | 414 |   0 | 0.000000e+00 | 6.902407e+03 |    Inf |  53.34%
  472s|119900 |  5937 | 12625k| 105.3 |   449M |  41 | 290 |  78 |   0 |4703k|  0 | 415 |   0 | 0.000000e+00 | 6.902407e+03 |    Inf |  53.37%
  472s|120000 |  5937 | 12633k| 105.3 |   449M |  41 | 290 |  78 | 976 |4706k|  1 | 415 |   0 | 0.000000e+00 | 6.902407e+03 |    Inf |  53.39%
 time | node  | left  |LP iter|LP it/n|mem/heur|mdpt |vars |cons |rows |cuts |sepa|confs|strbr|  dualbound   | primalbound  |  gap   | compl. 
  472s|120100 |  5935 | 12643k| 105.3 |   449M |  41 | 290 |  78 | 801 |4710k|  2 | 415 |   0 | 0.000000e+00 | 6.902407e+03 |    Inf |  53.39%
  473s|120200 |  5929 | 12651k| 105.3 |   449M |  41 | 290 |  78 |1267 |4714k|  2 | 415 |   0 | 0.000000e+00 | 6.902407e+03 |    Inf |  53.49%
  473s|120300 |  5923 | 12665k| 105.3 |   449M |  41 | 290 |  78 |1020 |4718k|  3 | 415 |   0 | 0.000000e+00 | 6.902407e+03 |    Inf |  53.49%
  474s|120400 |  5929 | 12679k| 105.3 |   449M |  41 | 290 |  78 |1221 |4723k|  3 | 416 |   0 | 0.000000e+00 | 6.902407e+03 |    Inf |  53.49%
  474s|120500 |  5927 | 12694k| 105.3 |   449M |  41 | 290 |  78 |   0 |4727k|  0 | 416 |   0 | 0.000000e+00 | 6.902407e+03 |    Inf |  53.49%
  475s|120600 |  5921 | 12708k| 105.4 |   449M |  41 | 290 |  78 |1165 |4732k|  3 | 416 |   0 | 0.000000e+00 | 6.902407e+03 |    Inf |  53.49%
  475s|120700 |  5937 | 12722k| 105.4 |   449M |  41 | 290 |  78 |1251 |4737k|  3 | 416 |   0 | 0.000000e+00 | 6.902407e+03 |    Inf |  53.49%
  476s|120800 |  5915 | 12738k| 105.4 |   449M |  41 | 290 |  78 |1025 |4741k|  2 | 416 |   0 | 0.000000e+00 | 6.902407e+03 |    Inf |  53.51%
  476s|120900 |  5913 | 12749k| 105.4 |   449M |  41 | 290 |  78 |1020 |4745k|  3 | 417 |   0 | 0.000000e+00 | 6.902407e+03 |    Inf |  53.52%
  477s|121000 |  5915 | 12759k| 105.4 |   449M |  41 | 290 |  78 |1221 |4749k|  3 | 417 |   0 | 0.000000e+00 | 6.902407e+03 |    Inf |  53.52%
  477s|121100 |  5935 | 12771k| 105.5 |   449M |  41 | 290 |  78 |1181 |4754k|  2 | 417 |   0 | 0.000000e+00 | 6.902407e+03 |    Inf |  53.52%
  478s|121200 |  5937 | 12784k| 105.5 |   449M |  41 | 290 |  78 |1089 |4758k|  2 | 417 |   0 | 0.000000e+00 | 6.902407e+03 |    Inf |  53.52%
  478s|121300 |  5931 | 12797k| 105.5 |   449M |  41 | 290 |  78 | 992 |4762k|  3 | 417 |   0 | 0.000000e+00 | 6.902407e+03 |    Inf |  53.52%
  479s|121400 |  5933 | 12809k| 105.5 |   449M |  41 | 290 |  78 |1107 |4766k|  3 | 418 |   0 | 0.000000e+00 | 6.902407e+03 |    Inf |  53.54%
  479s|121500 |  5929 | 12820k| 105.5 |   449M |  41 | 290 |  78 |1163 |4770k|  2 | 419 |   0 | 0.000000e+00 | 6.902407e+03 |    Inf |  53.59%
 time | node  | left  |LP iter|LP it/n|mem/heur|mdpt |vars |cons |rows |cuts |sepa|confs|strbr|  dualbound   | primalbound  |  gap   | compl. 
  480s|121600 |  5937 | 12832k| 105.5 |   449M |  41 | 290 |  78 |1124 |4774k|  4 | 419 |   0 | 0.000000e+00 | 6.902407e+03 |    Inf |  53.60%
  480s|121700 |  5961 | 12846k| 105.6 |   449M |  41 | 290 |  78 |1093 |4778k|  1 | 419 |   0 | 0.000000e+00 | 6.902407e+03 |    Inf |  53.60%
  481s|121800 |  5973 | 12858k| 105.6 |   449M |  41 | 290 |  78 |1170 |4782k|  2 | 419 |   0 | 0.000000e+00 | 6.902407e+03 |    Inf |  53.60%
  481s|121900 |  5965 | 12870k| 105.6 |   449M |  41 | 290 |  78 |1169 |4786k|  4 | 419 |   0 | 0.000000e+00 | 6.902407e+03 |    Inf |  53.60%
  481s|122000 |  5961 | 12880k| 105.6 |   449M |  41 | 290 |  78 |1080 |4790k|  2 | 419 |   0 | 0.000000e+00 | 6.902407e+03 |    Inf |  53.64%
  482s|122100 |  5975 | 12892k| 105.6 |   449M |  41 | 290 |  78 |1026 |4795k|  3 | 419 |   0 | 0.000000e+00 | 6.902407e+03 |    Inf |  53.64%
  482s|122200 |  5967 | 12904k| 105.6 |   449M |  41 | 290 |  78 |1022 |4799k|  2 | 419 |   0 | 0.000000e+00 | 6.902407e+03 |    Inf |  53.64%
  483s|122300 |  5963 | 12915k| 105.6 |   449M |  41 | 290 |  78 | 777 |4802k|  3 | 420 |   0 | 0.000000e+00 | 6.902407e+03 |    Inf |  53.68%
  483s|122400 |  5961 | 12925k| 105.6 |   449M |  41 | 290 |  78 |1062 |4806k|  3 | 420 |   0 | 0.000000e+00 | 6.902407e+03 |    Inf |  53.68%
  484s|122500 |  5949 | 12936k| 105.6 |   449M |  41 | 290 |  78 |1012 |4810k|  1 | 420 |   0 | 0.000000e+00 | 6.902407e+03 |    Inf |  53.73%
  484s|122600 |  5941 | 12947k| 105.6 |   449M |  41 | 290 |  78 |1269 |4814k|  3 | 421 |   0 | 0.000000e+00 | 6.902407e+03 |    Inf |  53.74%
  485s|122700 |  5931 | 12960k| 105.6 |   449M |  41 | 290 |  78 |1074 |4819k|  3 | 421 |   0 | 0.000000e+00 | 6.902407e+03 |    Inf |  53.79%
  485s|122800 |  5929 | 12969k| 105.6 |   449M |  41 | 290 |  78 |1131 |4822k|  2 | 421 |   0 | 0.000000e+00 | 6.902407e+03 |    Inf |  53.79%
  485s|122900 |  5939 | 12977k| 105.6 |   449M |  41 | 290 |  78 |1031 |4826k|  3 | 422 |   0 | 0.000000e+00 | 6.902407e+03 |    Inf |  53.85%
  486s|123000 |  5941 | 12987k| 105.6 |   449M |  41 | 290 |  78 |1148 |4829k|  3 | 422 |   0 | 0.000000e+00 | 6.902407e+03 |    Inf |  53.85%
 time | node  | left  |LP iter|LP it/n|mem/heur|mdpt |vars |cons |rows |cuts |sepa|confs|strbr|  dualbound   | primalbound  |  gap   | compl. 
  486s|123100 |  5925 | 12998k| 105.6 |   449M |  41 | 290 |  78 |1113 |4833k|  4 | 423 |   0 | 0.000000e+00 | 6.902407e+03 |    Inf |  53.89%
  487s|123200 |  5927 | 13008k| 105.6 |   449M |  41 | 290 |  78 | 895 |4837k|  3 | 424 |   0 | 0.000000e+00 | 6.902407e+03 |    Inf |  53.91%
  487s|123300 |  5927 | 13018k| 105.6 |   449M |  41 | 290 |  78 |1138 |4841k|  2 | 424 |   0 | 0.000000e+00 | 6.902407e+03 |    Inf |  53.93%
  487s|123400 |  5927 | 13030k| 105.6 |   449M |  41 | 290 |  78 |1077 |4845k|  4 | 425 |   0 | 0.000000e+00 | 6.902407e+03 |    Inf |  53.94%
  488s|123500 |  5925 | 13039k| 105.6 |   449M |  41 | 290 |  78 |1117 |4849k|  1 | 426 |   0 | 0.000000e+00 | 6.902407e+03 |    Inf |  53.94%
  488s|123600 |  5911 | 13049k| 105.6 |   449M |  41 | 290 |  78 |1058 |4852k|  1 | 427 |   0 | 0.000000e+00 | 6.902407e+03 |    Inf |  53.96%
  488s|123700 |  5911 | 13059k| 105.6 |   449M |  41 | 290 |  78 |1088 |4856k|  4 | 427 |   0 | 0.000000e+00 | 6.902407e+03 |    Inf |  54.01%
  489s|123800 |  5899 | 13070k| 105.6 |   449M |  41 | 290 |  78 |1122 |4859k|  1 | 428 |   0 | 0.000000e+00 | 6.902407e+03 |    Inf |  54.02%
  489s|123900 |  5895 | 13078k| 105.6 |   449M |  41 | 290 |  78 |1244 |4863k|  2 | 429 |   0 | 0.000000e+00 | 6.902407e+03 |    Inf |  54.06%
  490s|124000 |  5887 | 13090k| 105.6 |   449M |  41 | 290 |  78 |1138 |4867k|  1 | 431 |   0 | 0.000000e+00 | 6.902407e+03 |    Inf |  54.07%
  490s|124100 |  5871 | 13100k| 105.6 |   449M |  41 | 290 |  78 |1204 |4871k|  3 | 431 |   0 | 0.000000e+00 | 6.902407e+03 |    Inf |  54.16%
  491s|124200 |  5875 | 13114k| 105.6 |   449M |  41 | 290 |  78 |1210 |4876k|  2 | 431 |   0 | 0.000000e+00 | 6.902407e+03 |    Inf |  54.17%
  491s|124300 |  5867 | 13125k| 105.6 |   449M |  41 | 290 |  78 | 824 |4879k|  2 | 431 |   0 | 0.000000e+00 | 6.902407e+03 |    Inf |  54.17%
  492s|124400 |  5869 | 13137k| 105.6 |   449M |  41 | 290 |  78 |1203 |4884k|  4 | 431 |   0 | 0.000000e+00 | 6.902407e+03 |    Inf |  54.20%
  492s|124500 |  5865 | 13148k| 105.6 |   449M |  41 | 290 |  78 | 906 |4888k|  3 | 431 |   0 | 0.000000e+00 | 6.902407e+03 |    Inf |  54.20%
 time | node  | left  |LP iter|LP it/n|mem/heur|mdpt |vars |cons |rows |cuts |sepa|confs|strbr|  dualbound   | primalbound  |  gap   | compl. 
  492s|124600 |  5871 | 13157k| 105.6 |   449M |  41 | 290 |  78 |1123 |4892k|  1 | 431 |   0 | 0.000000e+00 | 6.902407e+03 |    Inf |  54.22%
  493s|124700 |  5873 | 13170k| 105.6 |   449M |  41 | 290 |  78 |1405 |4896k|  3 | 431 |   0 | 0.000000e+00 | 6.902407e+03 |    Inf |  54.23%
  493s|124800 |  5863 | 13182k| 105.6 |   449M |  41 | 290 |  78 |1287 |4900k|  1 | 431 |   0 | 0.000000e+00 | 6.902407e+03 |    Inf |  54.25%
  494s|124900 |  5861 | 13191k| 105.6 |   449M |  41 | 290 |  78 |1289 |4903k|  3 | 431 |   0 | 0.000000e+00 | 6.902407e+03 |    Inf |  54.25%
  494s|125000 |  5863 | 13201k| 105.6 |   449M |  41 | 290 |  78 |1198 |4906k|  2 | 431 |   0 | 0.000000e+00 | 6.902407e+03 |    Inf |  54.28%
  494s|125100 |  5861 | 13210k| 105.6 |   449M |  41 | 290 |  78 |1057 |4910k|  1 | 432 |   0 | 0.000000e+00 | 6.902407e+03 |    Inf |  54.30%
  495s|125200 |  5877 | 13222k| 105.6 |   449M |  41 | 290 |  78 |1004 |4914k|  2 | 432 |   0 | 0.000000e+00 | 6.902407e+03 |    Inf |  54.30%
  495s|125300 |  5881 | 13235k| 105.6 |   449M |  41 | 290 |  78 |1176 |4919k|  3 | 432 |   0 | 0.000000e+00 | 6.902407e+03 |    Inf |  54.30%
  496s|125400 |  5875 | 13244k| 105.6 |   449M |  41 | 290 |  78 |   0 |4923k|  0 | 432 |   0 | 0.000000e+00 | 6.902407e+03 |    Inf |  54.30%
  496s|125500 |  5875 | 13256k| 105.6 |   449M |  41 | 290 |  78 |1295 |4927k|  3 | 432 |   0 | 0.000000e+00 | 6.902407e+03 |    Inf |  54.34%
  497s|125600 |  5869 | 13266k| 105.6 |   449M |  41 | 290 |  78 |1100 |4931k|  3 | 433 |   0 | 0.000000e+00 | 6.902407e+03 |    Inf |  54.35%
  497s|125700 |  5865 | 13274k| 105.6 |   449M |  41 | 290 |  78 |1055 |4934k|  3 | 433 |   0 | 0.000000e+00 | 6.902407e+03 |    Inf |  54.37%
  497s|125800 |  5855 | 13284k| 105.6 |   449M |  41 | 290 |  78 | 984 |4938k|  3 | 434 |   0 | 0.000000e+00 | 6.902407e+03 |    Inf |  54.38%
  498s|125900 |  5859 | 13293k| 105.6 |   449M |  41 | 290 |  78 |1117 |4941k|  1 | 434 |   0 | 0.000000e+00 | 6.902407e+03 |    Inf |  54.40%
  498s|126000 |  5859 | 13304k| 105.6 |   449M |  41 | 290 |  78 |1091 |4946k|  1 | 434 |   0 | 0.000000e+00 | 6.902407e+03 |    Inf |  54.40%
 time | node  | left  |LP iter|LP it/n|mem/heur|mdpt |vars |cons |rows |cuts |sepa|confs|strbr|  dualbound   | primalbound  |  gap   | compl. 
  498s|126100 |  5857 | 13315k| 105.6 |   449M |  41 | 290 |  78 | 975 |4950k|  1 | 434 |   0 | 0.000000e+00 | 6.902407e+03 |    Inf |  54.42%
  499s|126200 |  5867 | 13324k| 105.6 |   449M |  41 | 290 |  78 | 915 |4953k|  3 | 434 |   0 | 0.000000e+00 | 6.902407e+03 |    Inf |  54.45%
  499s|126300 |  5881 | 13331k| 105.5 |   449M |  41 | 290 |  78 |1002 |4957k|  4 | 434 |   0 | 0.000000e+00 | 6.902407e+03 |    Inf |  54.45%
  499s|126400 |  5883 | 13339k| 105.5 |   449M |  41 | 290 |  78 |1221 |4961k|  3 | 435 |   0 | 0.000000e+00 | 6.902407e+03 |    Inf |  54.45%
  500s|126500 |  5883 | 13349k| 105.5 |   449M |  41 | 290 |  78 |1068 |4964k|  3 | 435 |   0 | 0.000000e+00 | 6.902407e+03 |    Inf |  54.45%
  500s|126600 |  5877 | 13356k| 105.5 |   449M |  41 | 290 |  78 |1373 |4967k|  2 | 435 |   0 | 0.000000e+00 | 6.902407e+03 |    Inf |  54.45%
  501s|126700 |  5877 | 13364k| 105.5 |   449M |  41 | 290 |  78 |1172 |4971k|  3 | 435 |   0 | 0.000000e+00 | 6.902407e+03 |    Inf |  54.49%
  501s|126800 |  5871 | 13373k| 105.5 |   449M |  41 | 290 |  78 |1066 |4974k|  2 | 435 |   0 | 0.000000e+00 | 6.902407e+03 |    Inf |  54.51%
  501s|126900 |  5865 | 13382k| 105.5 |   449M |  41 | 290 |  78 | 995 |4978k|  3 | 435 |   0 | 0.000000e+00 | 6.902407e+03 |    Inf |  54.54%
  502s|127000 |  5857 | 13393k| 105.5 |   449M |  41 | 290 |  78 |1203 |4982k|  1 | 435 |   0 | 0.000000e+00 | 6.902407e+03 |    Inf |  54.56%
  502s|127100 |  5859 | 13402k| 105.4 |   449M |  41 | 290 |  78 | 925 |4985k|  2 | 436 |   0 | 0.000000e+00 | 6.902407e+03 |    Inf |  54.56%
  502s|127200 |  5857 | 13412k| 105.4 |   449M |  41 | 290 |  78 |1051 |4989k|  4 | 437 |   0 | 0.000000e+00 | 6.902407e+03 |    Inf |  54.63%
  503s|127300 |  5847 | 13422k| 105.4 |   449M |  41 | 290 |  78 |1052 |4993k|  3 | 437 |   0 | 0.000000e+00 | 6.902407e+03 |    Inf |  54.66%
  503s|127400 |  5843 | 13433k| 105.4 |   449M |  41 | 290 |  78 |1058 |4997k|  2 | 437 |   0 | 0.000000e+00 | 6.902407e+03 |    Inf |  54.68%
  504s|127500 |  5843 | 13446k| 105.5 |   449M |  41 | 290 |  78 |1071 |5002k|  2 | 438 |   0 | 0.000000e+00 | 6.902407e+03 |    Inf |  54.68%
 time | node  | left  |LP iter|LP it/n|mem/heur|mdpt |vars |cons |rows |cuts |sepa|confs|strbr|  dualbound   | primalbound  |  gap   | compl. 
  504s|127600 |  5835 | 13457k| 105.5 |   449M |  41 | 290 |  78 |1030 |5006k|  1 | 438 |   0 | 0.000000e+00 | 6.902407e+03 |    Inf |  54.69%
  504s|127700 |  5843 | 13465k| 105.4 |   449M |  41 | 290 |  78 | 875 |5010k|  2 | 439 |   0 | 0.000000e+00 | 6.902407e+03 |    Inf |  54.71%
  505s|127800 |  5867 | 13473k| 105.4 |   449M |  41 | 290 |  78 | 946 |5013k|  2 | 442 |   0 | 0.000000e+00 | 6.902407e+03 |    Inf |  54.71%
  505s|127900 |  5879 | 13483k| 105.4 |   449M |  41 | 290 |  78 |1019 |5018k|  3 | 444 |   0 | 0.000000e+00 | 6.902407e+03 |    Inf |  54.71%
  506s|128000 |  5875 | 13492k| 105.4 |   450M |  41 | 290 |  78 |1269 |5021k|  4 | 445 |   0 | 0.000000e+00 | 6.902407e+03 |    Inf |  54.90%
  506s|128100 |  5865 | 13503k| 105.4 |   450M |  41 | 290 |  78 | 894 |5025k|  2 | 445 |   0 | 0.000000e+00 | 6.902407e+03 |    Inf |  54.91%
  506s|128200 |  5883 | 13513k| 105.4 |   450M |  41 | 290 |  78 |1062 |5029k|  3 | 445 |   0 | 0.000000e+00 | 6.902407e+03 |    Inf |  54.96%
  507s|128300 |  5877 | 13524k| 105.4 |   450M |  41 | 290 |  78 |1156 |5033k|  4 | 445 |   0 | 0.000000e+00 | 6.902407e+03 |    Inf |  54.96%
  507s|128400 |  5871 | 13534k| 105.4 |   450M |  41 | 290 |  78 |1254 |5036k|  6 | 445 |   0 | 0.000000e+00 | 6.902407e+03 |    Inf |  54.96%
  508s|128500 |  5861 | 13543k| 105.4 |   450M |  41 | 290 |  78 | 987 |5040k|  2 | 445 |   0 | 0.000000e+00 | 6.902407e+03 |    Inf |  54.98%
  508s|128600 |  5851 | 13552k| 105.4 |   450M |  41 | 290 |  78 |1033 |5043k|  1 | 446 |   0 | 0.000000e+00 | 6.902407e+03 |    Inf |  54.99%
  509s|128700 |  5845 | 13560k| 105.4 |   450M |  41 | 290 |  78 |1171 |5046k|  3 | 446 |   0 | 0.000000e+00 | 6.902407e+03 |    Inf |  55.02%
  509s|128800 |  5841 | 13570k| 105.4 |   450M |  41 | 290 |  78 |1210 |5050k|  1 | 446 |   0 | 0.000000e+00 | 6.902407e+03 |    Inf |  55.02%
  509s|128900 |  5833 | 13579k| 105.3 |   450M |  41 | 290 |  78 |1172 |5054k|  1 | 446 |   0 | 0.000000e+00 | 6.902407e+03 |    Inf |  55.07%
  510s|129000 |  5847 | 13593k| 105.4 |   450M |  41 | 290 |  78 |1197 |5059k|  0 | 446 |   0 | 0.000000e+00 | 6.902407e+03 |    Inf |  55.08%
 time | node  | left  |LP iter|LP it/n|mem/heur|mdpt |vars |cons |rows |cuts |sepa|confs|strbr|  dualbound   | primalbound  |  gap   | compl. 
  510s|129100 |  5845 | 13603k| 105.4 |   450M |  41 | 290 |  78 |1107 |5063k|  2 | 447 |   0 | 0.000000e+00 | 6.902407e+03 |    Inf |  55.08%
  511s|129200 |  5853 | 13614k| 105.4 |   450M |  41 | 290 |  78 |1292 |5067k|  4 | 449 |   0 | 0.000000e+00 | 6.902407e+03 |    Inf |  55.08%
  511s|129300 |  5841 | 13625k| 105.4 |   450M |  41 | 290 |  78 |1214 |5071k|  3 | 449 |   0 | 0.000000e+00 | 6.902407e+03 |    Inf |  55.08%
  512s|129400 |  5855 | 13637k| 105.4 |   450M |  41 | 290 |  78 |1211 |5075k|  3 | 449 |   0 | 0.000000e+00 | 6.902407e+03 |    Inf |  55.08%
  512s|129500 |  5851 | 13651k| 105.4 |   450M |  41 | 290 |  78 |1111 |5080k|  3 | 450 |   0 | 0.000000e+00 | 6.902407e+03 |    Inf |  55.08%
  513s|129600 |  5845 | 13661k| 105.4 |   450M |  41 | 290 |  78 |   0 |5084k|  0 | 450 |   0 | 0.000000e+00 | 6.902407e+03 |    Inf |  55.09%
  513s|129700 |  5849 | 13672k| 105.4 |   450M |  41 | 290 |  78 |1198 |5088k|  3 | 450 |   0 | 0.000000e+00 | 6.902407e+03 |    Inf |  55.09%
  514s|129800 |  5843 | 13683k| 105.4 |   450M |  41 | 290 |  78 |1027 |5093k|  2 | 450 |   0 | 0.000000e+00 | 6.902407e+03 |    Inf |  55.11%
  514s|129900 |  5853 | 13694k| 105.4 |   450M |  41 | 290 |  78 | 872 |5097k|  3 | 450 |   0 | 0.000000e+00 | 6.902407e+03 |    Inf |  55.11%
  515s|130000 |  5839 | 13705k| 105.4 |   450M |  41 | 290 |  78 |1017 |5101k|  3 | 450 |   0 | 0.000000e+00 | 6.902407e+03 |    Inf |  55.11%
  515s|130100 |  5853 | 13717k| 105.4 |   450M |  41 | 290 |  78 |1092 |5105k|  3 | 450 |   0 | 0.000000e+00 | 6.902407e+03 |    Inf |  55.14%
  515s|130200 |  5853 | 13727k| 105.4 |   450M |  41 | 290 |  78 | 978 |5109k|  2 | 453 |   0 | 0.000000e+00 | 6.902407e+03 |    Inf |  55.14%
  516s|130300 |  5851 | 13737k| 105.4 |   450M |  41 | 290 |  78 |1057 |5113k|  1 | 453 |   0 | 0.000000e+00 | 6.902407e+03 |    Inf |  55.15%
  516s|130400 |  5833 | 13748k| 105.4 |   450M |  41 | 290 |  78 |1159 |5117k|  3 | 453 |   0 | 0.000000e+00 | 6.902407e+03 |    Inf |  55.23%
  517s|130500 |  5821 | 13760k| 105.4 |   450M |  41 | 290 |  78 |1285 |5120k|  1 | 454 |   0 | 0.000000e+00 | 6.902407e+03 |    Inf |  55.31%
 time | node  | left  |LP iter|LP it/n|mem/heur|mdpt |vars |cons |rows |cuts |sepa|confs|strbr|  dualbound   | primalbound  |  gap   | compl. 
  517s|130600 |  5857 | 13769k| 105.4 |   450M |  41 | 290 |  78 | 870 |5125k|  3 | 455 |   0 | 0.000000e+00 | 6.902407e+03 |    Inf |  55.32%
  517s|130700 |  5881 | 13778k| 105.4 |   450M |  41 | 290 |  78 | 915 |5129k|  3 | 455 |   0 | 0.000000e+00 | 6.902407e+03 |    Inf |  55.32%
  518s|130800 |  5899 | 13785k| 105.4 |   450M |  41 | 290 |  78 | 936 |5133k|  2 | 457 |   0 | 0.000000e+00 | 6.902407e+03 |    Inf |  55.32%
  518s|130900 |  5927 | 13794k| 105.4 |   451M |  41 | 290 |  78 | 982 |5137k|  1 | 457 |   0 | 0.000000e+00 | 6.902407e+03 |    Inf |  55.33%
  518s|131000 |  5949 | 13803k| 105.4 |   452M |  41 | 290 |  78 | 958 |5141k|  3 | 457 |   0 | 0.000000e+00 | 6.902407e+03 |    Inf |  55.33%
  519s|131100 |  5951 | 13811k| 105.4 |   452M |  41 | 290 |  78 | 996 |5145k|  1 | 457 |   0 | 0.000000e+00 | 6.902407e+03 |    Inf |  55.33%
  519s|131200 |  5941 | 13821k| 105.3 |   452M |  41 | 290 |  78 |1102 |5149k|  3 | 457 |   0 | 0.000000e+00 | 6.902407e+03 |    Inf |  55.33%
  520s|131300 |  5931 | 13829k| 105.3 |   452M |  41 | 290 |  78 | 990 |5152k|  1 | 457 |   0 | 0.000000e+00 | 6.902407e+03 |    Inf |  55.33%
  520s|131400 |  5915 | 13838k| 105.3 |   452M |  41 | 290 |  78 | 937 |5156k|  2 | 457 |   0 | 0.000000e+00 | 6.902407e+03 |    Inf |  55.33%
  520s|131500 |  5919 | 13849k| 105.3 |   452M |  41 | 290 |  78 |1126 |5159k|  3 | 457 |   0 | 0.000000e+00 | 6.902407e+03 |    Inf |  55.33%
  521s|131600 |  5921 | 13862k| 105.3 |   452M |  41 | 290 |  78 | 889 |5164k|  3 | 457 |   0 | 0.000000e+00 | 6.902407e+03 |    Inf |  55.33%
  521s|131700 |  5919 | 13872k| 105.3 |   452M |  41 | 290 |  78 |1093 |5168k|  3 | 457 |   0 | 0.000000e+00 | 6.902407e+03 |    Inf |  55.33%
  522s|131800 |  5923 | 13884k| 105.3 |   452M |  41 | 290 |  78 |1216 |5172k|  3 | 457 |   0 | 0.000000e+00 | 6.902407e+03 |    Inf |  55.33%
  522s|131900 |  5917 | 13899k| 105.4 |   452M |  41 | 290 |  78 |1049 |5176k|  3 | 457 |   0 | 0.000000e+00 | 6.902407e+03 |    Inf |  55.33%
  522s|132000 |  5921 | 13909k| 105.4 |   452M |  41 | 290 |  78 |1042 |5180k|  3 | 457 |   0 | 0.000000e+00 | 6.902407e+03 |    Inf |  55.33%
 time | node  | left  |LP iter|LP it/n|mem/heur|mdpt |vars |cons |rows |cuts |sepa|confs|strbr|  dualbound   | primalbound  |  gap   | compl. 
  523s|132100 |  5913 | 13921k| 105.4 |   452M |  41 | 290 |  78 |1233 |5183k|  3 | 457 |   0 | 0.000000e+00 | 6.902407e+03 |    Inf |  55.33%
  523s|132200 |  5913 | 13932k| 105.4 |   452M |  41 | 290 |  78 |1124 |5187k|  3 | 457 |   0 | 0.000000e+00 | 6.902407e+03 |    Inf |  55.33%
  524s|132300 |  5905 | 13944k| 105.4 |   452M |  41 | 290 |  78 |1168 |5191k|  3 | 457 |   0 | 0.000000e+00 | 6.902407e+03 |    Inf |  55.33%
  524s|132400 |  5913 | 13955k| 105.4 |   452M |  41 | 290 |  78 |1266 |5196k|  1 | 457 |   0 | 0.000000e+00 | 6.902407e+03 |    Inf |  55.33%
  525s|132500 |  5907 | 13967k| 105.4 |   452M |  41 | 290 |  78 |1260 |5200k|  1 | 457 |   0 | 0.000000e+00 | 6.902407e+03 |    Inf |  55.33%
  525s|132600 |  5903 | 13979k| 105.4 |   452M |  41 | 290 |  78 |1052 |5203k|  1 | 458 |   0 | 0.000000e+00 | 6.902407e+03 |    Inf |  55.33%
  526s|132700 |  5895 | 13989k| 105.4 |   452M |  41 | 290 |  78 |1320 |5207k|  2 | 458 |   0 | 0.000000e+00 | 6.902407e+03 |    Inf |  55.35%
  526s|132800 |  5907 | 14000k| 105.4 |   452M |  41 | 290 |  78 |1096 |5211k|  3 | 458 |   0 | 0.000000e+00 | 6.902407e+03 |    Inf |  55.36%
  527s|132900 |  5925 | 14016k| 105.5 |   453M |  41 | 290 |  78 |1332 |5216k|  3 | 458 |   0 | 0.000000e+00 | 6.902407e+03 |    Inf |  55.36%
  527s|133000 |  5905 | 14033k| 105.5 |   453M |  41 | 290 |  78 |1195 |5221k|  3 | 458 |   0 | 0.000000e+00 | 6.902407e+03 |    Inf |  55.36%
  528s|133100 |  5909 | 14044k| 105.5 |   453M |  41 | 290 |  78 |1062 |5225k|  3 | 458 |   0 | 0.000000e+00 | 6.902407e+03 |    Inf |  55.38%
  528s|133200 |  5901 | 14056k| 105.5 |   453M |  41 | 290 |  78 |1147 |5229k|  1 | 458 |   0 | 0.000000e+00 | 6.902407e+03 |    Inf |  55.38%
  528s|133300 |  5899 | 14067k| 105.5 |   453M |  41 | 290 |  78 |1104 |5233k|  1 | 459 |   0 | 0.000000e+00 | 6.902407e+03 |    Inf |  55.38%
  529s|133400 |  5881 | 14076k| 105.5 |   453M |  41 | 290 |  78 | 963 |5237k|  2 | 459 |   0 | 0.000000e+00 | 6.902407e+03 |    Inf |  55.47%
  529s|133500 |  5895 | 14085k| 105.5 |   453M |  41 | 290 |  78 |1149 |5241k|  3 | 459 |   0 | 0.000000e+00 | 6.902407e+03 |    Inf |  55.50%
 time | node  | left  |LP iter|LP it/n|mem/heur|mdpt |vars |cons |rows |cuts |sepa|confs|strbr|  dualbound   | primalbound  |  gap   | compl. 
  530s|133600 |  5895 | 14096k| 105.5 |   453M |  41 | 290 |  78 |1114 |5245k|  2 | 459 |   0 | 0.000000e+00 | 6.902407e+03 |    Inf |  55.50%
  530s|133700 |  5891 | 14106k| 105.5 |   453M |  41 | 290 |  78 |1085 |5249k|  4 | 460 |   0 | 0.000000e+00 | 6.902407e+03 |    Inf |  55.50%
  530s|133800 |  5891 | 14116k| 105.5 |   453M |  41 | 290 |  78 |1123 |5253k|  2 | 461 |   0 | 0.000000e+00 | 6.902407e+03 |    Inf |  55.56%
  531s|133900 |  5885 | 14125k| 105.5 |   453M |  41 | 290 |  78 | 948 |5256k|  1 | 461 |   0 | 0.000000e+00 | 6.902407e+03 |    Inf |  55.56%
  531s|134000 |  5881 | 14133k| 105.5 |   453M |  41 | 290 |  78 |1108 |5259k|  3 | 461 |   0 | 0.000000e+00 | 6.902407e+03 |    Inf |  55.56%
  532s|134100 |  5887 | 14140k| 105.4 |   453M |  41 | 290 |  78 |1186 |5263k|  2 | 462 |   0 | 0.000000e+00 | 6.902407e+03 |    Inf |  55.56%
  532s|134200 |  5881 | 14150k| 105.4 |   453M |  41 | 290 |  78 |1038 |5267k|  5 | 462 |   0 | 0.000000e+00 | 6.902407e+03 |    Inf |  55.61%
  532s|134300 |  5887 | 14159k| 105.4 |   453M |  41 | 290 |  78 |1246 |5270k|  1 | 463 |   0 | 0.000000e+00 | 6.902407e+03 |    Inf |  55.62%
  533s|134400 |  5877 | 14169k| 105.4 |   453M |  41 | 290 |  78 |1122 |5274k|  1 | 463 |   0 | 0.000000e+00 | 6.902407e+03 |    Inf |  55.62%
  533s|134500 |  5879 | 14180k| 105.4 |   453M |  41 | 290 |  78 | 989 |5278k|  4 | 463 |   0 | 0.000000e+00 | 6.902407e+03 |    Inf |  55.63%
  534s|134600 |  5875 | 14192k| 105.4 |   453M |  41 | 290 |  78 |1163 |5282k|  1 | 463 |   0 | 0.000000e+00 | 6.902407e+03 |    Inf |  55.67%
  534s|134700 |  5873 | 14203k| 105.4 |   453M |  41 | 290 |  78 |1069 |5285k|  4 | 463 |   0 | 0.000000e+00 | 6.902407e+03 |    Inf |  55.67%
  535s|134800 |  5873 | 14213k| 105.4 |   453M |  41 | 290 |  78 |1132 |5290k|  5 | 464 |   0 | 0.000000e+00 | 6.902407e+03 |    Inf |  55.70%
  535s|134900 |  5871 | 14222k| 105.4 |   453M |  41 | 290 |  78 |1052 |5293k|  3 | 464 |   0 | 0.000000e+00 | 6.902407e+03 |    Inf |  55.73%
  535s|135000 |  5873 | 14231k| 105.4 |   453M |  41 | 290 |  78 |1293 |5297k|  1 | 465 |   0 | 0.000000e+00 | 6.902407e+03 |    Inf |  55.73%
 time | node  | left  |LP iter|LP it/n|mem/heur|mdpt |vars |cons |rows |cuts |sepa|confs|strbr|  dualbound   | primalbound  |  gap   | compl. 
  536s|135100 |  5863 | 14239k| 105.4 |   453M |  41 | 290 |  78 |1029 |5301k|  1 | 466 |   0 | 0.000000e+00 | 6.902407e+03 |    Inf |  55.73%
  536s|135200 |  5861 | 14248k| 105.4 |   453M |  41 | 290 |  78 |1342 |5305k|  1 | 466 |   0 | 0.000000e+00 | 6.902407e+03 |    Inf |  55.73%
  537s|135300 |  5853 | 14257k| 105.4 |   453M |  41 | 290 |  78 |1114 |5309k|  3 | 466 |   0 | 0.000000e+00 | 6.902407e+03 |    Inf |  55.78%
  537s|135400 |  5849 | 14266k| 105.4 |   453M |  41 | 290 |  78 |1165 |5312k|  2 | 466 |   0 | 0.000000e+00 | 6.902407e+03 |    Inf |  55.78%
  537s|135500 |  5845 | 14277k| 105.4 |   453M |  41 | 290 |  78 |1015 |5316k|  2 | 466 |   0 | 0.000000e+00 | 6.902407e+03 |    Inf |  55.81%
  538s|135600 |  5845 | 14284k| 105.3 |   453M |  41 | 290 |  78 |1164 |5319k|  1 | 468 |   0 | 0.000000e+00 | 6.902407e+03 |    Inf |  55.81%
  538s|135700 |  5845 | 14293k| 105.3 |   453M |  41 | 290 |  78 |1173 |5323k|  3 | 469 |   0 | 0.000000e+00 | 6.902407e+03 |    Inf |  55.81%
  539s|135800 |  5849 | 14301k| 105.3 |   453M |  41 | 290 |  78 | 853 |5326k|  3 | 469 |   0 | 0.000000e+00 | 6.902407e+03 |    Inf |  55.83%
  539s|135900 |  5841 | 14310k| 105.3 |   453M |  41 | 290 |  78 |1023 |5330k|  2 | 469 |   0 | 0.000000e+00 | 6.902407e+03 |    Inf |  55.88%
  539s|136000 |  5849 | 14318k| 105.3 |   453M |  41 | 290 |  78 | 942 |5334k|  2 | 469 |   0 | 0.000000e+00 | 6.902407e+03 |    Inf |  55.88%
  540s|136100 |  5841 | 14326k| 105.3 |   453M |  41 | 290 |  78 |1078 |5338k|  3 | 469 |   0 | 0.000000e+00 | 6.902407e+03 |    Inf |  55.90%
  540s|136200 |  5843 | 14336k| 105.3 |   453M |  41 | 290 |  78 | 760 |5342k|  2 | 469 |   0 | 0.000000e+00 | 6.902407e+03 |    Inf |  55.91%
  540s|136300 |  5847 | 14346k| 105.3 |   453M |  41 | 290 |  78 |1177 |5346k|  2 | 470 |   0 | 0.000000e+00 | 6.902407e+03 |    Inf |  55.95%
  541s|136400 |  5843 | 14360k| 105.3 |   453M |  41 | 290 |  78 |1148 |5350k|  2 | 470 |   0 | 0.000000e+00 | 6.902407e+03 |    Inf |  55.95%
  541s|136500 |  5849 | 14370k| 105.3 |   453M |  41 | 290 |  78 |1079 |5354k|  4 | 470 |   0 | 0.000000e+00 | 6.902407e+03 |    Inf |  55.96%
 time | node  | left  |LP iter|LP it/n|mem/heur|mdpt |vars |cons |rows |cuts |sepa|confs|strbr|  dualbound   | primalbound  |  gap   | compl. 
  542s|136600 |  5845 | 14377k| 105.2 |   453M |  41 | 290 |  78 |1374 |5357k|  1 | 471 |   0 | 0.000000e+00 | 6.902407e+03 |    Inf |  55.96%
  542s|136700 |  5845 | 14383k| 105.2 |   453M |  41 | 290 |  78 | 971 |5360k|  3 | 473 |   0 | 0.000000e+00 | 6.902407e+03 |    Inf |  56.00%
  542s|136800 |  5841 | 14392k| 105.2 |   453M |  41 | 290 |  78 |1028 |5364k|  2 | 473 |   0 | 0.000000e+00 | 6.902407e+03 |    Inf |  56.00%
  543s|136900 |  5845 | 14401k| 105.2 |   453M |  41 | 290 |  78 | 940 |5368k|  2 | 473 |   0 | 0.000000e+00 | 6.902407e+03 |    Inf |  56.00%
  543s|137000 |  5849 | 14412k| 105.2 |   453M |  41 | 290 |  78 |1070 |5372k|  3 | 473 |   0 | 0.000000e+00 | 6.902407e+03 |    Inf |  56.00%
  544s|137100 |  5847 | 14424k| 105.2 |   453M |  41 | 290 |  78 |1094 |5376k|  2 | 473 |   0 | 0.000000e+00 | 6.902407e+03 |    Inf |  56.02%
  544s|137200 |  5841 | 14435k| 105.2 |   453M |  41 | 290 |  78 |1134 |5380k|  4 | 473 |   0 | 0.000000e+00 | 6.902407e+03 |    Inf |  56.03%
  544s|137300 |  5853 | 14445k| 105.2 |   453M |  41 | 290 |  78 | 835 |5384k|  4 | 473 |   0 | 0.000000e+00 | 6.902407e+03 |    Inf |  56.05%
  545s|137400 |  5851 | 14457k| 105.2 |   453M |  41 | 290 |  78 |1082 |5388k|  3 | 474 |   0 | 0.000000e+00 | 6.902407e+03 |    Inf |  56.07%
  545s|137500 |  5861 | 14465k| 105.2 |   453M |  41 | 290 |  78 |1209 |5391k|  1 | 474 |   0 | 0.000000e+00 | 6.902407e+03 |    Inf |  56.10%
  546s|137600 |  5849 | 14477k| 105.2 |   453M |  41 | 290 |  78 |1118 |5395k|  3 | 474 |   0 | 0.000000e+00 | 6.902407e+03 |    Inf |  56.10%
  546s|137700 |  5869 | 14488k| 105.2 |   453M |  41 | 290 |  78 |1075 |5400k|  3 | 475 |   0 | 0.000000e+00 | 6.902407e+03 |    Inf |  56.15%
  547s|137800 |  5917 | 14499k| 105.2 |   455M |  41 | 290 |  78 |1127 |5405k|  3 | 475 |   0 | 0.000000e+00 | 6.902407e+03 |    Inf |  56.16%
  547s|137900 |  5963 | 14508k| 105.2 |   457M |  41 | 290 |  78 | 886 |5409k|  4 | 475 |   0 | 0.000000e+00 | 6.902407e+03 |    Inf |  56.19%
  547s|138000 |  6001 | 14517k| 105.2 |   458M |  41 | 290 |  78 | 918 |5414k|  3 | 477 |   0 | 0.000000e+00 | 6.902407e+03 |    Inf |  56.19%
 time | node  | left  |LP iter|LP it/n|mem/heur|mdpt |vars |cons |rows |cuts |sepa|confs|strbr|  dualbound   | primalbound  |  gap   | compl. 
  548s|138100 |  6033 | 14527k| 105.2 |   458M |  41 | 290 |  78 | 904 |5418k|  6 | 479 |   0 | 0.000000e+00 | 6.902407e+03 |    Inf |  56.20%
  548s|138200 |  6061 | 14535k| 105.2 |   459M |  41 | 290 |  78 | 894 |5422k|  4 | 479 |   0 | 0.000000e+00 | 6.902407e+03 |    Inf |  56.22%
  548s|138300 |  6097 | 14543k| 105.2 |   460M |  41 | 290 |  78 | 918 |5426k|  3 | 479 |   0 | 0.000000e+00 | 6.902407e+03 |    Inf |  56.22%
  549s|138400 |  6133 | 14552k| 105.1 |   460M |  41 | 290 |  78 |1123 |5431k|  4 | 479 |   0 | 0.000000e+00 | 6.902407e+03 |    Inf |  56.23%
  549s|138500 |  6161 | 14560k| 105.1 |   463M |  41 | 290 |  78 | 984 |5435k|  3 | 479 |   0 | 0.000000e+00 | 6.902407e+03 |    Inf |  56.24%
  549s|138600 |  6201 | 14567k| 105.1 |   463M |  41 | 290 |  78 |1137 |5438k|  4 | 481 |   0 | 0.000000e+00 | 6.902407e+03 |    Inf |  56.24%
  550s|138700 |  6235 | 14574k| 105.1 |   465M |  41 | 290 |  78 |1094 |5442k|  5 | 483 |   0 | 0.000000e+00 | 6.902407e+03 |    Inf |  56.24%
  550s|138800 |  6263 | 14581k| 105.1 |   465M |  41 | 290 |  78 |1041 |5446k|  2 | 483 |   0 | 0.000000e+00 | 6.902407e+03 |    Inf |  56.25%
  550s|138900 |  6293 | 14590k| 105.0 |   466M |  41 | 290 |  78 | 868 |5450k|  2 | 484 |   0 | 0.000000e+00 | 6.902407e+03 |    Inf |  56.25%
  551s|139000 |  6319 | 14598k| 105.0 |   471M |  41 | 290 |  78 | 893 |5454k|  4 | 484 |   0 | 0.000000e+00 | 6.902407e+03 |    Inf |  56.25%
  551s|139100 |  6347 | 14606k| 105.0 |   471M |  41 | 290 |  78 | 905 |5457k|  3 | 487 |   0 | 0.000000e+00 | 6.902407e+03 |    Inf |  56.25%
  551s|139200 |  6371 | 14615k| 105.0 |   471M |  41 | 290 |  78 |1070 |5462k|  3 | 488 |   0 | 0.000000e+00 | 6.902407e+03 |    Inf |  56.25%
  552s|139300 |  6409 | 14623k| 105.0 |   473M |  41 | 290 |  78 | 933 |5466k|  2 | 488 |   0 | 0.000000e+00 | 6.902407e+03 |    Inf |  56.25%
  552s|139400 |  6431 | 14632k| 105.0 |   473M |  41 | 290 |  78 |1069 |5470k|  2 | 488 |   0 | 0.000000e+00 | 6.902407e+03 |    Inf |  56.26%
  553s|139500 |  6465 | 14639k| 104.9 |   473M |  41 | 290 |  78 | 984 |5474k|  0 | 489 |   0 | 0.000000e+00 | 6.902407e+03 |    Inf |  56.26%
 time | node  | left  |LP iter|LP it/n|mem/heur|mdpt |vars |cons |rows |cuts |sepa|confs|strbr|  dualbound   | primalbound  |  gap   | compl. 
  553s|139600 |  6487 | 14648k| 104.9 |   475M |  41 | 290 |  78 |1040 |5478k|  3 | 490 |   0 | 0.000000e+00 | 6.902407e+03 |    Inf |  56.26%
  553s|139700 |  6521 | 14655k| 104.9 |   475M |  41 | 290 |  78 | 914 |5482k|  3 | 490 |   0 | 0.000000e+00 | 6.902407e+03 |    Inf |  56.26%
  554s|139800 |  6543 | 14664k| 104.9 |   475M |  41 | 290 |  78 |1072 |5486k|  1 | 491 |   0 | 0.000000e+00 | 6.902407e+03 |    Inf |  56.26%
  554s|139900 |  6553 | 14671k| 104.9 |   475M |  41 | 290 |  78 |1068 |5490k|  1 | 491 |   0 | 0.000000e+00 | 6.902407e+03 |    Inf |  56.26%
  554s|140000 |  6585 | 14678k| 104.8 |   477M |  41 | 290 |  78 |1130 |5493k|  3 | 491 |   0 | 0.000000e+00 | 6.902407e+03 |    Inf |  56.27%
  555s|140100 |  6615 | 14687k| 104.8 |   478M |  41 | 290 |  78 |1017 |5497k|  2 | 491 |   0 | 0.000000e+00 | 6.902407e+03 |    Inf |  56.27%
  555s|140200 |  6643 | 14694k| 104.8 |   480M |  41 | 290 |  78 |1038 |5501k|  3 | 492 |   0 | 0.000000e+00 | 6.902407e+03 |    Inf |  56.27%
  555s|140300 |  6675 | 14704k| 104.8 |   482M |  41 | 290 |  78 |1083 |5505k|  2 | 493 |   0 | 0.000000e+00 | 6.902407e+03 |    Inf |  56.27%
  556s|140400 |  6701 | 14712k| 104.8 |   483M |  41 | 290 |  78 |1079 |5509k|  2 | 493 |   0 | 0.000000e+00 | 6.902407e+03 |    Inf |  56.27%
  556s|140500 |  6723 | 14721k| 104.8 |   483M |  41 | 290 |  78 |1128 |5513k|  1 | 494 |   0 | 0.000000e+00 | 6.902407e+03 |    Inf |  56.27%
  556s|140600 |  6741 | 14729k| 104.8 |   484M |  41 | 290 |  78 |1115 |5517k|  1 | 494 |   0 | 0.000000e+00 | 6.902407e+03 |    Inf |  56.27%
  557s|140700 |  6765 | 14736k| 104.7 |   485M |  41 | 290 |  78 |1130 |5520k|  3 | 496 |   0 | 0.000000e+00 | 6.902407e+03 |    Inf |  56.27%
  557s|140800 |  6787 | 14742k| 104.7 |   485M |  41 | 290 |  78 |1018 |5524k|  2 | 496 |   0 | 0.000000e+00 | 6.902407e+03 |    Inf |  56.27%
  558s|140900 |  6805 | 14751k| 104.7 |   487M |  41 | 290 |  78 |1124 |5528k|  4 | 497 |   0 | 0.000000e+00 | 6.902407e+03 |    Inf |  56.27%
  558s|141000 |  6825 | 14758k| 104.7 |   487M |  41 | 290 |  78 |1181 |5531k|  1 | 497 |   0 | 0.000000e+00 | 6.902407e+03 |    Inf |  56.27%
 time | node  | left  |LP iter|LP it/n|mem/heur|mdpt |vars |cons |rows |cuts |sepa|confs|strbr|  dualbound   | primalbound  |  gap   | compl. 
  558s|141100 |  6837 | 14766k| 104.6 |   487M |  41 | 290 |  78 |1077 |5535k|  4 | 497 |   0 | 0.000000e+00 | 6.902407e+03 |    Inf |  56.27%
  559s|141200 |  6853 | 14774k| 104.6 |   488M |  41 | 290 |  78 | 952 |5539k|  2 | 498 |   0 | 0.000000e+00 | 6.902407e+03 |    Inf |  56.27%
  559s|141300 |  6879 | 14783k| 104.6 |   489M |  41 | 290 |  78 | 922 |5543k|  3 | 498 |   0 | 0.000000e+00 | 6.902407e+03 |    Inf |  56.27%
  559s|141400 |  6891 | 14791k| 104.6 |   489M |  41 | 290 |  78 |1142 |5547k|  4 | 499 |   0 | 0.000000e+00 | 6.902407e+03 |    Inf |  56.27%
  560s|141500 |  6915 | 14798k| 104.6 |   489M |  41 | 290 |  78 |1030 |5550k|  2 | 500 |   0 | 0.000000e+00 | 6.902407e+03 |    Inf |  56.27%
  560s|141600 |  6931 | 14807k| 104.6 |   490M |  41 | 290 |  78 | 992 |5554k|  2 | 502 |   0 | 0.000000e+00 | 6.902407e+03 |    Inf |  56.27%
  560s|141700 |  6941 | 14815k| 104.6 |   493M |  41 | 290 |  78 |1013 |5558k|  1 | 503 |   0 | 0.000000e+00 | 6.902407e+03 |    Inf |  56.27%
  561s|141800 |  6949 | 14821k| 104.5 |   494M |  41 | 290 |  78 |1056 |5561k|  1 | 504 |   0 | 0.000000e+00 | 6.902407e+03 |    Inf |  56.28%
  561s|141900 |  6961 | 14830k| 104.5 |   495M |  41 | 290 |  78 |1079 |5565k|  4 | 507 |   0 | 0.000000e+00 | 6.902407e+03 |    Inf |  56.28%
  561s|142000 |  6969 | 14838k| 104.5 |   495M |  41 | 290 |  78 | 995 |5569k|  1 | 510 |   0 | 0.000000e+00 | 6.902407e+03 |    Inf |  56.28%
  562s|142100 |  6979 | 14846k| 104.5 |   495M |  41 | 290 |  78 |1090 |5572k|  3 | 510 |   0 | 0.000000e+00 | 6.902407e+03 |    Inf |  56.28%
  562s|142200 |  7003 | 14853k| 104.5 |   496M |  41 | 290 |  78 | 955 |5576k|  2 | 512 |   0 | 0.000000e+00 | 6.902407e+03 |    Inf |  56.28%
  563s|142300 |  7021 | 14862k| 104.4 |   496M |  41 | 290 |  78 |1168 |5580k|  3 | 512 |   0 | 0.000000e+00 | 6.902407e+03 |    Inf |  56.28%
  563s|142400 |  7029 | 14869k| 104.4 |   497M |  41 | 290 |  78 |1029 |5583k|  1 | 512 |   0 | 0.000000e+00 | 6.902407e+03 |    Inf |  56.28%
  563s|142500 |  7045 | 14877k| 104.4 |   498M |  41 | 290 |  78 |1147 |5587k|  3 | 512 |   0 | 0.000000e+00 | 6.902407e+03 |    Inf |  56.28%
 time | node  | left  |LP iter|LP it/n|mem/heur|mdpt |vars |cons |rows |cuts |sepa|confs|strbr|  dualbound   | primalbound  |  gap   | compl. 
  564s|142600 |  7053 | 14885k| 104.4 |   498M |  41 | 290 |  78 |1062 |5590k|  4 | 516 |   0 | 0.000000e+00 | 6.902407e+03 |    Inf |  56.28%
  564s|142700 |  7059 | 14893k| 104.4 |   498M |  41 | 290 |  78 |1081 |5594k|  3 | 517 |   0 | 0.000000e+00 | 6.902407e+03 |    Inf |  56.28%
  564s|142800 |  7057 | 14901k| 104.3 |   498M |  41 | 290 |  78 |1048 |5598k|  3 | 517 |   0 | 0.000000e+00 | 6.902407e+03 |    Inf |  56.28%
  565s|142900 |  7069 | 14909k| 104.3 |   498M |  41 | 290 |  78 |1048 |5601k|  2 | 520 |   0 | 0.000000e+00 | 6.902407e+03 |    Inf |  56.28%
  565s|143000 |  7083 | 14917k| 104.3 |   500M |  41 | 290 |  78 |1088 |5605k|  1 | 522 |   0 | 0.000000e+00 | 6.902407e+03 |    Inf |  56.28%
  566s|143100 |  7089 | 14924k| 104.3 |   500M |  41 | 290 |  78 |1207 |5608k|  2 | 523 |   0 | 0.000000e+00 | 6.902407e+03 |    Inf |  56.28%
  566s|143200 |  7107 | 14932k| 104.3 |   500M |  41 | 290 |  78 |1107 |5612k|  2 | 523 |   0 | 0.000000e+00 | 6.902407e+03 |    Inf |  56.28%
  566s|143300 |  7117 | 14940k| 104.3 |   500M |  41 | 290 |  78 |1155 |5615k|  1 | 524 |   0 | 0.000000e+00 | 6.902407e+03 |    Inf |  56.28%
  567s|143400 |  7127 | 14947k| 104.2 |   500M |  41 | 290 |  78 |1109 |5619k|  5 | 524 |   0 | 0.000000e+00 | 6.902407e+03 |    Inf |  56.28%
  567s|143500 |  7141 | 14956k| 104.2 |   502M |  41 | 290 |  78 |1080 |5623k|  4 | 525 |   0 | 0.000000e+00 | 6.902407e+03 |    Inf |  56.28%
  567s|143600 |  7139 | 14963k| 104.2 |   502M |  41 | 290 |  78 |1174 |5626k|  2 | 526 |   0 | 0.000000e+00 | 6.902407e+03 |    Inf |  56.28%
  568s|143700 |  7139 | 14971k| 104.2 |   502M |  41 | 290 |  78 |1032 |5630k|  1 | 526 |   0 | 0.000000e+00 | 6.902407e+03 |    Inf |  56.28%
  568s|143800 |  7141 | 14978k| 104.2 |   502M |  41 | 290 |  78 |1038 |5633k|  2 | 528 |   0 | 0.000000e+00 | 6.902407e+03 |    Inf |  56.28%
  568s|143900 |  7141 | 14986k| 104.1 |   502M |  41 | 290 |  78 |1133 |5637k|  1 | 528 |   0 | 0.000000e+00 | 6.902407e+03 |    Inf |  56.28%
  569s|144000 |  7141 | 14992k| 104.1 |   502M |  41 | 290 |  78 |1091 |5640k|  0 | 528 |   0 | 0.000000e+00 | 6.902407e+03 |    Inf |  56.28%
 time | node  | left  |LP iter|LP it/n|mem/heur|mdpt |vars |cons |rows |cuts |sepa|confs|strbr|  dualbound   | primalbound  |  gap   | compl. 
  569s|144100 |  7153 | 15000k| 104.1 |   503M |  41 | 290 |  78 |1138 |5644k|  3 | 529 |   0 | 0.000000e+00 | 6.902407e+03 |    Inf |  56.28%
  569s|144200 |  7149 | 15008k| 104.1 |   504M |  41 | 290 |  78 | 984 |5647k|  1 | 529 |   0 | 0.000000e+00 | 6.902407e+03 |    Inf |  56.28%
  570s|144300 |  7157 | 15016k| 104.1 |   504M |  41 | 290 |  78 |1222 |5651k|  1 | 530 |   0 | 0.000000e+00 | 6.902407e+03 |    Inf |  56.28%
  570s|144400 |  7165 | 15025k| 104.1 |   506M |  41 | 290 |  78 |1098 |5654k|  1 | 532 |   0 | 0.000000e+00 | 6.902407e+03 |    Inf |  56.28%
  571s|144500 |  7155 | 15033k| 104.0 |   506M |  41 | 290 |  78 |1123 |5658k|  1 | 535 |   0 | 0.000000e+00 | 6.902407e+03 |    Inf |  56.28%
  571s|144600 |  7159 | 15041k| 104.0 |   506M |  41 | 290 |  78 |1134 |5661k|  3 | 538 |   0 | 0.000000e+00 | 6.902407e+03 |    Inf |  56.28%
  571s|144700 |  7155 | 15050k| 104.0 |   506M |  41 | 290 |  78 |1118 |5665k|  3 | 539 |   0 | 0.000000e+00 | 6.902407e+03 |    Inf |  56.28%
  572s|144800 |  7161 | 15058k| 104.0 |   506M |  41 | 290 |  78 |1121 |5669k|  3 | 539 |   0 | 0.000000e+00 | 6.902407e+03 |    Inf |  56.28%
  572s|144900 |  7151 | 15065k| 104.0 |   506M |  41 | 290 |  78 |1081 |5672k|  2 | 541 |   0 | 0.000000e+00 | 6.902407e+03 |    Inf |  56.28%
  572s|145000 |  7139 | 15072k| 103.9 |   506M |  41 | 290 |  78 |1187 |5676k|  1 | 541 |   0 | 0.000000e+00 | 6.902407e+03 |    Inf |  56.28%
  573s|145100 |  7139 | 15079k| 103.9 |   506M |  41 | 290 |  78 |1042 |5679k|  3 | 541 |   0 | 0.000000e+00 | 6.902407e+03 |    Inf |  56.28%
  573s|145200 |  7137 | 15087k| 103.9 |   506M |  41 | 290 |  78 |1128 |5682k|  3 | 542 |   0 | 0.000000e+00 | 6.902407e+03 |    Inf |  56.28%
  573s|145300 |  7127 | 15095k| 103.9 |   506M |  41 | 290 |  78 |1152 |5686k|  1 | 543 |   0 | 0.000000e+00 | 6.902407e+03 |    Inf |  56.28%
  574s|145400 |  7111 | 15102k| 103.9 |   506M |  41 | 290 |  78 |1101 |5689k|  2 | 546 |   0 | 0.000000e+00 | 6.902407e+03 |    Inf |  56.28%
  574s|145500 |  7095 | 15109k| 103.8 |   506M |  41 | 290 |  78 |1108 |5692k|  2 | 547 |   0 | 0.000000e+00 | 6.902407e+03 |    Inf |  56.28%
 time | node  | left  |LP iter|LP it/n|mem/heur|mdpt |vars |cons |rows |cuts |sepa|confs|strbr|  dualbound   | primalbound  |  gap   | compl. 
  575s|145600 |  7085 | 15117k| 103.8 |   506M |  41 | 290 |  78 |1131 |5696k|  1 | 548 |   0 | 0.000000e+00 | 6.902407e+03 |    Inf |  56.28%
  575s|145700 |  7069 | 15124k| 103.8 |   506M |  41 | 290 |  78 |1162 |5700k|  3 | 549 |   0 | 0.000000e+00 | 6.902407e+03 |    Inf |  56.28%
  575s|145800 |  7059 | 15133k| 103.8 |   506M |  41 | 290 |  78 |1116 |5703k|  1 | 549 |   0 | 0.000000e+00 | 6.902407e+03 |    Inf |  56.28%
  576s|145900 |  7037 | 15142k| 103.8 |   506M |  41 | 290 |  78 |1178 |5707k|  3 | 551 |   0 | 0.000000e+00 | 6.902407e+03 |    Inf |  56.28%
  576s|146000 |  7013 | 15149k| 103.8 |   506M |  41 | 290 |  78 |1081 |5710k|  1 | 552 |   0 | 0.000000e+00 | 6.902407e+03 |    Inf |  56.28%
  576s|146100 |  7003 | 15157k| 103.7 |   506M |  41 | 290 |  78 |1196 |5714k|  0 | 555 |   0 | 0.000000e+00 | 6.902407e+03 |    Inf |  56.28%
  577s|146200 |  7005 | 15168k| 103.7 |   506M |  41 | 290 |  78 |1229 |5718k|  2 | 556 |   0 | 0.000000e+00 | 6.902407e+03 |    Inf |  56.28%
  577s|146300 |  7023 | 15180k| 103.8 |   507M |  41 | 290 |  78 |1190 |5722k|  2 | 556 |   0 | 0.000000e+00 | 6.902407e+03 |    Inf |  56.28%
  578s|146400 |  6993 | 15189k| 103.8 |   507M |  41 | 290 |  78 |1151 |5725k|  2 | 557 |   0 | 0.000000e+00 | 6.902407e+03 |    Inf |  56.28%
  578s|146500 |  6973 | 15196k| 103.7 |   507M |  41 | 290 |  78 |1161 |5728k|  2 | 557 |   0 | 0.000000e+00 | 6.902407e+03 |    Inf |  56.28%
  579s|146600 |  6949 | 15203k| 103.7 |   507M |  41 | 290 |  78 |1327 |5732k|  2 | 559 |   0 | 0.000000e+00 | 6.902407e+03 |    Inf |  56.28%
  579s|146700 |  6935 | 15211k| 103.7 |   507M |  41 | 290 |  78 |1355 |5735k|  2 | 560 |   0 | 0.000000e+00 | 6.902407e+03 |    Inf |  56.28%
  579s|146800 |  6925 | 15219k| 103.7 |   507M |  41 | 290 |  78 |1077 |5739k|  3 | 562 |   0 | 0.000000e+00 | 6.902407e+03 |    Inf |  56.28%
  580s|146900 |  6949 | 15227k| 103.7 |   507M |  41 | 290 |  78 |1142 |5742k|  3 | 564 |   0 | 0.000000e+00 | 6.902407e+03 |    Inf |  56.28%
  580s|147000 |  6951 | 15233k| 103.6 |   507M |  41 | 290 |  78 |1193 |5745k|  3 | 565 |   0 | 0.000000e+00 | 6.902407e+03 |    Inf |  56.28%
 time | node  | left  |LP iter|LP it/n|mem/heur|mdpt |vars |cons |rows |cuts |sepa|confs|strbr|  dualbound   | primalbound  |  gap   | compl. 
  580s|147100 |  6939 | 15242k| 103.6 |   507M |  41 | 290 |  78 |1036 |5749k|  3 | 565 |   0 | 0.000000e+00 | 6.902407e+03 |    Inf |  56.29%
  581s|147200 |  6917 | 15250k| 103.6 |   507M |  41 | 290 |  78 |1188 |5752k|  1 | 567 |   0 | 0.000000e+00 | 6.902407e+03 |    Inf |  56.29%
  581s|147300 |  6901 | 15256k| 103.6 |   507M |  41 | 290 |  78 | 969 |5755k|  1 | 569 |   0 | 0.000000e+00 | 6.902407e+03 |    Inf |  56.29%
  581s|147400 |  6901 | 15265k| 103.6 |   507M |  41 | 290 |  78 | 659 |5759k|  3 | 572 |   0 | 0.000000e+00 | 6.902407e+03 |    Inf |  56.32%
  582s|147500 |  6899 | 15274k| 103.6 |   507M |  41 | 290 |  78 |1000 |5763k|  3 | 573 |   0 | 0.000000e+00 | 6.902407e+03 |    Inf |  56.35%
  582s|147600 |  6919 | 15289k| 103.6 |   507M |  41 | 290 |  78 |1219 |5768k|  3 | 573 |   0 | 0.000000e+00 | 6.902407e+03 |    Inf |  56.35%
  583s|147700 |  6929 | 15302k| 103.6 |   507M |  41 | 290 |  78 | 994 |5773k|  3 | 573 |   0 | 0.000000e+00 | 6.902407e+03 |    Inf |  56.35%
  583s|147800 |  6923 | 15314k| 103.6 |   508M |  41 | 290 |  78 |1084 |5778k|  2 | 575 |   0 | 0.000000e+00 | 6.902407e+03 |    Inf |  56.35%
  584s|147900 |  6917 | 15322k| 103.6 |   508M |  41 | 290 |  78 |1143 |5781k|  2 | 576 |   0 | 0.000000e+00 | 6.902407e+03 |    Inf |  56.35%
  584s|148000 |  6907 | 15329k| 103.6 |   508M |  41 | 290 |  78 |1147 |5785k|  1 | 576 |   0 | 0.000000e+00 | 6.902407e+03 |    Inf |  56.35%
  584s|148100 |  6897 | 15337k| 103.6 |   508M |  41 | 290 |  78 |1042 |5789k|  1 | 577 |   0 | 0.000000e+00 | 6.902407e+03 |    Inf |  56.36%
  585s|148200 |  6885 | 15346k| 103.5 |   508M |  41 | 290 |  78 |1276 |5792k|  2 | 580 |   0 | 0.000000e+00 | 6.902407e+03 |    Inf |  56.36%
  585s|148300 |  6889 | 15354k| 103.5 |   508M |  41 | 290 |  78 |1175 |5796k|  1 | 580 |   0 | 0.000000e+00 | 6.902407e+03 |    Inf |  56.36%
  585s|148400 |  6887 | 15364k| 103.5 |   508M |  41 | 290 |  78 |1158 |5800k|  1 | 580 |   0 | 0.000000e+00 | 6.902407e+03 |    Inf |  56.37%
  586s|148500 |  6883 | 15372k| 103.5 |   508M |  41 | 290 |  78 |1137 |5803k|  3 | 581 |   0 | 0.000000e+00 | 6.902407e+03 |    Inf |  56.37%
 time | node  | left  |LP iter|LP it/n|mem/heur|mdpt |vars |cons |rows |cuts |sepa|confs|strbr|  dualbound   | primalbound  |  gap   | compl. 
  586s|148600 |  6861 | 15381k| 103.5 |   508M |  41 | 290 |  78 | 933 |5807k|  3 | 583 |   0 | 0.000000e+00 | 6.902407e+03 |    Inf |  56.37%
  587s|148700 |  6867 | 15391k| 103.5 |   508M |  41 | 290 |  78 |1086 |5811k|  1 | 585 |   0 | 0.000000e+00 | 6.902407e+03 |    Inf |  56.37%
  587s|148800 |  6865 | 15400k| 103.5 |   508M |  41 | 290 |  78 |1368 |5815k|  2 | 585 |   0 | 0.000000e+00 | 6.902407e+03 |    Inf |  56.37%
  587s|148900 |  6861 | 15406k| 103.5 |   508M |  41 | 290 |  78 |1134 |5818k|  3 | 586 |   0 | 0.000000e+00 | 6.902407e+03 |    Inf |  56.37%
  588s|149000 |  6847 | 15414k| 103.5 |   508M |  41 | 290 |  78 |1224 |5821k|  3 | 586 |   0 | 0.000000e+00 | 6.902407e+03 |    Inf |  56.38%
  588s|149100 |  6851 | 15424k| 103.4 |   508M |  41 | 290 |  78 |1296 |5824k|  0 | 592 |   0 | 0.000000e+00 | 6.902407e+03 |    Inf |  56.38%
  588s|149200 |  6843 | 15430k| 103.4 |   508M |  41 | 290 |  78 |1062 |5828k|  2 | 595 |   0 | 0.000000e+00 | 6.902407e+03 |    Inf |  56.38%
  589s|149300 |  6841 | 15438k| 103.4 |   508M |  41 | 290 |  78 |1310 |5831k|  3 | 595 |   0 | 0.000000e+00 | 6.902407e+03 |    Inf |  56.38%
  589s|149400 |  6837 | 15446k| 103.4 |   508M |  41 | 290 |  78 |1046 |5835k|  1 | 597 |   0 | 0.000000e+00 | 6.902407e+03 |    Inf |  56.38%
  590s|149500 |  6827 | 15453k| 103.4 |   508M |  41 | 290 |  78 |1128 |5838k|  1 | 599 |   0 | 0.000000e+00 | 6.902407e+03 |    Inf |  56.38%
  590s|149600 |  6811 | 15460k| 103.3 |   508M |  41 | 290 |  78 |1041 |5842k|  1 | 599 |   0 | 0.000000e+00 | 6.902407e+03 |    Inf |  56.38%
  590s|149700 |  6805 | 15470k| 103.3 |   508M |  41 | 290 |  78 | 964 |5846k|  1 | 599 |   0 | 0.000000e+00 | 6.902407e+03 |    Inf |  56.38%
  591s|149800 |  6801 | 15479k| 103.3 |   508M |  41 | 290 |  78 |1284 |5849k|  4 | 602 |   0 | 0.000000e+00 | 6.902407e+03 |    Inf |  56.38%
  591s|149900 |  6799 | 15488k| 103.3 |   508M |  41 | 290 |  78 |1058 |5853k|  4 | 603 |   0 | 0.000000e+00 | 6.902407e+03 |    Inf |  56.38%
  591s|150000 |  6785 | 15496k| 103.3 |   508M |  41 | 290 |  78 |1039 |5857k|  2 | 604 |   0 | 0.000000e+00 | 6.902407e+03 |    Inf |  56.38%
 time | node  | left  |LP iter|LP it/n|mem/heur|mdpt |vars |cons |rows |cuts |sepa|confs|strbr|  dualbound   | primalbound  |  gap   | compl. 
  592s|150100 |  6781 | 15504k| 103.3 |   508M |  41 | 290 |  78 |1353 |5861k|  1 | 606 |   0 | 0.000000e+00 | 6.902407e+03 |    Inf |  56.38%
  592s|150200 |  6779 | 15511k| 103.3 |   508M |  41 | 290 |  78 |1147 |5864k|  4 | 608 |   0 | 0.000000e+00 | 6.902407e+03 |    Inf |  56.38%
  592s|150300 |  6777 | 15518k| 103.2 |   508M |  41 | 290 |  78 |1190 |5867k|  2 | 609 |   0 | 0.000000e+00 | 6.902407e+03 |    Inf |  56.38%
  593s|150400 |  6777 | 15525k| 103.2 |   508M |  41 | 290 |  78 |1046 |5871k|  3 | 609 |   0 | 0.000000e+00 | 6.902407e+03 |    Inf |  56.38%
  593s|150500 |  6783 | 15535k| 103.2 |   508M |  41 | 290 |  78 |1122 |5875k|  3 | 610 |   0 | 0.000000e+00 | 6.902407e+03 |    Inf |  56.38%
  594s|150600 |  6775 | 15544k| 103.2 |   508M |  41 | 290 |  78 |1267 |5879k|  2 | 612 |   0 | 0.000000e+00 | 6.902407e+03 |    Inf |  56.38%
  594s|150700 |  6757 | 15554k| 103.2 |   508M |  41 | 290 |  78 |1305 |5883k|  4 | 612 |   0 | 0.000000e+00 | 6.902407e+03 |    Inf |  56.38%
  594s|150800 |  6777 | 15561k| 103.2 |   508M |  41 | 290 |  78 |1082 |5886k|  3 | 613 |   0 | 0.000000e+00 | 6.902407e+03 |    Inf |  56.38%
  595s|150900 |  6779 | 15569k| 103.2 |   508M |  41 | 290 |  78 |1324 |5889k|  1 | 616 |   0 | 0.000000e+00 | 6.902407e+03 |    Inf |  56.38%
  595s|151000 |  6783 | 15575k| 103.1 |   508M |  41 | 290 |  78 | 976 |5893k|  3 | 618 |   0 | 0.000000e+00 | 6.902407e+03 |    Inf |  56.38%
  596s|151100 |  6771 | 15584k| 103.1 |   508M |  41 | 290 |  78 |   0 |5897k|  0 | 618 |   0 | 0.000000e+00 | 6.902407e+03 |    Inf |  56.65%
  596s|151200 |  6777 | 15593k| 103.1 |   508M |  41 | 290 |  78 |1052 |5900k|  4 | 621 |   0 | 0.000000e+00 | 6.902407e+03 |    Inf |  56.86%
  596s|151300 |  6771 | 15601k| 103.1 |   508M |  41 | 290 |  78 |1127 |5904k|  2 | 621 |   0 | 0.000000e+00 | 6.902407e+03 |    Inf |  56.88%
  597s|151400 |  6783 | 15608k| 103.1 |   508M |  41 | 290 |  78 |1105 |5907k|  3 | 622 |   0 | 0.000000e+00 | 6.902407e+03 |    Inf |  56.88%
  597s|151500 |  6785 | 15615k| 103.1 |   508M |  41 | 290 |  78 |1151 |5910k|  4 | 623 |   0 | 0.000000e+00 | 6.902407e+03 |    Inf |  56.88%
 time | node  | left  |LP iter|LP it/n|mem/heur|mdpt |vars |cons |rows |cuts |sepa|confs|strbr|  dualbound   | primalbound  |  gap   | compl. 
  597s|151600 |  6777 | 15624k| 103.1 |   508M |  41 | 290 |  78 |1089 |5914k|  1 | 623 |   0 | 0.000000e+00 | 6.902407e+03 |    Inf |  56.88%
  598s|151700 |  6789 | 15632k| 103.0 |   508M |  41 | 290 |  78 |1127 |5917k|  2 | 624 |   0 | 0.000000e+00 | 6.902407e+03 |    Inf |  56.88%
  598s|151800 |  6775 | 15640k| 103.0 |   508M |  41 | 290 |  78 |1209 |5921k|  1 | 625 |   0 | 0.000000e+00 | 6.902407e+03 |    Inf |  56.88%
  598s|151900 |  6767 | 15646k| 103.0 |   508M |  41 | 290 |  78 | 930 |5924k|  1 | 629 |   0 | 0.000000e+00 | 6.902407e+03 |    Inf |  56.88%
  599s|152000 |  6769 | 15655k| 103.0 |   508M |  41 | 290 |  78 |1176 |5927k|  2 | 634 |   0 | 0.000000e+00 | 6.902407e+03 |    Inf |  56.88%
  599s|152100 |  6767 | 15662k| 103.0 |   508M |  41 | 290 |  78 |1141 |5931k|  3 | 636 |   0 | 0.000000e+00 | 6.902407e+03 |    Inf |  56.89%
  599s|152200 |  6761 | 15671k| 103.0 |   508M |  41 | 290 |  78 |1031 |5934k|  2 | 638 |   0 | 0.000000e+00 | 6.902407e+03 |    Inf |  56.89%
  600s|152300 |  6759 | 15678k| 102.9 |   508M |  41 | 290 |  78 |1141 |5938k|  2 | 640 |   0 | 0.000000e+00 | 6.902407e+03 |    Inf |  56.89%
  600s|152400 |  6757 | 15687k| 102.9 |   508M |  41 | 290 |  78 |1039 |5942k|  2 | 640 |   0 | 0.000000e+00 | 6.902407e+03 |    Inf |  56.89%
  601s|152500 |  6755 | 15697k| 102.9 |   508M |  41 | 290 |  78 |1040 |5946k|  2 | 642 |   0 | 0.000000e+00 | 6.902407e+03 |    Inf |  56.90%
  601s|152600 |  6757 | 15704k| 102.9 |   508M |  41 | 290 |  78 |1135 |5950k|  4 | 644 |   0 | 0.000000e+00 | 6.902407e+03 |    Inf |  56.90%
  601s|152700 |  6747 | 15713k| 102.9 |   508M |  41 | 290 |  78 |1063 |5953k|  2 | 647 |   0 | 0.000000e+00 | 6.902407e+03 |    Inf |  56.90%
  602s|152800 |  6757 | 15721k| 102.9 |   508M |  41 | 290 |  78 |1145 |5957k|  4 | 647 |   0 | 0.000000e+00 | 6.902407e+03 |    Inf |  56.90%
  602s|152900 |  6751 | 15730k| 102.9 |   508M |  41 | 290 |  78 |1340 |5961k|  1 | 648 |   0 | 0.000000e+00 | 6.902407e+03 |    Inf |  56.90%
  603s|153000 |  6747 | 15738k| 102.9 |   508M |  41 | 290 |  78 |1183 |5964k|  3 | 651 |   0 | 0.000000e+00 | 6.902407e+03 |    Inf |  56.90%
 time | node  | left  |LP iter|LP it/n|mem/heur|mdpt |vars |cons |rows |cuts |sepa|confs|strbr|  dualbound   | primalbound  |  gap   | compl. 
  603s|153100 |  6745 | 15747k| 102.9 |   508M |  41 | 290 |  78 |1148 |5968k|  1 | 652 |   0 | 0.000000e+00 | 6.902407e+03 |    Inf |  56.90%
  603s|153200 |  6741 | 15756k| 102.8 |   508M |  41 | 290 |  78 |1174 |5972k|  3 | 653 |   0 | 0.000000e+00 | 6.902407e+03 |    Inf |  56.90%
  604s|153300 |  6739 | 15763k| 102.8 |   508M |  41 | 290 |  78 |1022 |5975k|  1 | 654 |   0 | 0.000000e+00 | 6.902407e+03 |    Inf |  56.90%
  604s|153400 |  6763 | 15771k| 102.8 |   508M |  41 | 290 |  78 |1101 |5979k|  1 | 654 |   0 | 0.000000e+00 | 6.902407e+03 |    Inf |  57.18%
  604s|153500 |  6759 | 15777k| 102.8 |   508M |  41 | 290 |  78 |1164 |5982k|  3 | 655 |   0 | 0.000000e+00 | 6.902407e+03 |    Inf |  57.18%
  605s|153600 |  6767 | 15786k| 102.8 |   508M |  41 | 290 |  78 | 998 |5986k|  2 | 657 |   0 | 0.000000e+00 | 6.902407e+03 |    Inf |  57.19%
  605s|153700 |  6753 | 15793k| 102.8 |   508M |  41 | 290 |  78 |1115 |5990k|  1 | 661 |   0 | 0.000000e+00 | 6.902407e+03 |    Inf |  57.19%
  606s|153800 |  6749 | 15804k| 102.8 |   508M |  41 | 290 |  78 |1225 |5994k|  2 | 663 |   0 | 0.000000e+00 | 6.902407e+03 |    Inf |  57.19%
  606s|153900 |  6739 | 15811k| 102.7 |   508M |  41 | 290 |  78 |1121 |5998k|  3 | 665 |   0 | 0.000000e+00 | 6.902407e+03 |    Inf |  57.19%
  606s|154000 |  6731 | 15818k| 102.7 |   508M |  41 | 290 |  78 |1202 |6001k|  4 | 667 |   0 | 0.000000e+00 | 6.902407e+03 |    Inf |  57.19%
  607s|154100 |  6725 | 15824k| 102.7 |   508M |  41 | 290 |  78 |1076 |6004k|  1 | 669 |   0 | 0.000000e+00 | 6.902407e+03 |    Inf |  57.19%
  607s|154200 |  6729 | 15832k| 102.7 |   508M |  41 | 290 |  78 |1101 |6008k|  1 | 671 |   0 | 0.000000e+00 | 6.902407e+03 |    Inf |  57.19%
  607s|154300 |  6727 | 15839k| 102.7 |   508M |  41 | 290 |  78 | 961 |6012k|  1 | 671 |   0 | 0.000000e+00 | 6.902407e+03 |    Inf |  57.20%
  608s|154400 |  6721 | 15848k| 102.6 |   508M |  41 | 290 |  78 |1160 |6016k|  1 | 672 |   0 | 0.000000e+00 | 6.902407e+03 |    Inf |  57.20%
  608s|154500 |  6719 | 15857k| 102.6 |   508M |  41 | 290 |  78 |1107 |6020k|  3 | 673 |   0 | 0.000000e+00 | 6.902407e+03 |    Inf |  57.20%
 time | node  | left  |LP iter|LP it/n|mem/heur|mdpt |vars |cons |rows |cuts |sepa|confs|strbr|  dualbound   | primalbound  |  gap   | compl. 
  608s|154600 |  6717 | 15865k| 102.6 |   508M |  41 | 290 |  78 |1278 |6023k|  3 | 676 |   0 | 0.000000e+00 | 6.902407e+03 |    Inf |  57.20%
  609s|154700 |  6711 | 15874k| 102.6 |   508M |  41 | 290 |  78 | 929 |6027k|  4 | 677 |   0 | 0.000000e+00 | 6.902407e+03 |    Inf |  57.22%
  609s|154800 |  6745 | 15883k| 102.6 |   508M |  41 | 290 |  78 |1065 |6031k|  0 | 680 |   0 | 0.000000e+00 | 6.902407e+03 |    Inf |  57.22%
  610s|154900 |  6787 | 15891k| 102.6 |   508M |  41 | 290 |  78 |1028 |6035k|  3 | 681 |   0 | 0.000000e+00 | 6.902407e+03 |    Inf |  57.22%
  610s|155000 |  6813 | 15899k| 102.6 |   508M |  41 | 290 |  78 |1089 |6038k|  3 | 685 |   0 | 0.000000e+00 | 6.902407e+03 |    Inf |  57.22%
  610s|155100 |  6829 | 15908k| 102.6 |   508M |  41 | 290 |  78 |1050 |6042k|  1 | 687 |   0 | 0.000000e+00 | 6.902407e+03 |    Inf |  57.22%
  611s|155200 |  6843 | 15916k| 102.6 |   509M |  41 | 290 |  78 |1100 |6046k|  4 | 690 |   0 | 0.000000e+00 | 6.902407e+03 |    Inf |  57.22%
  611s|155300 |  6867 | 15925k| 102.5 |   509M |  41 | 290 |  78 |1075 |6050k|  2 | 693 |   0 | 0.000000e+00 | 6.902407e+03 |    Inf |  57.22%
  611s|155400 |  6875 | 15934k| 102.5 |   510M |  41 | 290 |  78 |1077 |6054k|  2 | 693 |   0 | 0.000000e+00 | 6.902407e+03 |    Inf |  57.22%
  612s|155500 |  6875 | 15942k| 102.5 |   510M |  41 | 290 |  78 |1260 |6057k|  4 | 695 |   0 | 0.000000e+00 | 6.902407e+03 |    Inf |  57.22%
  612s|155600 |  6881 | 15952k| 102.5 |   510M |  41 | 290 |  78 |1221 |6061k|  2 | 697 |   0 | 0.000000e+00 | 6.902407e+03 |    Inf |  57.22%
  613s|155700 |  6887 | 15960k| 102.5 |   511M |  41 | 290 |  78 |1251 |6065k|  2 | 699 |   0 | 0.000000e+00 | 6.902407e+03 |    Inf |  57.22%
  613s|155800 |  6877 | 15969k| 102.5 |   511M |  41 | 290 |  78 |1197 |6068k|  3 | 700 |   0 | 0.000000e+00 | 6.902407e+03 |    Inf |  57.22%
  613s|155900 |  6855 | 15978k| 102.5 |   511M |  41 | 290 |  78 |1254 |6072k|  1 | 704 |   0 | 0.000000e+00 | 6.902407e+03 |    Inf |  57.22%
  614s|156000 |  6843 | 15985k| 102.5 |   511M |  41 | 290 |  78 |1170 |6075k|  0 | 710 |   0 | 0.000000e+00 | 6.902407e+03 |    Inf |  57.22%
 time | node  | left  |LP iter|LP it/n|mem/heur|mdpt |vars |cons |rows |cuts |sepa|confs|strbr|  dualbound   | primalbound  |  gap   | compl. 
  614s|156100 |  6841 | 15991k| 102.4 |   511M |  41 | 290 |  78 |1221 |6078k|  4 | 712 |   0 | 0.000000e+00 | 6.902407e+03 |    Inf |  57.22%
  614s|156200 |  6839 | 15998k| 102.4 |   511M |  41 | 290 |  78 |1223 |6081k|  1 | 717 |   0 | 0.000000e+00 | 6.902407e+03 |    Inf |  57.22%
  615s|156300 |  6827 | 16005k| 102.4 |   511M |  41 | 290 |  78 |1074 |6085k|  3 | 721 |   0 | 0.000000e+00 | 6.902407e+03 |    Inf |  57.22%
  615s|156400 |  6817 | 16013k| 102.4 |   511M |  41 | 290 |  78 |1257 |6088k|  1 | 722 |   0 | 0.000000e+00 | 6.902407e+03 |    Inf |  57.24%
  616s|156500 |  6815 | 16021k| 102.4 |   511M |  41 | 290 |  78 |1059 |6092k|  4 | 726 |   0 | 0.000000e+00 | 6.902407e+03 |    Inf |  57.24%
  616s|156600 |  6823 | 16030k| 102.4 |   511M |  41 | 290 |  78 |1169 |6096k|  1 | 732 |   0 | 0.000000e+00 | 6.902407e+03 |    Inf |  57.24%
  616s|156700 |  6809 | 16038k| 102.3 |   511M |  41 | 290 |  78 |1157 |6100k|  1 | 735 |   0 | 0.000000e+00 | 6.902407e+03 |    Inf |  57.24%
  617s|156800 |  6811 | 16046k| 102.3 |   511M |  41 | 290 |  78 |1088 |6103k|  1 | 739 |   0 | 0.000000e+00 | 6.902407e+03 |    Inf |  57.24%
  617s|156900 |  6803 | 16055k| 102.3 |   511M |  41 | 290 |  78 |1108 |6107k|  1 | 741 |   0 | 0.000000e+00 | 6.902407e+03 |    Inf |  57.24%
  617s|157000 |  6803 | 16062k| 102.3 |   511M |  41 | 290 |  78 |1001 |6111k|  3 | 742 |   0 | 0.000000e+00 | 6.902407e+03 |    Inf |  57.24%
  618s|157100 |  6797 | 16070k| 102.3 |   511M |  41 | 290 |  78 |1241 |6114k|  2 | 743 |   0 | 0.000000e+00 | 6.902407e+03 |    Inf |  57.24%
  618s|157200 |  6835 | 16079k| 102.3 |   511M |  41 | 290 |  78 |1140 |6118k|  3 | 743 |   0 | 0.000000e+00 | 6.902407e+03 |    Inf |  57.81%
  618s|157300 |  6859 | 16089k| 102.3 |   512M |  41 | 290 |  78 |1119 |6121k|  3 | 743 |   0 | 0.000000e+00 | 6.902407e+03 |    Inf |  57.81%
  619s|157400 |  6873 | 16098k| 102.3 |   512M |  41 | 290 |  78 |1213 |6125k|  2 | 743 |   0 | 0.000000e+00 | 6.902407e+03 |    Inf |  57.81%
  619s|157500 |  6881 | 16110k| 102.3 |   513M |  41 | 290 |  78 |1101 |6129k|  2 | 743 |   0 | 0.000000e+00 | 6.902407e+03 |    Inf |  57.81%
 time | node  | left  |LP iter|LP it/n|mem/heur|mdpt |vars |cons |rows |cuts |sepa|confs|strbr|  dualbound   | primalbound  |  gap   | compl. 
  620s|157600 |  6869 | 16121k| 102.3 |   513M |  41 | 290 |  78 |1152 |6132k|  2 | 743 |   0 | 0.000000e+00 | 6.902407e+03 |    Inf |  57.81%
  620s|157700 |  6869 | 16132k| 102.3 |   513M |  41 | 290 |  78 |1201 |6135k|  1 | 743 |   0 | 0.000000e+00 | 6.902407e+03 |    Inf |  57.81%
  620s|157800 |  6871 | 16142k| 102.3 |   513M |  41 | 290 |  78 |1203 |6139k|  1 | 743 |   0 | 0.000000e+00 | 6.902407e+03 |    Inf |  57.81%
  621s|157900 |  6865 | 16151k| 102.3 |   513M |  41 | 290 |  78 |1030 |6142k|  3 | 743 |   0 | 0.000000e+00 | 6.902407e+03 |    Inf |  57.81%
  621s|158000 |  6859 | 16161k| 102.3 |   513M |  41 | 290 |  78 |1074 |6145k|  1 | 743 |   0 | 0.000000e+00 | 6.902407e+03 |    Inf |  57.81%
  622s|158100 |  6851 | 16169k| 102.3 |   513M |  41 | 290 |  78 |1155 |6149k|  3 | 744 |   0 | 0.000000e+00 | 6.902407e+03 |    Inf |  57.81%
  622s|158200 |  6839 | 16177k| 102.3 |   513M |  41 | 290 |  78 |1080 |6153k|  2 | 744 |   0 | 0.000000e+00 | 6.902407e+03 |    Inf |  57.81%
  622s|158300 |  6859 | 16184k| 102.2 |   513M |  41 | 290 |  78 |1219 |6156k|  2 | 745 |   0 | 0.000000e+00 | 6.902407e+03 |    Inf |  57.81%
  623s|158400 |  6855 | 16189k| 102.2 |   513M |  41 | 290 |  78 |1270 |6159k|  4 | 747 |   0 | 0.000000e+00 | 6.902407e+03 |    Inf |  57.81%
  623s|158500 |  6889 | 16203k| 102.2 |   514M |  41 | 290 |  78 |1032 |6164k|  4 | 747 |   0 | 0.000000e+00 | 6.902407e+03 |    Inf |  57.82%
  624s|158600 |  6901 | 16216k| 102.2 |   516M |  41 | 290 |  78 |1177 |6169k|  3 | 747 |   0 | 0.000000e+00 | 6.902407e+03 |    Inf |  57.83%
  624s|158700 |  6915 | 16228k| 102.3 |   516M |  41 | 290 |  78 |1195 |6173k|  1 | 747 |   0 | 0.000000e+00 | 6.902407e+03 |    Inf |  57.83%
  625s|158800 |  6925 | 16240k| 102.3 |   517M |  41 | 290 |  78 |1260 |6177k|  3 | 747 |   0 | 0.000000e+00 | 6.902407e+03 |    Inf |  57.83%
  625s|158900 |  6931 | 16251k| 102.3 |   517M |  41 | 290 |  78 |1235 |6181k|  1 | 747 |   0 | 0.000000e+00 | 6.902407e+03 |    Inf |  57.83%
  626s|159000 |  6923 | 16260k| 102.3 |   517M |  41 | 290 |  78 |   0 |6184k|  0 | 747 |   0 | 0.000000e+00 | 6.902407e+03 |    Inf |  57.83%
 time | node  | left  |LP iter|LP it/n|mem/heur|mdpt |vars |cons |rows |cuts |sepa|confs|strbr|  dualbound   | primalbound  |  gap   | compl. 
  626s|159100 |  6909 | 16270k| 102.3 |   517M |  41 | 290 |  78 |1147 |6187k|  1 | 747 |   0 | 0.000000e+00 | 6.902407e+03 |    Inf |  57.83%
  627s|159200 |  6891 | 16282k| 102.3 |   517M |  41 | 290 |  78 |1111 |6192k|  0 | 747 |   0 | 0.000000e+00 | 6.902407e+03 |    Inf |  57.85%
  627s|159300 |  6891 | 16291k| 102.3 |   517M |  41 | 290 |  78 |1089 |6196k|  4 | 747 |   0 | 0.000000e+00 | 6.902407e+03 |    Inf |  57.85%
  627s|159400 |  6895 | 16300k| 102.3 |   517M |  41 | 290 |  78 |1086 |6200k|  2 | 749 |   0 | 0.000000e+00 | 6.902407e+03 |    Inf |  57.85%
  628s|159500 |  6895 | 16310k| 102.3 |   517M |  41 | 290 |  78 |1150 |6203k|  2 | 750 |   0 | 0.000000e+00 | 6.902407e+03 |    Inf |  57.86%
  628s|159600 |  6893 | 16319k| 102.2 |   517M |  41 | 290 |  78 |1199 |6207k|  1 | 752 |   0 | 0.000000e+00 | 6.902407e+03 |    Inf |  57.86%
  629s|159700 |  6883 | 16329k| 102.2 |   517M |  41 | 290 |  78 |1083 |6211k|  1 | 752 |   0 | 0.000000e+00 | 6.902407e+03 |    Inf |  57.86%
  629s|159800 |  6891 | 16339k| 102.2 |   517M |  41 | 290 |  78 |1082 |6215k|  1 | 753 |   0 | 0.000000e+00 | 6.902407e+03 |    Inf |  57.88%
  629s|159900 |  6897 | 16348k| 102.2 |   517M |  41 | 290 |  78 |1165 |6218k|  3 | 755 |   0 | 0.000000e+00 | 6.902407e+03 |    Inf |  57.88%
  630s|160000 |  6903 | 16357k| 102.2 |   517M |  41 | 290 |  78 |1125 |6222k|  3 | 757 |   0 | 0.000000e+00 | 6.902407e+03 |    Inf |  57.88%
  630s|160100 |  6897 | 16366k| 102.2 |   517M |  41 | 290 |  78 |1183 |6226k|  1 | 757 |   0 | 0.000000e+00 | 6.902407e+03 |    Inf |  57.88%
  630s|160200 |  6905 | 16375k| 102.2 |   517M |  41 | 290 |  78 |1239 |6229k|  1 | 758 |   0 | 0.000000e+00 | 6.902407e+03 |    Inf |  57.88%
  631s|160300 |  6895 | 16382k| 102.2 |   517M |  41 | 290 |  78 |1096 |6233k|  1 | 760 |   0 | 0.000000e+00 | 6.902407e+03 |    Inf |  57.88%
  631s|160400 |  6895 | 16390k| 102.2 |   517M |  41 | 290 |  78 | 933 |6236k|  2 | 761 |   0 | 0.000000e+00 | 6.902407e+03 |    Inf |  57.88%
  631s|160500 |  6901 | 16397k| 102.2 |   517M |  41 | 290 |  78 |1172 |6239k|  2 | 764 |   0 | 0.000000e+00 | 6.902407e+03 |    Inf |  57.88%
 time | node  | left  |LP iter|LP it/n|mem/heur|mdpt |vars |cons |rows |cuts |sepa|confs|strbr|  dualbound   | primalbound  |  gap   | compl. 
  632s|160600 |  6907 | 16405k| 102.1 |   519M |  41 | 290 |  78 |1095 |6243k|  2 | 764 |   0 | 0.000000e+00 | 6.902407e+03 |    Inf |  57.88%
  632s|160700 |  6903 | 16414k| 102.1 |   519M |  41 | 290 |  78 | 821 |6247k|  4 | 764 |   0 | 0.000000e+00 | 6.902407e+03 |    Inf |  58.90%
  633s|160800 |  6905 | 16424k| 102.1 |   519M |  41 | 290 |  78 | 828 |6251k|  4 | 764 |   0 | 0.000000e+00 | 6.902407e+03 |    Inf |  58.99%
d 633s|160898 |  6899 | 16431k| 102.1 |adaptive|  41 | 290 |  78 |1078 |6254k|  3 | 764 |   0 | 0.000000e+00 | 6.902407e+03 |    Inf |  58.99%
  633s|160900 |  6899 | 16431k| 102.1 |   520M |  41 | 290 |  78 |1096 |6254k|  1 | 764 |   0 | 0.000000e+00 | 6.902407e+03 |    Inf |  58.99%
  633s|161000 |  6897 | 16441k| 102.1 |   520M |  41 | 290 |  78 |1161 |6258k|  1 | 765 |   0 | 0.000000e+00 | 6.902407e+03 |    Inf |  59.03%
  634s|161100 |  6907 | 16449k| 102.1 |   520M |  41 | 290 |  78 |1210 |6262k|  1 | 767 |   0 | 0.000000e+00 | 6.902407e+03 |    Inf |  59.03%
  634s|161200 |  6899 | 16458k| 102.1 |   520M |  41 | 290 |  78 |1135 |6266k|  3 | 768 |   0 | 0.000000e+00 | 6.902407e+03 |    Inf |  59.04%
  635s|161300 |  6889 | 16465k| 102.1 |   520M |  41 | 290 |  78 |1051 |6269k|  1 | 770 |   0 | 0.000000e+00 | 6.902407e+03 |    Inf |  59.08%
  635s|161400 |  6883 | 16474k| 102.1 |   520M |  41 | 290 |  78 |1204 |6273k|  3 | 770 |   0 | 0.000000e+00 | 6.902407e+03 |    Inf |  59.10%
  635s|161500 |  6873 | 16482k| 102.1 |   520M |  41 | 290 |  78 |1191 |6276k|  1 | 770 |   0 | 0.000000e+00 | 6.902407e+03 |    Inf |  59.13%
  636s|161600 |  6873 | 16489k| 102.0 |   520M |  41 | 290 |  78 |1201 |6280k|  3 | 773 |   0 | 0.000000e+00 | 6.902407e+03 |    Inf |  59.16%
  636s|161700 |  6865 | 16497k| 102.0 |   520M |  41 | 290 |  78 |1214 |6283k|  0 | 774 |   0 | 0.000000e+00 | 6.902407e+03 |    Inf |  59.20%
  636s|161800 |  6863 | 16508k| 102.0 |   520M |  41 | 290 |  78 |1188 |6288k|  3 | 775 |   0 | 0.000000e+00 | 6.902407e+03 |    Inf |  59.22%
  637s|161900 |  6863 | 16517k| 102.0 |   520M |  41 | 290 |  78 |1115 |6292k|  1 | 775 |   0 | 0.000000e+00 | 6.902407e+03 |    Inf |  59.24%
 time | node  | left  |LP iter|LP it/n|mem/heur|mdpt |vars |cons |rows |cuts |sepa|confs|strbr|  dualbound   | primalbound  |  gap   | compl. 
  637s|162000 |  6857 | 16525k| 102.0 |   520M |  41 | 290 |  78 | 959 |6296k|  3 | 776 |   0 | 0.000000e+00 | 6.902407e+03 |    Inf |  59.25%
  638s|162100 |  6881 | 16537k| 102.0 |   520M |  41 | 290 |  78 |1221 |6301k|  1 | 776 |   0 | 0.000000e+00 | 6.902407e+03 |    Inf |  59.28%
  638s|162200 |  6877 | 16550k| 102.0 |   520M |  41 | 290 |  78 |1272 |6306k|  3 | 776 |   0 | 0.000000e+00 | 6.902407e+03 |    Inf |  59.29%
  639s|162300 |  6877 | 16563k| 102.0 |   521M |  41 | 290 |  78 |   0 |6311k|  0 | 777 |   0 | 0.000000e+00 | 6.902407e+03 |    Inf |  59.29%
  639s|162400 |  6869 | 16571k| 102.0 |   521M |  41 | 290 |  78 |1174 |6314k|  2 | 780 |   0 | 0.000000e+00 | 6.902407e+03 |    Inf |  59.31%
  640s|162500 |  6879 | 16579k| 102.0 |   521M |  41 | 290 |  78 |1286 |6318k|  2 | 780 |   0 | 0.000000e+00 | 6.902407e+03 |    Inf |  59.31%
  640s|162600 |  6867 | 16588k| 102.0 |   521M |  41 | 290 |  78 |1127 |6321k|  3 | 781 |   0 | 0.000000e+00 | 6.902407e+03 |    Inf |  59.33%
  640s|162700 |  6867 | 16599k| 102.0 |   521M |  41 | 290 |  78 | 909 |6325k|  3 | 781 |   0 | 0.000000e+00 | 6.902407e+03 |    Inf |  59.34%
  641s|162800 |  6863 | 16610k| 102.0 |   521M |  41 | 290 |  78 |1163 |6329k|  3 | 781 |   0 | 0.000000e+00 | 6.902407e+03 |    Inf |  59.36%
  641s|162900 |  6863 | 16619k| 102.0 |   521M |  41 | 290 |  78 |1023 |6333k|  3 | 781 |   0 | 0.000000e+00 | 6.902407e+03 |    Inf |  59.37%
  641s|163000 |  6881 | 16631k| 102.0 |   521M |  41 | 290 |  78 |1015 |6337k|  1 | 781 |   0 | 0.000000e+00 | 6.902407e+03 |    Inf |  59.37%
  642s|163100 |  6873 | 16645k| 102.1 |   521M |  41 | 290 |  78 |1034 |6342k|  3 | 781 |   0 | 0.000000e+00 | 6.902407e+03 |    Inf |  59.37%
  642s|163200 |  6863 | 16659k| 102.1 |   521M |  41 | 290 |  78 |1007 |6346k|  3 | 781 |   0 | 0.000000e+00 | 6.902407e+03 |    Inf |  59.38%
  643s|163300 |  6859 | 16670k| 102.1 |   521M |  41 | 290 |  78 | 992 |6350k|  1 | 782 |   0 | 0.000000e+00 | 6.902407e+03 |    Inf |  59.43%
  643s|163400 |  6879 | 16681k| 102.1 |   521M |  41 | 290 |  78 | 749 |6354k|  3 | 783 |   0 | 0.000000e+00 | 6.902407e+03 |    Inf |  59.56%
 time | node  | left  |LP iter|LP it/n|mem/heur|mdpt |vars |cons |rows |cuts |sepa|confs|strbr|  dualbound   | primalbound  |  gap   | compl. 
  644s|163500 |  6867 | 16688k| 102.1 |   521M |  41 | 290 |  78 | 779 |6357k|  2 | 785 |   0 | 0.000000e+00 | 6.902407e+03 |    Inf |  59.57%
  644s|163600 |  6857 | 16697k| 102.1 |   521M |  41 | 290 |  78 |1046 |6361k|  3 | 786 |   0 | 0.000000e+00 | 6.902407e+03 |    Inf |  59.59%
  644s|163700 |  6867 | 16707k| 102.1 |   521M |  41 | 290 |  78 |1057 |6365k|  4 | 787 |   0 | 0.000000e+00 | 6.902407e+03 |    Inf |  59.60%
  645s|163800 |  6857 | 16719k| 102.1 |   521M |  41 | 290 |  78 |1039 |6369k|  1 | 787 |   0 | 0.000000e+00 | 6.902407e+03 |    Inf |  59.61%
  645s|163900 |  6857 | 16731k| 102.1 |   521M |  41 | 290 |  78 |1102 |6374k|  3 | 787 |   0 | 0.000000e+00 | 6.902407e+03 |    Inf |  59.62%
  646s|164000 |  6859 | 16742k| 102.1 |   521M |  41 | 290 |  78 |1138 |6377k|  3 | 788 |   0 | 0.000000e+00 | 6.902407e+03 |    Inf |  59.63%
  646s|164100 |  6857 | 16754k| 102.1 |   521M |  41 | 290 |  78 |1195 |6381k|  3 | 788 |   0 | 0.000000e+00 | 6.902407e+03 |    Inf |  59.63%
  647s|164200 |  6861 | 16765k| 102.1 |   521M |  41 | 290 |  78 |1072 |6385k|  3 | 788 |   0 | 0.000000e+00 | 6.902407e+03 |    Inf |  59.68%
  647s|164300 |  6849 | 16776k| 102.1 |   521M |  41 | 290 |  78 |1078 |6389k|  1 | 788 |   0 | 0.000000e+00 | 6.902407e+03 |    Inf |  59.71%
  648s|164400 |  6845 | 16787k| 102.1 |   521M |  41 | 290 |  78 | 980 |6393k|  3 | 789 |   0 | 0.000000e+00 | 6.902407e+03 |    Inf |  59.73%
  648s|164500 |  6847 | 16801k| 102.1 |   521M |  41 | 290 |  78 |1045 |6397k|  2 | 790 |   0 | 0.000000e+00 | 6.902407e+03 |    Inf |  59.75%
  648s|164600 |  6849 | 16810k| 102.1 |   521M |  41 | 290 |  78 |1099 |6401k|  3 | 790 |   0 | 0.000000e+00 | 6.902407e+03 |    Inf |  59.79%
  649s|164700 |  6873 | 16819k| 102.1 |   521M |  41 | 290 |  78 |1246 |6405k|  3 | 791 |   0 | 0.000000e+00 | 6.902407e+03 |    Inf |  59.79%
  649s|164800 |  6869 | 16828k| 102.1 |   521M |  41 | 290 |  78 |1220 |6408k|  3 | 791 |   0 | 0.000000e+00 | 6.902407e+03 |    Inf |  59.79%
  650s|164900 |  6853 | 16839k| 102.1 |   521M |  41 | 290 |  78 |1199 |6411k|  2 | 794 |   0 | 0.000000e+00 | 6.902407e+03 |    Inf |  59.79%
 time | node  | left  |LP iter|LP it/n|mem/heur|mdpt |vars |cons |rows |cuts |sepa|confs|strbr|  dualbound   | primalbound  |  gap   | compl. 
  650s|165000 |  6879 | 16848k| 102.1 |   521M |  41 | 290 |  78 |1159 |6415k|  3 | 796 |   0 | 0.000000e+00 | 6.902407e+03 |    Inf |  59.79%
  650s|165100 |  6899 | 16856k| 102.1 |   522M |  41 | 290 |  78 |1199 |6419k|  3 | 796 |   0 | 0.000000e+00 | 6.902407e+03 |    Inf |  59.79%
  651s|165200 |  6919 | 16864k| 102.1 |   522M |  41 | 290 |  78 |1270 |6423k|  1 | 796 |   0 | 0.000000e+00 | 6.902407e+03 |    Inf |  59.79%
  651s|165300 |  6929 | 16873k| 102.1 |   523M |  41 | 290 |  78 |1219 |6427k|  1 | 798 |   0 | 0.000000e+00 | 6.902407e+03 |    Inf |  59.79%
  652s|165400 |  6941 | 16881k| 102.1 |   523M |  41 | 290 |  78 |1252 |6430k|  2 | 799 |   0 | 0.000000e+00 | 6.902407e+03 |    Inf |  59.79%
  652s|165500 |  6941 | 16889k| 102.0 |   523M |  41 | 290 |  78 |1213 |6434k|  2 | 799 |   0 | 0.000000e+00 | 6.902407e+03 |    Inf |  59.79%
  652s|165600 |  6939 | 16898k| 102.0 |   524M |  41 | 290 |  78 |1245 |6438k|  1 | 799 |   0 | 0.000000e+00 | 6.902407e+03 |    Inf |  59.79%
  653s|165700 |  6929 | 16906k| 102.0 |   524M |  41 | 290 |  78 |1253 |6442k|  2 | 799 |   0 | 0.000000e+00 | 6.902407e+03 |    Inf |  59.79%
  653s|165800 |  6927 | 16920k| 102.0 |   525M |  41 | 290 |  78 |1025 |6447k|  1 | 799 |   0 | 0.000000e+00 | 6.902407e+03 |    Inf |  59.85%
  653s|165900 |  6895 | 16927k| 102.0 |   525M |  41 | 290 |  78 |1306 |6450k|  3 | 799 |   0 | 0.000000e+00 | 6.902407e+03 |    Inf |  59.85%
  654s|166000 |  6875 | 16935k| 102.0 |   525M |  41 | 290 |  78 |1362 |6453k|  3 | 801 |   0 | 0.000000e+00 | 6.902407e+03 |    Inf |  59.85%
  654s|166100 |  6871 | 16944k| 102.0 |   525M |  41 | 290 |  78 |1048 |6457k|  2 | 801 |   0 | 0.000000e+00 | 6.902407e+03 |    Inf |  59.85%
  655s|166200 |  6869 | 16953k| 102.0 |   525M |  41 | 290 |  78 |1350 |6461k|  3 | 802 |   0 | 0.000000e+00 | 6.902407e+03 |    Inf |  59.85%
  655s|166300 |  6867 | 16963k| 102.0 |   525M |  41 | 290 |  78 |1243 |6464k|  1 | 802 |   0 | 0.000000e+00 | 6.902407e+03 |    Inf |  59.85%
  655s|166400 |  6867 | 16973k| 102.0 |   525M |  41 | 290 |  78 |1267 |6468k|  1 | 802 |   0 | 0.000000e+00 | 6.902407e+03 |    Inf |  59.87%
 time | node  | left  |LP iter|LP it/n|mem/heur|mdpt |vars |cons |rows |cuts |sepa|confs|strbr|  dualbound   | primalbound  |  gap   | compl. 
  656s|166500 |  6873 | 16981k| 102.0 |   525M |  41 | 290 |  78 |1147 |6472k|  3 | 802 |   0 | 0.000000e+00 | 6.902407e+03 |    Inf |  59.88%
  656s|166600 |  6865 | 16992k| 102.0 |   525M |  41 | 290 |  78 |1230 |6475k|  3 | 803 |   0 | 0.000000e+00 | 6.902407e+03 |    Inf |  59.89%
  657s|166700 |  6857 | 17003k| 102.0 |   525M |  41 | 290 |  78 |1170 |6479k|  4 | 805 |   0 | 0.000000e+00 | 6.902407e+03 |    Inf |  59.91%
  657s|166800 |  6865 | 17012k| 102.0 |   525M |  41 | 290 |  78 |1307 |6483k|  3 | 806 |   0 | 0.000000e+00 | 6.902407e+03 |    Inf |  59.91%
  657s|166900 |  6873 | 17019k| 102.0 |   525M |  41 | 290 |  78 |1204 |6487k|  3 | 806 |   0 | 0.000000e+00 | 6.902407e+03 |    Inf |  59.92%
  658s|167000 |  6871 | 17029k| 102.0 |   525M |  41 | 290 |  78 |1234 |6490k|  4 | 808 |   0 | 0.000000e+00 | 6.902407e+03 |    Inf |  59.92%
  658s|167100 |  6873 | 17035k| 101.9 |   525M |  41 | 290 |  78 |1209 |6493k|  1 | 810 |   0 | 0.000000e+00 | 6.902407e+03 |    Inf |  59.92%
  659s|167200 |  6855 | 17043k| 101.9 |   525M |  41 | 290 |  78 |1334 |6496k|  3 | 811 |   0 | 0.000000e+00 | 6.902407e+03 |    Inf |  59.92%
  659s|167300 |  6847 | 17052k| 101.9 |   525M |  41 | 290 |  78 |1283 |6500k|  1 | 812 |   0 | 0.000000e+00 | 6.902407e+03 |    Inf |  59.95%
  659s|167400 |  6857 | 17059k| 101.9 |   525M |  41 | 290 |  78 |1154 |6504k|  2 | 812 |   0 | 0.000000e+00 | 6.902407e+03 |    Inf |  59.97%
  660s|167500 |  6853 | 17065k| 101.9 |   525M |  41 | 290 |  78 |1095 |6508k|  1 | 812 |   0 | 0.000000e+00 | 6.902407e+03 |    Inf |  59.97%
  660s|167600 |  6847 | 17074k| 101.9 |   525M |  41 | 290 |  78 |1043 |6512k|  7 | 813 |   0 | 0.000000e+00 | 6.902407e+03 |    Inf |  60.01%
  660s|167700 |  6847 | 17084k| 101.9 |   525M |  41 | 290 |  78 |1123 |6516k|  3 | 813 |   0 | 0.000000e+00 | 6.902407e+03 |    Inf |  60.04%
  661s|167800 |  6849 | 17093k| 101.9 |   525M |  41 | 290 |  78 |1193 |6519k|  3 | 817 |   0 | 0.000000e+00 | 6.902407e+03 |    Inf |  60.04%
  661s|167900 |  6847 | 17103k| 101.9 |   525M |  41 | 290 |  78 | 996 |6523k|  4 | 817 |   0 | 0.000000e+00 | 6.902407e+03 |    Inf |  60.06%
 time | node  | left  |LP iter|LP it/n|mem/heur|mdpt |vars |cons |rows |cuts |sepa|confs|strbr|  dualbound   | primalbound  |  gap   | compl. 
  661s|168000 |  6857 | 17111k| 101.9 |   525M |  41 | 290 |  78 |1082 |6527k|  1 | 817 |   0 | 0.000000e+00 | 6.902407e+03 |    Inf |  60.06%
  662s|168100 |  6857 | 17119k| 101.8 |   525M |  41 | 290 |  78 |1031 |6531k|  2 | 818 |   0 | 0.000000e+00 | 6.902407e+03 |    Inf |  60.06%
  662s|168200 |  6857 | 17127k| 101.8 |   525M |  41 | 290 |  78 |1255 |6535k|  1 | 818 |   0 | 0.000000e+00 | 6.902407e+03 |    Inf |  60.09%
  663s|168300 |  6855 | 17138k| 101.8 |   525M |  41 | 290 |  78 |1317 |6539k|  2 | 818 |   0 | 0.000000e+00 | 6.902407e+03 |    Inf |  60.09%
  663s|168400 |  6853 | 17145k| 101.8 |   525M |  41 | 290 |  78 |1087 |6542k|  2 | 819 |   0 | 0.000000e+00 | 6.902407e+03 |    Inf |  60.12%
  663s|168500 |  6869 | 17151k| 101.8 |   525M |  41 | 290 |  78 | 994 |6546k|  1 | 820 |   0 | 0.000000e+00 | 6.902407e+03 |    Inf |  60.12%
  664s|168600 |  6881 | 17162k| 101.8 |   525M |  41 | 290 |  78 |1280 |6549k|  1 | 820 |   0 | 0.000000e+00 | 6.902407e+03 |    Inf |  60.27%
  664s|168700 |  6869 | 17173k| 101.8 |   525M |  41 | 290 |  78 | 887 |6553k|  3 | 820 |   0 | 0.000000e+00 | 6.902407e+03 |    Inf |  60.27%
  665s|168800 |  6859 | 17185k| 101.8 |   525M |  41 | 290 |  78 |1064 |6557k|  2 | 822 |   0 | 0.000000e+00 | 6.902407e+03 |    Inf |  60.33%
  665s|168900 |  6851 | 17195k| 101.8 |   525M |  41 | 290 |  78 |1023 |6561k|  1 | 822 |   0 | 0.000000e+00 | 6.902407e+03 |    Inf |  60.35%
  666s|169000 |  6859 | 17205k| 101.8 |   525M |  41 | 290 |  78 |1089 |6565k|  3 | 822 |   0 | 0.000000e+00 | 6.902407e+03 |    Inf |  60.37%
  666s|169100 |  6847 | 17217k| 101.8 |   525M |  41 | 290 |  78 |1160 |6569k|  4 | 822 |   0 | 0.000000e+00 | 6.902407e+03 |    Inf |  60.40%
  666s|169200 |  6849 | 17227k| 101.8 |   525M |  41 | 290 |  78 |1058 |6572k|  4 | 822 |   0 | 0.000000e+00 | 6.902407e+03 |    Inf |  60.41%
  667s|169300 |  6841 | 17237k| 101.8 |   525M |  41 | 290 |  78 |1192 |6576k|  3 | 824 |   0 | 0.000000e+00 | 6.902407e+03 |    Inf |  60.43%
  667s|169400 |  6843 | 17246k| 101.8 |   525M |  41 | 290 |  78 |1140 |6580k|  1 | 824 |   0 | 0.000000e+00 | 6.902407e+03 |    Inf |  60.45%
 time | node  | left  |LP iter|LP it/n|mem/heur|mdpt |vars |cons |rows |cuts |sepa|confs|strbr|  dualbound   | primalbound  |  gap   | compl. 
  668s|169500 |  6833 | 17259k| 101.8 |   525M |  41 | 290 |  78 |1076 |6584k|  1 | 824 |   0 | 0.000000e+00 | 6.902407e+03 |    Inf |  60.46%
  668s|169600 |  6833 | 17267k| 101.8 |   525M |  41 | 290 |  78 | 829 |6587k|  3 | 827 |   0 | 0.000000e+00 | 6.902407e+03 |    Inf |  60.50%
  668s|169700 |  6835 | 17277k| 101.8 |   525M |  41 | 290 |  78 | 911 |6591k|  4 | 827 |   0 | 0.000000e+00 | 6.902407e+03 |    Inf |  60.53%
  669s|169800 |  6869 | 17286k| 101.8 |   525M |  41 | 290 |  78 | 890 |6595k|  3 | 827 |   0 | 0.000000e+00 | 6.902407e+03 |    Inf |  60.53%
  669s|169900 |  6887 | 17294k| 101.8 |   525M |  41 | 290 |  78 | 971 |6598k|  2 | 827 |   0 | 0.000000e+00 | 6.902407e+03 |    Inf |  60.53%
  669s|170000 |  6877 | 17302k| 101.8 |   525M |  41 | 290 |  78 | 983 |6602k|  3 | 827 |   0 | 0.000000e+00 | 6.902407e+03 |    Inf |  60.53%
  670s|170100 |  6891 | 17311k| 101.8 |   525M |  41 | 290 |  78 | 989 |6605k|  3 | 829 |   0 | 0.000000e+00 | 6.902407e+03 |    Inf |  60.53%
  670s|170200 |  6889 | 17319k| 101.8 |   525M |  41 | 290 |  78 | 938 |6609k|  1 | 832 |   0 | 0.000000e+00 | 6.902407e+03 |    Inf |  60.53%
  670s|170300 |  6887 | 17327k| 101.7 |   525M |  41 | 290 |  78 | 869 |6612k|  3 | 836 |   0 | 0.000000e+00 | 6.902407e+03 |    Inf |  60.53%
  671s|170400 |  6891 | 17337k| 101.7 |   525M |  41 | 290 |  78 | 925 |6615k|  3 | 838 |   0 | 0.000000e+00 | 6.902407e+03 |    Inf |  60.53%
  672s|170500 |  6891 | 17346k| 101.7 |   525M |  41 | 290 |  78 |1189 |6619k|  1 | 840 |   0 | 0.000000e+00 | 6.902407e+03 |    Inf |  60.53%
  672s|170600 |  6881 | 17354k| 101.7 |   525M |  41 | 290 |  78 | 968 |6622k|  3 | 840 |   0 | 0.000000e+00 | 6.902407e+03 |    Inf |  60.59%
  673s|170700 |  6881 | 17365k| 101.7 |   525M |  41 | 290 |  78 |1073 |6626k|  1 | 840 |   0 | 0.000000e+00 | 6.902407e+03 |    Inf |  60.60%
  674s|170800 |  6893 | 17382k| 101.8 |   525M |  41 | 290 |  78 |1212 |6631k|  4 | 840 |   0 | 0.000000e+00 | 6.902407e+03 |    Inf |  60.60%
  674s|170900 |  6899 | 17397k| 101.8 |   525M |  41 | 290 |  78 |1237 |6636k|  1 | 840 |   0 | 0.000000e+00 | 6.902407e+03 |    Inf |  60.60%
 time | node  | left  |LP iter|LP it/n|mem/heur|mdpt |vars |cons |rows |cuts |sepa|confs|strbr|  dualbound   | primalbound  |  gap   | compl. 
  675s|171000 |  6899 | 17413k| 101.8 |   525M |  41 | 290 |  78 |1112 |6640k|  3 | 840 |   0 | 0.000000e+00 | 6.902407e+03 |    Inf |  60.60%
  676s|171100 |  6877 | 17432k| 101.9 |   525M |  41 | 290 |  78 |1261 |6646k|  1 | 840 |   0 | 0.000000e+00 | 6.902407e+03 |    Inf |  60.61%
  676s|171200 |  6877 | 17444k| 101.9 |   525M |  41 | 290 |  78 |1327 |6650k|  1 | 840 |   0 | 0.000000e+00 | 6.902407e+03 |    Inf |  60.61%
  677s|171300 |  6871 | 17455k| 101.9 |   525M |  41 | 290 |  78 |1197 |6654k|  1 | 840 |   0 | 0.000000e+00 | 6.902407e+03 |    Inf |  60.64%
  677s|171400 |  6873 | 17466k| 101.9 |   525M |  41 | 290 |  78 |1147 |6657k|  1 | 840 |   0 | 0.000000e+00 | 6.902407e+03 |    Inf |  60.64%
  677s|171500 |  6881 | 17473k| 101.9 |   525M |  41 | 290 |  78 | 907 |6660k|  1 | 841 |   0 | 0.000000e+00 | 6.902407e+03 |    Inf |  60.65%
  678s|171600 |  6875 | 17481k| 101.9 |   525M |  41 | 290 |  78 |1102 |6663k|  3 | 842 |   0 | 0.000000e+00 | 6.902407e+03 |    Inf |  60.65%
  678s|171700 |  6871 | 17490k| 101.9 |   525M |  41 | 290 |  78 |1105 |6667k|  2 | 843 |   0 | 0.000000e+00 | 6.902407e+03 |    Inf |  60.70%
  679s|171800 |  6861 | 17499k| 101.9 |   525M |  41 | 290 |  78 | 991 |6670k|  2 | 843 |   0 | 0.000000e+00 | 6.902407e+03 |    Inf |  60.74%
  679s|171900 |  6869 | 17510k| 101.9 |   525M |  41 | 290 |  78 |1349 |6674k|  4 | 843 |   0 | 0.000000e+00 | 6.902407e+03 |    Inf |  60.75%
  679s|172000 |  6867 | 17519k| 101.9 |   525M |  41 | 290 |  78 |1370 |6677k|  4 | 848 |   0 | 0.000000e+00 | 6.902407e+03 |    Inf |  60.75%
  680s|172100 |  6877 | 17529k| 101.9 |   525M |  41 | 290 |  78 |1260 |6681k|  1 | 850 |   0 | 0.000000e+00 | 6.902407e+03 |    Inf |  60.75%
  680s|172200 |  6871 | 17540k| 101.9 |   525M |  41 | 290 |  78 |1379 |6685k|  3 | 850 |   0 | 0.000000e+00 | 6.902407e+03 |    Inf |  60.75%
  681s|172300 |  6863 | 17549k| 101.9 |   525M |  41 | 290 |  78 |   0 |6688k|  0 | 852 |   0 | 0.000000e+00 | 6.902407e+03 |    Inf |  60.76%
  681s|172400 |  6863 | 17560k| 101.9 |   525M |  41 | 290 |  78 | 983 |6692k|  2 | 852 |   0 | 0.000000e+00 | 6.902407e+03 |    Inf |  60.80%
 time | node  | left  |LP iter|LP it/n|mem/heur|mdpt |vars |cons |rows |cuts |sepa|confs|strbr|  dualbound   | primalbound  |  gap   | compl. 
  681s|172500 |  6863 | 17570k| 101.9 |   525M |  41 | 290 |  78 | 939 |6696k|  1 | 852 |   0 | 0.000000e+00 | 6.902407e+03 |    Inf |  60.82%
  682s|172600 |  6847 | 17581k| 101.9 |   525M |  41 | 290 |  78 |1027 |6700k|  2 | 852 |   0 | 0.000000e+00 | 6.902407e+03 |    Inf |  60.86%
  682s|172700 |  6847 | 17591k| 101.9 |   525M |  41 | 290 |  78 |1012 |6704k|  3 | 853 |   0 | 0.000000e+00 | 6.902407e+03 |    Inf |  60.89%
  683s|172800 |  6843 | 17603k| 101.9 |   525M |  41 | 290 |  78 | 945 |6708k|  2 | 853 |   0 | 0.000000e+00 | 6.902407e+03 |    Inf |  60.91%
  683s|172900 |  6841 | 17614k| 101.9 |   525M |  41 | 290 |  78 |   0 |6712k|  0 | 853 |   0 | 0.000000e+00 | 6.902407e+03 |    Inf |  60.91%
  684s|173000 |  6837 | 17622k| 101.9 |   525M |  41 | 290 |  78 |1207 |6716k|  3 | 856 |   0 | 0.000000e+00 | 6.902407e+03 |    Inf |  60.93%
  684s|173100 |  6845 | 17632k| 101.9 |   525M |  41 | 290 |  78 | 929 |6720k|  3 | 856 |   0 | 0.000000e+00 | 6.902407e+03 |    Inf |  60.96%
  684s|173200 |  6847 | 17645k| 101.9 |   525M |  41 | 290 |  78 |1065 |6723k|  2 | 857 |   0 | 0.000000e+00 | 6.902407e+03 |    Inf |  60.96%
  685s|173300 |  6837 | 17657k| 101.9 |   525M |  41 | 290 |  78 |1050 |6727k|  4 | 860 |   0 | 0.000000e+00 | 6.902407e+03 |    Inf |  60.98%
  685s|173400 |  6833 | 17667k| 101.9 |   525M |  41 | 290 |  78 |1386 |6731k|  3 | 861 |   0 | 0.000000e+00 | 6.902407e+03 |    Inf |  60.99%
  686s|173500 |  6835 | 17680k| 101.9 |   525M |  41 | 290 |  78 |1073 |6735k|  3 | 861 |   0 | 0.000000e+00 | 6.902407e+03 |    Inf |  60.99%
  686s|173600 |  6831 | 17689k| 101.9 |   525M |  41 | 290 |  78 | 937 |6739k|  3 | 861 |   0 | 0.000000e+00 | 6.902407e+03 |    Inf |  61.04%
  687s|173700 |  6833 | 17700k| 101.9 |   525M |  41 | 290 |  78 | 912 |6743k|  1 | 863 |   0 | 0.000000e+00 | 6.902407e+03 |    Inf |  61.05%
  687s|173800 |  6831 | 17710k| 101.9 |   525M |  41 | 290 |  78 |1268 |6747k|  1 | 863 |   0 | 0.000000e+00 | 6.902407e+03 |    Inf |  61.08%
  687s|173900 |  6831 | 17718k| 101.9 |   525M |  41 | 290 |  78 | 864 |6751k|  3 | 864 |   0 | 0.000000e+00 | 6.902407e+03 |    Inf |  61.09%
 time | node  | left  |LP iter|LP it/n|mem/heur|mdpt |vars |cons |rows |cuts |sepa|confs|strbr|  dualbound   | primalbound  |  gap   | compl. 
  688s|174000 |  6829 | 17729k| 101.9 |   525M |  41 | 290 |  78 |1145 |6755k|  1 | 864 |   0 | 0.000000e+00 | 6.902407e+03 |    Inf |  61.10%
  688s|174100 |  6833 | 17738k| 101.9 |   525M |  41 | 290 |  78 | 976 |6760k|  3 | 864 |   0 | 0.000000e+00 | 6.902407e+03 |    Inf |  61.10%
  689s|174200 |  6833 | 17749k| 101.9 |   525M |  41 | 290 |  78 |1163 |6764k|  0 | 865 |   0 | 0.000000e+00 | 6.902407e+03 |    Inf |  61.12%
  689s|174300 |  6839 | 17760k| 101.9 |   525M |  41 | 290 |  78 | 949 |6768k|  4 | 865 |   0 | 0.000000e+00 | 6.902407e+03 |    Inf |  61.13%
  689s|174400 |  6885 | 17768k| 101.9 |   525M |  41 | 290 |  78 |1031 |6772k|  3 | 866 |   0 | 0.000000e+00 | 6.902407e+03 |    Inf |  61.15%
  690s|174500 |  6921 | 17779k| 101.9 |   527M |  41 | 290 |  78 | 862 |6776k|  3 | 870 |   0 | 0.000000e+00 | 6.902407e+03 |    Inf |  61.16%
  690s|174600 |  6957 | 17787k| 101.9 |   527M |  41 | 290 |  78 |1038 |6780k|  2 | 870 |   0 | 0.000000e+00 | 6.902407e+03 |    Inf |  61.16%
  690s|174700 |  6987 | 17796k| 101.9 |   527M |  41 | 290 |  78 |1018 |6784k|  4 | 870 |   0 | 0.000000e+00 | 6.902407e+03 |    Inf |  61.16%
  691s|174800 |  7019 | 17805k| 101.9 |   529M |  41 | 290 |  78 |1111 |6788k|  2 | 870 |   0 | 0.000000e+00 | 6.902407e+03 |    Inf |  61.16%
  691s|174900 |  7035 | 17814k| 101.9 |   529M |  41 | 290 |  78 | 949 |6791k|  3 | 871 |   0 | 0.000000e+00 | 6.902407e+03 |    Inf |  61.16%
  692s|175000 |  7051 | 17825k| 101.9 |   530M |  41 | 290 |  78 |1126 |6795k|  1 | 872 |   0 | 0.000000e+00 | 6.902407e+03 |    Inf |  61.16%
  692s|175100 |  7061 | 17835k| 101.9 |   531M |  41 | 290 |  78 |1066 |6799k|  4 | 873 |   0 | 0.000000e+00 | 6.902407e+03 |    Inf |  61.16%
  692s|175200 |  7065 | 17844k| 101.8 |   531M |  41 | 290 |  78 |1142 |6803k|  3 | 873 |   0 | 0.000000e+00 | 6.902407e+03 |    Inf |  61.16%
  693s|175300 |  7061 | 17855k| 101.9 |   531M |  41 | 290 |  78 |1092 |6807k|  4 | 873 |   0 | 0.000000e+00 | 6.902407e+03 |    Inf |  61.16%
  693s|175400 |  7059 | 17866k| 101.9 |   531M |  41 | 290 |  78 |1064 |6810k|  3 | 875 |   0 | 0.000000e+00 | 6.902407e+03 |    Inf |  61.16%
 time | node  | left  |LP iter|LP it/n|mem/heur|mdpt |vars |cons |rows |cuts |sepa|confs|strbr|  dualbound   | primalbound  |  gap   | compl. 
  694s|175500 |  7043 | 17878k| 101.9 |   532M |  41 | 290 |  78 |1044 |6814k|  2 | 876 |   0 | 0.000000e+00 | 6.902407e+03 |    Inf |  61.16%
  694s|175600 |  7023 | 17888k| 101.9 |   532M |  41 | 290 |  78 |1122 |6818k|  2 | 877 |   0 | 0.000000e+00 | 6.902407e+03 |    Inf |  61.16%
  694s|175700 |  7003 | 17898k| 101.9 |   532M |  41 | 290 |  78 |1132 |6821k|  3 | 881 |   0 | 0.000000e+00 | 6.902407e+03 |    Inf |  61.16%
  695s|175800 |  7015 | 17908k| 101.9 |   532M |  41 | 290 |  78 |1113 |6825k|  1 | 883 |   0 | 0.000000e+00 | 6.902407e+03 |    Inf |  61.17%
  695s|175900 |  7015 | 17918k| 101.9 |   532M |  41 | 290 |  78 |1153 |6830k|  1 | 887 |   0 | 0.000000e+00 | 6.902407e+03 |    Inf |  61.17%
  696s|176000 |  7013 | 17929k| 101.9 |   532M |  41 | 290 |  78 |1146 |6834k|  3 | 887 |   0 | 0.000000e+00 | 6.902407e+03 |    Inf |  61.17%
  696s|176100 |  7015 | 17938k| 101.9 |   532M |  41 | 290 |  78 |1058 |6837k|  3 | 888 |   0 | 0.000000e+00 | 6.902407e+03 |    Inf |  61.17%
  696s|176200 |  6995 | 17947k| 101.9 |   532M |  41 | 290 |  78 |1097 |6841k|  1 | 889 |   0 | 0.000000e+00 | 6.902407e+03 |    Inf |  61.17%
  697s|176300 |  7005 | 17956k| 101.9 |   532M |  41 | 290 |  78 | 913 |6845k|  2 | 890 |   0 | 0.000000e+00 | 6.902407e+03 |    Inf |  61.17%
  697s|176400 |  7007 | 17967k| 101.9 |   532M |  41 | 290 |  78 |1109 |6848k|  3 | 891 |   0 | 0.000000e+00 | 6.902407e+03 |    Inf |  61.18%
  698s|176500 |  7005 | 17977k| 101.9 |   532M |  41 | 290 |  78 |1081 |6852k|  3 | 891 |   0 | 0.000000e+00 | 6.902407e+03 |    Inf |  61.18%
  698s|176600 |  6989 | 17986k| 101.8 |   532M |  41 | 290 |  78 |1191 |6856k|  2 | 892 |   0 | 0.000000e+00 | 6.902407e+03 |    Inf |  61.19%
  698s|176700 |  6991 | 17996k| 101.8 |   532M |  41 | 290 |  78 |1108 |6859k|  1 | 894 |   0 | 0.000000e+00 | 6.902407e+03 |    Inf |  61.19%
  699s|176800 |  6985 | 18004k| 101.8 |   532M |  41 | 290 |  78 |1017 |6862k|  3 | 894 |   0 | 0.000000e+00 | 6.902407e+03 |    Inf |  61.19%
  699s|176900 |  7005 | 18013k| 101.8 |   532M |  41 | 290 |  78 |1104 |6866k|  3 | 895 |   0 | 0.000000e+00 | 6.902407e+03 |    Inf |  61.19%
 time | node  | left  |LP iter|LP it/n|mem/heur|mdpt |vars |cons |rows |cuts |sepa|confs|strbr|  dualbound   | primalbound  |  gap   | compl. 
  700s|177000 |  7007 | 18022k| 101.8 |   532M |  41 | 290 |  78 |1002 |6870k|  0 | 895 |   0 | 0.000000e+00 | 6.902407e+03 |    Inf |  61.19%
  700s|177100 |  6997 | 18032k| 101.8 |   532M |  41 | 290 |  78 |1143 |6873k|  2 | 897 |   0 | 0.000000e+00 | 6.902407e+03 |    Inf |  61.20%
  700s|177200 |  7027 | 18041k| 101.8 |   533M |  41 | 290 |  78 |1097 |6877k|  3 | 898 |   0 | 0.000000e+00 | 6.902407e+03 |    Inf |  61.20%
  701s|177300 |  7025 | 18049k| 101.8 |   533M |  41 | 290 |  78 |1168 |6881k|  3 | 900 |   0 | 0.000000e+00 | 6.902407e+03 |    Inf |  61.20%
  701s|177400 |  7025 | 18060k| 101.8 |   533M |  41 | 290 |  78 |1120 |6885k|  1 | 901 |   0 | 0.000000e+00 | 6.902407e+03 |    Inf |  61.20%
  701s|177500 |  7019 | 18072k| 101.8 |   533M |  41 | 290 |  78 |1107 |6889k|  1 | 902 |   0 | 0.000000e+00 | 6.902407e+03 |    Inf |  61.20%
  702s|177600 |  7017 | 18080k| 101.8 |   533M |  41 | 290 |  78 |1164 |6893k|  1 | 903 |   0 | 0.000000e+00 | 6.902407e+03 |    Inf |  61.20%
  702s|177700 |  7019 | 18091k| 101.8 |   533M |  41 | 290 |  78 |1010 |6897k|  1 | 904 |   0 | 0.000000e+00 | 6.902407e+03 |    Inf |  61.20%
  703s|177800 |  7015 | 18099k| 101.8 |   533M |  41 | 290 |  78 |1060 |6900k|  3 | 905 |   0 | 0.000000e+00 | 6.902407e+03 |    Inf |  61.20%
  703s|177900 |  7009 | 18107k| 101.8 |   533M |  41 | 290 |  78 |1211 |6904k|  3 | 906 |   0 | 0.000000e+00 | 6.902407e+03 |    Inf |  61.20%
  703s|178000 |  7009 | 18116k| 101.8 |   533M |  41 | 290 |  78 |1230 |6907k|  1 | 906 |   0 | 0.000000e+00 | 6.902407e+03 |    Inf |  61.20%
  704s|178100 |  7015 | 18126k| 101.8 |   533M |  41 | 290 |  78 |1067 |6912k|  3 | 907 |   0 | 0.000000e+00 | 6.902407e+03 |    Inf |  61.20%
  704s|178200 |  7005 | 18136k| 101.8 |   533M |  41 | 290 |  78 |1058 |6916k|  3 | 907 |   0 | 0.000000e+00 | 6.902407e+03 |    Inf |  61.20%
  705s|178300 |  6995 | 18148k| 101.8 |   533M |  41 | 290 |  78 |1108 |6919k|  2 | 909 |   0 | 0.000000e+00 | 6.902407e+03 |    Inf |  61.21%
  705s|178400 |  6987 | 18159k| 101.8 |   533M |  41 | 290 |  78 |1102 |6923k|  1 | 909 |   0 | 0.000000e+00 | 6.902407e+03 |    Inf |  61.24%
 time | node  | left  |LP iter|LP it/n|mem/heur|mdpt |vars |cons |rows |cuts |sepa|confs|strbr|  dualbound   | primalbound  |  gap   | compl. 
  706s|178500 |  6979 | 18170k| 101.8 |   533M |  41 | 290 |  78 |1270 |6927k|  3 | 909 |   0 | 0.000000e+00 | 6.902407e+03 |    Inf |  61.29%
  706s|178600 |  6979 | 18177k| 101.8 |   533M |  41 | 290 |  78 |1264 |6929k|  3 | 910 |   0 | 0.000000e+00 | 6.902407e+03 |    Inf |  61.30%
  706s|178700 |  6981 | 18185k| 101.8 |   533M |  41 | 290 |  78 | 956 |6934k|  2 | 911 |   0 | 0.000000e+00 | 6.902407e+03 |    Inf |  61.31%
  707s|178800 |  6985 | 18194k| 101.8 |   533M |  41 | 290 |  78 |1030 |6938k|  3 | 912 |   0 | 0.000000e+00 | 6.902407e+03 |    Inf |  61.33%
  707s|178900 |  6987 | 18200k| 101.7 |   533M |  41 | 290 |  78 |1063 |6941k|  1 | 915 |   0 | 0.000000e+00 | 6.902407e+03 |    Inf |  61.33%
  707s|179000 |  6999 | 18208k| 101.7 |   533M |  41 | 290 |  78 |1020 |6945k|  3 | 915 |   0 | 0.000000e+00 | 6.902407e+03 |    Inf |  61.33%
  708s|179100 |  7019 | 18218k| 101.7 |   534M |  41 | 290 |  78 |1147 |6949k|  1 | 917 |   0 | 0.000000e+00 | 6.902407e+03 |    Inf |  61.33%
  708s|179200 |  7019 | 18229k| 101.7 |   536M |  41 | 290 |  78 |1122 |6954k|  3 | 918 |   0 | 0.000000e+00 | 6.902407e+03 |    Inf |  61.33%
  709s|179300 |  7007 | 18239k| 101.7 |   536M |  41 | 290 |  78 |1163 |6958k|  4 | 920 |   0 | 0.000000e+00 | 6.902407e+03 |    Inf |  61.33%
  709s|179400 |  7005 | 18249k| 101.7 |   536M |  41 | 290 |  78 |1168 |6962k|  1 | 923 |   0 | 0.000000e+00 | 6.902407e+03 |    Inf |  61.34%
  709s|179500 |  6995 | 18258k| 101.7 |   536M |  41 | 290 |  78 | 971 |6966k|  3 | 924 |   0 | 0.000000e+00 | 6.902407e+03 |    Inf |  61.35%
  710s|179600 |  6987 | 18270k| 101.7 |   536M |  41 | 290 |  78 |1074 |6970k|  1 | 924 |   0 | 0.000000e+00 | 6.902407e+03 |    Inf |  61.38%
  710s|179700 |  6987 | 18284k| 101.7 |   536M |  41 | 290 |  78 |1279 |6975k|  4 | 924 |   0 | 0.000000e+00 | 6.902407e+03 |    Inf |  61.38%
  711s|179800 |  6981 | 18295k| 101.8 |   536M |  41 | 290 |  78 |1167 |6980k|  1 | 924 |   0 | 0.000000e+00 | 6.902407e+03 |    Inf |  61.40%
  711s|179900 |  7005 | 18303k| 101.7 |   536M |  41 | 290 |  78 |1049 |6983k|  1 | 925 |   0 | 0.000000e+00 | 6.902407e+03 |    Inf |  61.40%
 time | node  | left  |LP iter|LP it/n|mem/heur|mdpt |vars |cons |rows |cuts |sepa|confs|strbr|  dualbound   | primalbound  |  gap   | compl. 
  711s|180000 |  7005 | 18312k| 101.7 |   536M |  41 | 290 |  78 | 937 |6987k|  2 | 927 |   0 | 0.000000e+00 | 6.902407e+03 |    Inf |  61.40%
  712s|180100 |  6991 | 18321k| 101.7 |   536M |  41 | 290 |  78 | 841 |6990k|  2 | 927 |   0 | 0.000000e+00 | 6.902407e+03 |    Inf |  61.40%
  712s|180200 |  6985 | 18328k| 101.7 |   536M |  41 | 290 |  78 |1212 |6994k|  3 | 927 |   0 | 0.000000e+00 | 6.902407e+03 |    Inf |  61.41%
  713s|180300 |  6987 | 18337k| 101.7 |   536M |  41 | 290 |  78 |1086 |6998k|  1 | 928 |   0 | 0.000000e+00 | 6.902407e+03 |    Inf |  61.43%
  713s|180400 |  6987 | 18348k| 101.7 |   536M |  41 | 290 |  78 |1017 |7001k|  1 | 928 |   0 | 0.000000e+00 | 6.902407e+03 |    Inf |  61.45%
  713s|180500 |  6985 | 18360k| 101.7 |   536M |  41 | 290 |  78 |1034 |7006k|  5 | 928 |   0 | 0.000000e+00 | 6.902407e+03 |    Inf |  61.45%
  714s|180600 |  6983 | 18375k| 101.7 |   536M |  41 | 290 |  78 |1030 |7011k|  2 | 928 |   0 | 0.000000e+00 | 6.902407e+03 |    Inf |  61.46%
  714s|180700 |  6973 | 18386k| 101.7 |   536M |  41 | 290 |  78 |1143 |7015k|  3 | 928 |   0 | 0.000000e+00 | 6.902407e+03 |    Inf |  61.52%
  715s|180800 |  6971 | 18399k| 101.8 |   536M |  41 | 290 |  78 |1249 |7019k|  3 | 929 |   0 | 0.000000e+00 | 6.902407e+03 |    Inf |  61.54%
  715s|180900 |  6971 | 18412k| 101.8 |   536M |  41 | 290 |  78 |   0 |7023k|  0 | 929 |   0 | 0.000000e+00 | 6.902407e+03 |    Inf |  61.54%
  716s|181000 |  6971 | 18422k| 101.8 |   536M |  41 | 290 |  78 |1134 |7027k|  3 | 929 |   0 | 0.000000e+00 | 6.902407e+03 |    Inf |  61.57%
  716s|181100 |  6971 | 18431k| 101.8 |   536M |  41 | 290 |  78 |1219 |7030k|  2 | 932 |   0 | 0.000000e+00 | 6.902407e+03 |    Inf |  61.57%
  716s|181200 |  6969 | 18439k| 101.8 |   536M |  41 | 290 |  78 | 979 |7034k|  4 | 933 |   0 | 0.000000e+00 | 6.902407e+03 |    Inf |  61.59%
  717s|181300 |  6957 | 18447k| 101.8 |   536M |  41 | 290 |  78 |1089 |7038k|  1 | 934 |   0 | 0.000000e+00 | 6.902407e+03 |    Inf |  61.64%
  717s|181400 |  6957 | 18461k| 101.8 |   536M |  41 | 290 |  78 |1158 |7042k|  1 | 934 |   0 | 0.000000e+00 | 6.902407e+03 |    Inf |  61.66%
 time | node  | left  |LP iter|LP it/n|mem/heur|mdpt |vars |cons |rows |cuts |sepa|confs|strbr|  dualbound   | primalbound  |  gap   | compl. 
  718s|181500 |  6969 | 18477k| 101.8 |   536M |  41 | 290 |  78 |1124 |7047k|  3 | 934 |   0 | 0.000000e+00 | 6.902407e+03 |    Inf |  61.67%
  718s|181600 |  6963 | 18488k| 101.8 |   536M |  41 | 290 |  78 | 971 |7051k|  3 | 934 |   0 | 0.000000e+00 | 6.902407e+03 |    Inf |  61.69%
  719s|181700 |  6951 | 18499k| 101.8 |   536M |  41 | 290 |  78 |1120 |7055k|  1 | 937 |   0 | 0.000000e+00 | 6.902407e+03 |    Inf |  61.72%
  719s|181800 |  6959 | 18509k| 101.8 |   536M |  41 | 290 |  78 | 998 |7060k|  2 | 937 |   0 | 0.000000e+00 | 6.902407e+03 |    Inf |  61.75%
  720s|181900 |  6955 | 18520k| 101.8 |   536M |  41 | 290 |  78 |1052 |7063k|  1 | 937 |   0 | 0.000000e+00 | 6.902407e+03 |    Inf |  61.76%
  720s|182000 |  6955 | 18530k| 101.8 |   536M |  41 | 290 |  78 | 933 |7067k|  1 | 938 |   0 | 0.000000e+00 | 6.902407e+03 |    Inf |  61.76%
  720s|182100 |  6953 | 18539k| 101.8 |   536M |  41 | 290 |  78 |1186 |7071k|  3 | 938 |   0 | 0.000000e+00 | 6.902407e+03 |    Inf |  61.78%
  721s|182200 |  6943 | 18547k| 101.8 |   536M |  41 | 290 |  78 |1038 |7074k|  2 | 938 |   0 | 0.000000e+00 | 6.902407e+03 |    Inf |  61.82%
  721s|182300 |  6943 | 18556k| 101.8 |   536M |  41 | 290 |  78 | 881 |7078k|  4 | 940 |   0 | 0.000000e+00 | 6.902407e+03 |    Inf |  61.83%
  721s|182400 |  6967 | 18564k| 101.8 |   536M |  41 | 290 |  78 |1013 |7082k|  4 | 940 |   0 | 0.000000e+00 | 6.902407e+03 |    Inf |  61.84%
  722s|182500 |  6973 | 18571k| 101.8 |   537M |  41 | 290 |  78 | 850 |7086k|  1 | 941 |   0 | 0.000000e+00 | 6.902407e+03 |    Inf |  61.84%
  722s|182600 |  6971 | 18579k| 101.7 |   537M |  41 | 290 |  78 | 955 |7090k|  2 | 942 |   0 | 0.000000e+00 | 6.902407e+03 |    Inf |  61.85%
  722s|182700 |  6969 | 18588k| 101.7 |   537M |  41 | 290 |  78 | 947 |7094k|  3 | 943 |   0 | 0.000000e+00 | 6.902407e+03 |    Inf |  61.86%
  723s|182800 |  6975 | 18595k| 101.7 |   537M |  41 | 290 |  78 |1197 |7098k|  4 | 945 |   0 | 0.000000e+00 | 6.902407e+03 |    Inf |  61.88%
  723s|182900 |  6971 | 18603k| 101.7 |   537M |  41 | 290 |  78 |1158 |7102k|  2 | 946 |   0 | 0.000000e+00 | 6.902407e+03 |    Inf |  61.88%
 time | node  | left  |LP iter|LP it/n|mem/heur|mdpt |vars |cons |rows |cuts |sepa|confs|strbr|  dualbound   | primalbound  |  gap   | compl. 
  723s|183000 |  6971 | 18610k| 101.7 |   537M |  41 | 290 |  78 |1196 |7105k|  1 | 948 |   0 | 0.000000e+00 | 6.902407e+03 |    Inf |  61.89%
  724s|183100 |  6963 | 18620k| 101.7 |   537M |  41 | 290 |  78 |1027 |7109k|  1 | 948 |   0 | 0.000000e+00 | 6.902407e+03 |    Inf |  61.90%
  724s|183200 |  6961 | 18631k| 101.7 |   537M |  41 | 290 |  78 |1071 |7113k|  2 | 949 |   0 | 0.000000e+00 | 6.902407e+03 |    Inf |  61.91%
  725s|183300 |  6959 | 18639k| 101.7 |   537M |  41 | 290 |  78 |1034 |7116k|  3 | 949 |   0 | 0.000000e+00 | 6.902407e+03 |    Inf |  61.92%
  725s|183400 |  6989 | 18648k| 101.7 |   537M |  41 | 290 |  78 |1210 |7120k|  4 | 949 |   0 | 0.000000e+00 | 6.902407e+03 |    Inf |  61.93%
  726s|183500 |  6999 | 18659k| 101.7 |   539M |  41 | 290 |  78 | 978 |7124k|  4 | 949 |   0 | 0.000000e+00 | 6.902407e+03 |    Inf |  61.93%
  726s|183600 |  7001 | 18670k| 101.7 |   539M |  41 | 290 |  78 |1262 |7129k|  3 | 949 |   0 | 0.000000e+00 | 6.902407e+03 |    Inf |  61.93%
  726s|183700 |  6983 | 18678k| 101.7 |   539M |  41 | 290 |  78 |1164 |7132k|  3 | 949 |   0 | 0.000000e+00 | 6.902407e+03 |    Inf |  61.93%
  727s|183800 |  6985 | 18690k| 101.7 |   539M |  41 | 290 |  78 |1268 |7137k|  2 | 950 |   0 | 0.000000e+00 | 6.902407e+03 |    Inf |  61.93%
  727s|183900 |  6977 | 18698k| 101.7 |   539M |  41 | 290 |  78 |1033 |7141k|  2 | 951 |   0 | 0.000000e+00 | 6.902407e+03 |    Inf |  61.93%
  728s|184000 |  6991 | 18709k| 101.7 |   539M |  41 | 290 |  78 |1117 |7145k|  2 | 951 |   0 | 0.000000e+00 | 6.902407e+03 |    Inf |  61.95%
  728s|184100 |  6987 | 18721k| 101.7 |   539M |  41 | 290 |  78 |1265 |7149k|  3 | 951 |   0 | 0.000000e+00 | 6.902407e+03 |    Inf |  61.95%
  729s|184200 |  6975 | 18731k| 101.7 |   539M |  41 | 290 |  78 |1114 |7153k|  3 | 952 |   0 | 0.000000e+00 | 6.902407e+03 |    Inf |  61.96%
  729s|184300 |  6961 | 18739k| 101.7 |   539M |  41 | 290 |  78 | 913 |7157k|  2 | 952 |   0 | 0.000000e+00 | 6.902407e+03 |    Inf |  62.02%
  729s|184400 |  6961 | 18750k| 101.7 |   539M |  41 | 290 |  78 |1108 |7160k|  4 | 952 |   0 | 0.000000e+00 | 6.902407e+03 |    Inf |  62.05%
 time | node  | left  |LP iter|LP it/n|mem/heur|mdpt |vars |cons |rows |cuts |sepa|confs|strbr|  dualbound   | primalbound  |  gap   | compl. 
  730s|184500 |  6955 | 18762k| 101.7 |   539M |  41 | 290 |  78 |1154 |7164k|  2 | 952 |   0 | 0.000000e+00 | 6.902407e+03 |    Inf |  62.07%
  730s|184600 |  6957 | 18773k| 101.7 |   539M |  41 | 290 |  78 |1078 |7169k|  3 | 952 |   0 | 0.000000e+00 | 6.902407e+03 |    Inf |  62.08%
  731s|184700 |  6959 | 18782k| 101.7 |   539M |  41 | 290 |  78 |1050 |7172k|  3 | 954 |   0 | 0.000000e+00 | 6.902407e+03 |    Inf |  62.08%
  731s|184800 |  6967 | 18791k| 101.7 |   539M |  41 | 290 |  78 |1380 |7176k|  3 | 954 |   0 | 0.000000e+00 | 6.902407e+03 |    Inf |  62.10%
  732s|184900 |  6965 | 18800k| 101.7 |   539M |  41 | 290 |  78 |1333 |7179k|  2 | 954 |   0 | 0.000000e+00 | 6.902407e+03 |    Inf |  62.10%
  732s|185000 |  6981 | 18809k| 101.7 |   539M |  41 | 290 |  78 | 946 |7183k|  1 | 954 |   0 | 0.000000e+00 | 6.902407e+03 |    Inf |  62.11%
  732s|185100 |  7001 | 18815k| 101.6 |   539M |  41 | 290 |  78 | 999 |7186k|  4 | 954 |   0 | 0.000000e+00 | 6.902407e+03 |    Inf |  62.11%
  733s|185200 |  7021 | 18822k| 101.6 |   540M |  41 | 290 |  78 |1202 |7190k|  3 | 955 |   0 | 0.000000e+00 | 6.902407e+03 |    Inf |  62.12%
  733s|185300 |  7011 | 18828k| 101.6 |   540M |  41 | 290 |  78 |1214 |7193k|  3 | 957 |   0 | 0.000000e+00 | 6.902407e+03 |    Inf |  62.12%
  733s|185400 |  6999 | 18836k| 101.6 |   540M |  41 | 290 |  78 |1019 |7196k|  2 | 959 |   0 | 0.000000e+00 | 6.902407e+03 |    Inf |  62.12%
  734s|185500 |  7011 | 18844k| 101.6 |   540M |  41 | 290 |  78 |1032 |7200k|  1 | 959 |   0 | 0.000000e+00 | 6.902407e+03 |    Inf |  62.12%
  734s|185600 |  7011 | 18851k| 101.6 |   540M |  41 | 290 |  78 | 984 |7203k|  3 | 963 |   0 | 0.000000e+00 | 6.902407e+03 |    Inf |  62.12%
  735s|185700 |  7027 | 18860k| 101.6 |   543M |  41 | 290 |  78 | 980 |7207k|  2 | 964 |   0 | 0.000000e+00 | 6.902407e+03 |    Inf |  62.12%
  735s|185800 |  7023 | 18869k| 101.6 |   543M |  41 | 290 |  78 |1063 |7211k|  1 | 964 |   0 | 0.000000e+00 | 6.902407e+03 |    Inf |  62.12%
  735s|185900 |  7015 | 18877k| 101.5 |   543M |  41 | 290 |  78 |1032 |7214k|  1 | 966 |   0 | 0.000000e+00 | 6.902407e+03 |    Inf |  62.13%
 time | node  | left  |LP iter|LP it/n|mem/heur|mdpt |vars |cons |rows |cuts |sepa|confs|strbr|  dualbound   | primalbound  |  gap   | compl. 
  736s|186000 |  7041 | 18883k| 101.5 |   544M |  41 | 290 |  78 |1091 |7218k|  3 | 966 |   0 | 0.000000e+00 | 6.902407e+03 |    Inf |  62.13%
  736s|186100 |  7029 | 18891k| 101.5 |   544M |  41 | 290 |  78 |1024 |7221k|  1 | 968 |   0 | 0.000000e+00 | 6.902407e+03 |    Inf |  62.14%
  737s|186200 |  7031 | 18903k| 101.5 |   544M |  41 | 290 |  78 |1017 |7225k|  3 | 968 |   0 | 0.000000e+00 | 6.902407e+03 |    Inf |  62.17%
  737s|186300 |  7023 | 18912k| 101.5 |   544M |  41 | 290 |  78 |1011 |7228k|  4 | 968 |   0 | 0.000000e+00 | 6.902407e+03 |    Inf |  62.17%
  738s|186400 |  7035 | 18920k| 101.5 |   544M |  41 | 290 |  78 |1148 |7232k|  3 | 968 |   0 | 0.000000e+00 | 6.902407e+03 |    Inf |  62.19%
  738s|186500 |  7055 | 18931k| 101.5 |   544M |  41 | 290 |  78 |1205 |7235k|  1 | 968 |   0 | 0.000000e+00 | 6.902407e+03 |    Inf |  62.19%
  739s|186600 |  7055 | 18942k| 101.5 |   544M |  41 | 290 |  78 |1204 |7239k|  2 | 969 |   0 | 0.000000e+00 | 6.902407e+03 |    Inf |  62.19%
  739s|186700 |  7045 | 18954k| 101.5 |   544M |  41 | 290 |  78 |1228 |7242k|  1 | 969 |   0 | 0.000000e+00 | 6.902407e+03 |    Inf |  62.19%
  740s|186800 |  7041 | 18965k| 101.5 |   544M |  41 | 290 |  78 |1247 |7245k|  2 | 970 |   0 | 0.000000e+00 | 6.902407e+03 |    Inf |  62.19%
  740s|186900 |  7037 | 18975k| 101.5 |   544M |  41 | 290 |  78 |1135 |7248k|  0 | 971 |   0 | 0.000000e+00 | 6.902407e+03 |    Inf |  62.19%
  741s|187000 |  7033 | 18985k| 101.5 |   544M |  41 | 290 |  78 |1144 |7251k|  2 | 971 |   0 | 0.000000e+00 | 6.902407e+03 |    Inf |  62.19%
  741s|187100 |  7035 | 18997k| 101.5 |   544M |  41 | 290 |  78 |1319 |7256k|  3 | 973 |   0 | 0.000000e+00 | 6.902407e+03 |    Inf |  62.20%
  742s|187200 |  7025 | 19007k| 101.5 |   544M |  41 | 290 |  78 |1150 |7259k|  2 | 982 |   0 | 0.000000e+00 | 6.902407e+03 |    Inf |  62.22%
  742s|187300 |  7021 | 19015k| 101.5 |   544M |  41 | 290 |  78 |1261 |7263k|  1 | 983 |   0 | 0.000000e+00 | 6.902407e+03 |    Inf |  62.25%
  743s|187400 |  7017 | 19024k| 101.5 |   544M |  41 | 290 |  78 |1135 |7266k|  3 | 984 |   0 | 0.000000e+00 | 6.902407e+03 |    Inf |  62.27%
 time | node  | left  |LP iter|LP it/n|mem/heur|mdpt |vars |cons |rows |cuts |sepa|confs|strbr|  dualbound   | primalbound  |  gap   | compl. 
  743s|187500 |  7021 | 19034k| 101.5 |   544M |  41 | 290 |  78 | 869 |7270k|  1 | 984 |   0 | 0.000000e+00 | 6.902407e+03 |    Inf |  62.28%
  744s|187600 |  7049 | 19041k| 101.5 |   544M |  41 | 290 |  78 |1047 |7274k|  3 | 985 |   0 | 0.000000e+00 | 6.902407e+03 |    Inf |  62.29%
  744s|187700 |  7055 | 19048k| 101.5 |   545M |  41 | 290 |  78 |1072 |7278k|  4 | 990 |   0 | 0.000000e+00 | 6.902407e+03 |    Inf |  62.29%
  744s|187800 |  7051 | 19054k| 101.5 |   545M |  41 | 290 |  78 | 996 |7281k|  1 | 991 |   0 | 0.000000e+00 | 6.902407e+03 |    Inf |  62.29%
  745s|187900 |  7049 | 19061k| 101.4 |   545M |  41 | 290 |  78 |1033 |7285k|  3 | 993 |   0 | 0.000000e+00 | 6.902407e+03 |    Inf |  62.29%
  745s|188000 |  7035 | 19067k| 101.4 |   545M |  41 | 290 |  78 |1139 |7288k|  1 | 995 |   0 | 0.000000e+00 | 6.902407e+03 |    Inf |  62.30%
  746s|188100 |  7043 | 19073k| 101.4 |   545M |  41 | 290 |  78 |1068 |7291k|  5 | 996 |   0 | 0.000000e+00 | 6.902407e+03 |    Inf |  62.31%
  746s|188200 |  7045 | 19080k| 101.4 |   545M |  41 | 290 |  78 | 962 |7295k|  2 | 998 |   0 | 0.000000e+00 | 6.902407e+03 |    Inf |  62.31%
  746s|188300 |  7037 | 19089k| 101.4 |   545M |  41 | 290 |  78 |1009 |7298k|  1 | 999 |   0 | 0.000000e+00 | 6.902407e+03 |    Inf |  62.32%
  747s|188400 |  7041 | 19096k| 101.4 |   545M |  41 | 290 |  78 |1151 |7302k|  0 | 999 |   0 | 0.000000e+00 | 6.902407e+03 |    Inf |  62.33%
  747s|188500 |  7039 | 19104k| 101.3 |   545M |  41 | 290 |  78 |1081 |7306k|  4 | 999 |   0 | 0.000000e+00 | 6.902407e+03 |    Inf |  62.36%
  748s|188600 |  7037 | 19112k| 101.3 |   545M |  41 | 290 |  78 |   0 |7310k|  0 |1000 |   0 | 0.000000e+00 | 6.902407e+03 |    Inf |  62.36%
  748s|188700 |  7039 | 19119k| 101.3 |   546M |  41 | 290 |  78 |1299 |7313k|  2 |1000 |   0 | 0.000000e+00 | 6.902407e+03 |    Inf |  62.37%
  749s|188800 |  7031 | 19129k| 101.3 |   546M |  41 | 290 |  78 |1036 |7317k|  3 |1000 |   0 | 0.000000e+00 | 6.902407e+03 |    Inf |  62.41%
  749s|188900 |  7053 | 19140k| 101.3 |   546M |  41 | 290 |  78 |1021 |7321k|  3 |1000 |   0 | 0.000000e+00 | 6.902407e+03 |    Inf |  62.41%
 time | node  | left  |LP iter|LP it/n|mem/heur|mdpt |vars |cons |rows |cuts |sepa|confs|strbr|  dualbound   | primalbound  |  gap   | compl. 
  750s|189000 |  7095 | 19150k| 101.3 |   548M |  41 | 290 |  78 |1042 |7325k|  1 |1000 |   0 | 0.000000e+00 | 6.902407e+03 |    Inf |  62.41%
  750s|189100 |  7125 | 19161k| 101.3 |   548M |  41 | 290 |  78 | 885 |7329k|  1 |1000 |   0 | 0.000000e+00 | 6.902407e+03 |    Inf |  62.41%
  751s|189200 |  7145 | 19172k| 101.3 |   549M |  41 | 290 |  78 | 891 |7333k|  2 |1000 |   0 | 0.000000e+00 | 6.902407e+03 |    Inf |  62.41%
  751s|189300 |  7161 | 19183k| 101.3 |   550M |  41 | 290 |  78 | 986 |7337k|  2 |1000 |   0 | 0.000000e+00 | 6.902407e+03 |    Inf |  62.41%
  752s|189400 |  7161 | 19194k| 101.3 |   550M |  41 | 290 |  78 |1010 |7341k|  3 |1000 |   0 | 0.000000e+00 | 6.902407e+03 |    Inf |  62.41%
  752s|189500 |  7145 | 19207k| 101.4 |   551M |  41 | 290 |  78 |1024 |7344k|  3 |1000 |   0 | 0.000000e+00 | 6.902407e+03 |    Inf |  62.41%
  753s|189600 |  7149 | 19217k| 101.4 |   551M |  41 | 290 |  78 | 943 |7348k|  3 |1000 |   0 | 0.000000e+00 | 6.902407e+03 |    Inf |  62.41%
  753s|189700 |  7147 | 19226k| 101.3 |   551M |  41 | 290 |  78 | 995 |7352k|  0 |1000 |   0 | 0.000000e+00 | 6.902407e+03 |    Inf |  62.41%
  754s|189800 |  7135 | 19237k| 101.4 |   551M |  41 | 290 |  78 |1103 |7355k|  3 |1000 |   0 | 0.000000e+00 | 6.902407e+03 |    Inf |  62.41%
  754s|189900 |  7139 | 19250k| 101.4 |   551M |  41 | 290 |  78 |1137 |7360k|  3 |1000 |   0 | 0.000000e+00 | 6.902407e+03 |    Inf |  62.41%
  755s|190000 |  7137 | 19262k| 101.4 |   551M |  41 | 290 |  78 |1013 |7364k|  4 |1001 |   0 | 0.000000e+00 | 6.902407e+03 |    Inf |  62.41%
  755s|190100 |  7143 | 19272k| 101.4 |   551M |  41 | 290 |  78 |1082 |7367k|  4 |1001 |   0 | 0.000000e+00 | 6.902407e+03 |    Inf |  62.41%
  756s|190200 |  7141 | 19283k| 101.4 |   551M |  41 | 290 |  78 |1079 |7371k|  3 |1001 |   0 | 0.000000e+00 | 6.902407e+03 |    Inf |  62.42%
  756s|190300 |  7143 | 19291k| 101.4 |   551M |  41 | 290 |  78 |1232 |7374k|  0 |1002 |   0 | 0.000000e+00 | 6.902407e+03 |    Inf |  62.43%
  757s|190400 |  7127 | 19301k| 101.4 |   551M |  41 | 290 |  78 | 945 |7378k|  2 |1002 |   0 | 0.000000e+00 | 6.902407e+03 |    Inf |  62.46%
 time | node  | left  |LP iter|LP it/n|mem/heur|mdpt |vars |cons |rows |cuts |sepa|confs|strbr|  dualbound   | primalbound  |  gap   | compl. 
  757s|190500 |  7125 | 19314k| 101.4 |   551M |  41 | 290 |  78 |1088 |7382k|  1 |1002 |   0 | 0.000000e+00 | 6.902407e+03 |    Inf |  62.47%
  758s|190600 |  7129 | 19325k| 101.4 |   551M |  41 | 290 |  78 |1121 |7386k|  3 |1004 |   0 | 0.000000e+00 | 6.902407e+03 |    Inf |  62.48%
  758s|190700 |  7123 | 19335k| 101.4 |   551M |  41 | 290 |  78 |1153 |7389k|  4 |1005 |   0 | 0.000000e+00 | 6.902407e+03 |    Inf |  62.51%
  759s|190800 |  7123 | 19346k| 101.4 |   551M |  41 | 290 |  78 |1105 |7393k|  2 |1005 |   0 | 0.000000e+00 | 6.902407e+03 |    Inf |  62.53%
  759s|190900 |  7117 | 19355k| 101.4 |   551M |  41 | 290 |  78 |1202 |7397k|  1 |1005 |   0 | 0.000000e+00 | 6.902407e+03 |    Inf |  62.53%
  760s|191000 |  7143 | 19372k| 101.4 |   552M |  41 | 290 |  78 |1250 |7402k|  3 |1005 |   0 | 0.000000e+00 | 6.902407e+03 |    Inf |  62.53%
  761s|191100 |  7135 | 19386k| 101.4 |   552M |  41 | 290 |  78 |1128 |7407k|  1 |1005 |   0 | 0.000000e+00 | 6.902407e+03 |    Inf |  62.53%
  761s|191200 |  7131 | 19399k| 101.5 |   552M |  41 | 290 |  78 |1155 |7411k|  3 |1005 |   0 | 0.000000e+00 | 6.902407e+03 |    Inf |  62.54%
  762s|191300 |  7125 | 19410k| 101.5 |   552M |  41 | 290 |  78 |1280 |7415k|  2 |1005 |   0 | 0.000000e+00 | 6.902407e+03 |    Inf |  62.56%
  762s|191400 |  7133 | 19421k| 101.5 |   552M |  41 | 290 |  78 |1137 |7419k|  1 |1005 |   0 | 0.000000e+00 | 6.902407e+03 |    Inf |  62.59%
  763s|191500 |  7129 | 19430k| 101.5 |   552M |  41 | 290 |  78 |1174 |7423k|  4 |1006 |   0 | 0.000000e+00 | 6.902407e+03 |    Inf |  62.59%
  763s|191600 |  7119 | 19438k| 101.5 |   552M |  41 | 290 |  78 |1161 |7426k|  2 |1009 |   0 | 0.000000e+00 | 6.902407e+03 |    Inf |  62.59%
  763s|191700 |  7117 | 19447k| 101.4 |   552M |  41 | 290 |  78 |1056 |7430k|  1 |1009 |   0 | 0.000000e+00 | 6.902407e+03 |    Inf |  62.62%
  764s|191800 |  7133 | 19455k| 101.4 |   552M |  41 | 290 |  78 |1063 |7434k|  1 |1012 |   0 | 0.000000e+00 | 6.902407e+03 |    Inf |  62.62%
  764s|191900 |  7121 | 19462k| 101.4 |   552M |  41 | 290 |  78 |1074 |7437k|  1 |1014 |   0 | 0.000000e+00 | 6.902407e+03 |    Inf |  62.62%
 time | node  | left  |LP iter|LP it/n|mem/heur|mdpt |vars |cons |rows |cuts |sepa|confs|strbr|  dualbound   | primalbound  |  gap   | compl. 
  765s|192000 |  7113 | 19471k| 101.4 |   552M |  41 | 290 |  78 | 990 |7441k|  1 |1016 |   0 | 0.000000e+00 | 6.902407e+03 |    Inf |  62.65%
  765s|192100 |  7113 | 19480k| 101.4 |   552M |  41 | 290 |  78 |1068 |7445k|  2 |1018 |   0 | 0.000000e+00 | 6.902407e+03 |    Inf |  62.67%
  765s|192200 |  7117 | 19489k| 101.4 |   552M |  41 | 290 |  78 |1133 |7449k|  1 |1018 |   0 | 0.000000e+00 | 6.902407e+03 |    Inf |  62.68%
  766s|192300 |  7107 | 19499k| 101.4 |   552M |  41 | 290 |  78 |1109 |7453k|  3 |1018 |   0 | 0.000000e+00 | 6.902407e+03 |    Inf |  62.69%
  766s|192400 |  7113 | 19509k| 101.4 |   552M |  41 | 290 |  78 | 985 |7457k|  3 |1021 |   0 | 0.000000e+00 | 6.902407e+03 |    Inf |  62.69%
  767s|192500 |  7119 | 19520k| 101.4 |   552M |  41 | 290 |  78 |1164 |7461k|  2 |1023 |   0 | 0.000000e+00 | 6.902407e+03 |    Inf |  62.69%
  767s|192600 |  7123 | 19525k| 101.4 |   552M |  41 | 290 |  78 |1201 |7464k|  1 |1027 |   0 | 0.000000e+00 | 6.902407e+03 |    Inf |  62.69%
  767s|192700 |  7131 | 19534k| 101.4 |   552M |  41 | 290 |  78 |1118 |7468k|  2 |1028 |   0 | 0.000000e+00 | 6.902407e+03 |    Inf |  62.69%
  768s|192800 |  7129 | 19546k| 101.4 |   552M |  41 | 290 |  78 |1019 |7472k|  3 |1029 |   0 | 0.000000e+00 | 6.902407e+03 |    Inf |  62.70%
  768s|192900 |  7133 | 19558k| 101.4 |   552M |  41 | 290 |  78 |1135 |7476k|  3 |1030 |   0 | 0.000000e+00 | 6.902407e+03 |    Inf |  62.71%
  769s|193000 |  7143 | 19571k| 101.4 |   552M |  41 | 290 |  78 |1105 |7481k|  3 |1030 |   0 | 0.000000e+00 | 6.902407e+03 |    Inf |  62.73%
  769s|193100 |  7157 | 19583k| 101.4 |   554M |  41 | 290 |  78 |1169 |7485k|  3 |1030 |   0 | 0.000000e+00 | 6.902407e+03 |    Inf |  62.73%
  770s|193200 |  7149 | 19597k| 101.4 |   554M |  41 | 290 |  78 |1166 |7489k|  1 |1030 |   0 | 0.000000e+00 | 6.902407e+03 |    Inf |  62.74%
  770s|193300 |  7141 | 19609k| 101.4 |   554M |  41 | 290 |  78 |1138 |7493k|  3 |1030 |   0 | 0.000000e+00 | 6.902407e+03 |    Inf |  62.76%
  771s|193400 |  7131 | 19620k| 101.4 |   554M |  41 | 290 |  78 |1167 |7497k|  2 |1030 |   0 | 0.000000e+00 | 6.902407e+03 |    Inf |  62.80%
 time | node  | left  |LP iter|LP it/n|mem/heur|mdpt |vars |cons |rows |cuts |sepa|confs|strbr|  dualbound   | primalbound  |  gap   | compl. 
  771s|193500 |  7131 | 19633k| 101.5 |   554M |  41 | 290 |  78 |1152 |7501k|  1 |1030 |   0 | 0.000000e+00 | 6.902407e+03 |    Inf |  62.83%
  772s|193600 |  7143 | 19644k| 101.5 |   554M |  41 | 290 |  78 |1123 |7505k|  1 |1030 |   0 | 0.000000e+00 | 6.902407e+03 |    Inf |  62.83%
  772s|193700 |  7139 | 19654k| 101.5 |   555M |  41 | 290 |  78 |1215 |7509k|  1 |1030 |   0 | 0.000000e+00 | 6.902407e+03 |    Inf |  62.83%
  773s|193800 |  7141 | 19665k| 101.5 |   555M |  41 | 290 |  78 |1101 |7512k|  1 |1030 |   0 | 0.000000e+00 | 6.902407e+03 |    Inf |  62.83%
  773s|193900 |  7129 | 19675k| 101.5 |   555M |  41 | 290 |  78 | 939 |7516k|  3 |1030 |   0 | 0.000000e+00 | 6.902407e+03 |    Inf |  62.85%
  774s|194000 |  7143 | 19687k| 101.5 |   555M |  41 | 290 |  78 |1312 |7520k|  1 |1030 |   0 | 0.000000e+00 | 6.902407e+03 |    Inf |  62.86%
  774s|194100 |  7133 | 19700k| 101.5 |   555M |  41 | 290 |  78 |1359 |7524k|  4 |1030 |   0 | 0.000000e+00 | 6.902407e+03 |    Inf |  62.86%
  775s|194200 |  7137 | 19711k| 101.5 |   555M |  41 | 290 |  78 |1112 |7528k|  1 |1031 |   0 | 0.000000e+00 | 6.902407e+03 |    Inf |  62.87%
  775s|194300 |  7147 | 19722k| 101.5 |   555M |  41 | 290 |  78 |1153 |7532k|  1 |1031 |   0 | 0.000000e+00 | 6.902407e+03 |    Inf |  62.87%
  776s|194400 |  7133 | 19732k| 101.5 |   555M |  41 | 290 |  78 |1311 |7536k|  2 |1031 |   0 | 0.000000e+00 | 6.902407e+03 |    Inf |  62.88%
  776s|194500 |  7129 | 19743k| 101.5 |   555M |  41 | 290 |  78 |1099 |7541k|  2 |1031 |   0 | 0.000000e+00 | 6.902407e+03 |    Inf |  62.88%
  777s|194600 |  7141 | 19750k| 101.5 |   555M |  41 | 290 |  78 |1162 |7544k|  3 |1031 |   0 | 0.000000e+00 | 6.902407e+03 |    Inf |  62.88%
  777s|194700 |  7139 | 19760k| 101.5 |   555M |  41 | 290 |  78 | 937 |7548k|  2 |1031 |   0 | 0.000000e+00 | 6.902407e+03 |    Inf |  62.89%
  777s|194800 |  7135 | 19768k| 101.5 |   555M |  41 | 290 |  78 |1226 |7551k|  3 |1031 |   0 | 0.000000e+00 | 6.902407e+03 |    Inf |  62.90%
  778s|194900 |  7133 | 19778k| 101.5 |   555M |  41 | 290 |  78 | 734 |7555k|  3 |1031 |   0 | 0.000000e+00 | 6.902407e+03 |    Inf |  62.91%
 time | node  | left  |LP iter|LP it/n|mem/heur|mdpt |vars |cons |rows |cuts |sepa|confs|strbr|  dualbound   | primalbound  |  gap   | compl. 
  778s|195000 |  7131 | 19785k| 101.5 |   555M |  41 | 290 |  78 |1205 |7558k|  3 |1033 |   0 | 0.000000e+00 | 6.902407e+03 |    Inf |  62.93%
  779s|195100 |  7147 | 19797k| 101.5 |   555M |  41 | 290 |  78 |1014 |7563k|  5 |1033 |   0 | 0.000000e+00 | 6.902407e+03 |    Inf |  62.94%
  779s|195200 |  7145 | 19807k| 101.5 |   555M |  41 | 290 |  78 |1006 |7566k|  4 |1035 |   0 | 0.000000e+00 | 6.902407e+03 |    Inf |  62.94%
  780s|195300 |  7165 | 19815k| 101.5 |   556M |  41 | 290 |  78 |1076 |7570k|  1 |1035 |   0 | 0.000000e+00 | 6.902407e+03 |    Inf |  62.94%
  780s|195400 |  7171 | 19826k| 101.5 |   556M |  41 | 290 |  78 |1240 |7574k|  3 |1036 |   0 | 0.000000e+00 | 6.902407e+03 |    Inf |  62.94%
  780s|195500 |  7177 | 19835k| 101.5 |   557M |  41 | 290 |  78 |1297 |7578k|  1 |1036 |   0 | 0.000000e+00 | 6.902407e+03 |    Inf |  62.94%
  781s|195600 |  7189 | 19843k| 101.4 |   557M |  41 | 290 |  78 | 954 |7581k|  2 |1041 |   0 | 0.000000e+00 | 6.902407e+03 |    Inf |  62.95%
  781s|195700 |  7185 | 19851k| 101.4 |   557M |  41 | 290 |  78 |1250 |7585k|  4 |1043 |   0 | 0.000000e+00 | 6.902407e+03 |    Inf |  62.95%
  782s|195800 |  7189 | 19859k| 101.4 |   557M |  41 | 290 |  78 |1191 |7588k|  1 |1045 |   0 | 0.000000e+00 | 6.902407e+03 |    Inf |  62.95%
  782s|195900 |  7175 | 19868k| 101.4 |   557M |  41 | 290 |  78 |1040 |7592k|  2 |1048 |   0 | 0.000000e+00 | 6.902407e+03 |    Inf |  62.95%
  782s|196000 |  7167 | 19879k| 101.4 |   557M |  41 | 290 |  78 |1055 |7596k|  1 |1048 |   0 | 0.000000e+00 | 6.902407e+03 |    Inf |  62.95%
  783s|196100 |  7161 | 19888k| 101.4 |   557M |  41 | 290 |  78 |1138 |7599k|  3 |1048 |   0 | 0.000000e+00 | 6.902407e+03 |    Inf |  62.95%
  783s|196200 |  7149 | 19897k| 101.4 |   557M |  41 | 290 |  78 |1050 |7604k|  2 |1049 |   0 | 0.000000e+00 | 6.902407e+03 |    Inf |  62.98%
  784s|196300 |  7145 | 19905k| 101.4 |   558M |  41 | 290 |  78 | 976 |7607k|  1 |1049 |   0 | 0.000000e+00 | 6.902407e+03 |    Inf |  63.00%
  784s|196400 |  7155 | 19915k| 101.4 |   558M |  41 | 290 |  78 |1151 |7610k|  1 |1049 |   0 | 0.000000e+00 | 6.902407e+03 |    Inf |  63.01%
 time | node  | left  |LP iter|LP it/n|mem/heur|mdpt |vars |cons |rows |cuts |sepa|confs|strbr|  dualbound   | primalbound  |  gap   | compl. 
  785s|196500 |  7141 | 19928k| 101.4 |   558M |  41 | 290 |  78 |1126 |7614k|  2 |1049 |   0 | 0.000000e+00 | 6.902407e+03 |    Inf |  63.03%
  785s|196600 |  7149 | 19937k| 101.4 |   558M |  41 | 290 |  78 |1230 |7617k|  2 |1050 |   0 | 0.000000e+00 | 6.902407e+03 |    Inf |  63.06%
  786s|196700 |  7145 | 19943k| 101.4 |   558M |  41 | 290 |  78 |1249 |7621k|  1 |1050 |   0 | 0.000000e+00 | 6.902407e+03 |    Inf |  63.07%
  786s|196800 |  7145 | 19950k| 101.4 |   558M |  41 | 290 |  78 |1287 |7625k|  2 |1050 |   0 | 0.000000e+00 | 6.902407e+03 |    Inf |  63.07%
  786s|196900 |  7151 | 19960k| 101.4 |   558M |  41 | 290 |  78 |1029 |7629k|  3 |1051 |   0 | 0.000000e+00 | 6.902407e+03 |    Inf |  63.08%
  787s|197000 |  7155 | 19972k| 101.4 |   558M |  41 | 290 |  78 |1246 |7633k|  4 |1054 |   0 | 0.000000e+00 | 6.902407e+03 |    Inf |  63.08%
  787s|197100 |  7149 | 19983k| 101.4 |   558M |  41 | 290 |  78 | 976 |7636k|  3 |1054 |   0 | 0.000000e+00 | 6.902407e+03 |    Inf |  63.08%
  787s|197200 |  7149 | 19992k| 101.4 |   558M |  41 | 290 |  78 | 901 |7640k|  4 |1054 |   0 | 0.000000e+00 | 6.902407e+03 |    Inf |  63.09%
  788s|197300 |  7157 | 20001k| 101.4 |   558M |  41 | 290 |  78 |1223 |7644k|  3 |1055 |   0 | 0.000000e+00 | 6.902407e+03 |    Inf |  63.10%
  788s|197400 |  7165 | 20009k| 101.4 |   558M |  41 | 290 |  78 |1263 |7647k|  1 |1055 |   0 | 0.000000e+00 | 6.902407e+03 |    Inf |  63.10%
  789s|197500 |  7149 | 20018k| 101.4 |   558M |  41 | 290 |  78 |1342 |7651k|  1 |1057 |   0 | 0.000000e+00 | 6.902407e+03 |    Inf |  63.10%
  789s|197600 |  7143 | 20025k| 101.3 |   558M |  41 | 290 |  78 |1228 |7654k|  2 |1057 |   0 | 0.000000e+00 | 6.902407e+03 |    Inf |  63.11%
  789s|197700 |  7145 | 20034k| 101.3 |   558M |  41 | 290 |  78 | 941 |7658k|  2 |1057 |   0 | 0.000000e+00 | 6.902407e+03 |    Inf |  63.11%
  790s|197800 |  7147 | 20044k| 101.3 |   558M |  41 | 290 |  78 |1132 |7662k|  3 |1057 |   0 | 0.000000e+00 | 6.902407e+03 |    Inf |  63.13%
  790s|197900 |  7175 | 20053k| 101.3 |   558M |  41 | 290 |  78 |1027 |7666k|  1 |1057 |   0 | 0.000000e+00 | 6.902407e+03 |    Inf |  63.13%
 time | node  | left  |LP iter|LP it/n|mem/heur|mdpt |vars |cons |rows |cuts |sepa|confs|strbr|  dualbound   | primalbound  |  gap   | compl. 
  791s|198000 |  7203 | 20063k| 101.3 |   559M |  41 | 290 |  78 |1032 |7670k|  5 |1057 |   0 | 0.000000e+00 | 6.902407e+03 |    Inf |  63.13%
  791s|198100 |  7219 | 20073k| 101.3 |   560M |  41 | 290 |  78 |1126 |7674k|  3 |1057 |   0 | 0.000000e+00 | 6.902407e+03 |    Inf |  63.13%
  791s|198200 |  7233 | 20082k| 101.3 |   560M |  41 | 290 |  78 |1130 |7677k|  1 |1057 |   0 | 0.000000e+00 | 6.902407e+03 |    Inf |  63.13%
  792s|198300 |  7237 | 20091k| 101.3 |   561M |  41 | 290 |  78 |1181 |7681k|  1 |1057 |   0 | 0.000000e+00 | 6.902407e+03 |    Inf |  63.13%
  792s|198400 |  7245 | 20099k| 101.3 |   561M |  41 | 290 |  78 |1126 |7684k|  2 |1057 |   0 | 0.000000e+00 | 6.902407e+03 |    Inf |  63.13%
  792s|198500 |  7231 | 20107k| 101.3 |   561M |  41 | 290 |  78 |1156 |7687k|  3 |1057 |   0 | 0.000000e+00 | 6.902407e+03 |    Inf |  63.13%
  793s|198600 |  7217 | 20117k| 101.3 |   561M |  41 | 290 |  78 |1066 |7691k|  1 |1057 |   0 | 0.000000e+00 | 6.902407e+03 |    Inf |  63.14%
  793s|198700 |  7207 | 20125k| 101.3 |   561M |  41 | 290 |  78 |1114 |7694k|  3 |1057 |   0 | 0.000000e+00 | 6.902407e+03 |    Inf |  63.14%
  794s|198800 |  7193 | 20134k| 101.3 |   561M |  41 | 290 |  78 |1148 |7697k|  5 |1058 |   0 | 0.000000e+00 | 6.902407e+03 |    Inf |  63.14%
  794s|198900 |  7177 | 20144k| 101.3 |   561M |  41 | 290 |  78 |1187 |7700k|  3 |1058 |   0 | 0.000000e+00 | 6.902407e+03 |    Inf |  63.14%
  794s|199000 |  7173 | 20153k| 101.3 |   561M |  41 | 290 |  78 |1202 |7704k|  1 |1058 |   0 | 0.000000e+00 | 6.902407e+03 |    Inf |  63.14%
  795s|199100 |  7185 | 20164k| 101.3 |   561M |  41 | 290 |  78 |1251 |7708k|  4 |1058 |   0 | 0.000000e+00 | 6.902407e+03 |    Inf |  63.14%
  795s|199200 |  7169 | 20174k| 101.3 |   561M |  41 | 290 |  78 |1158 |7711k|  3 |1058 |   0 | 0.000000e+00 | 6.902407e+03 |    Inf |  63.14%
  796s|199300 |  7157 | 20184k| 101.3 |   561M |  41 | 290 |  78 |1231 |7715k|  4 |1058 |   0 | 0.000000e+00 | 6.902407e+03 |    Inf |  63.15%
  796s|199400 |  7147 | 20193k| 101.3 |   561M |  41 | 290 |  78 |1206 |7718k|  2 |1058 |   0 | 0.000000e+00 | 6.902407e+03 |    Inf |  63.18%
 time | node  | left  |LP iter|LP it/n|mem/heur|mdpt |vars |cons |rows |cuts |sepa|confs|strbr|  dualbound   | primalbound  |  gap   | compl. 
  797s|199500 |  7149 | 20203k| 101.3 |   561M |  41 | 290 |  78 |1138 |7722k|  1 |1058 |   0 | 0.000000e+00 | 6.902407e+03 |    Inf |  63.20%
  797s|199600 |  7143 | 20213k| 101.3 |   561M |  41 | 290 |  78 |   0 |7726k|  0 |1058 |   0 | 0.000000e+00 | 6.902407e+03 |    Inf |  63.21%
  797s|199700 |  7161 | 20222k| 101.3 |   561M |  41 | 290 |  78 | 859 |7730k|  3 |1058 |   0 | 0.000000e+00 | 6.902407e+03 |    Inf |  63.24%
  798s|199800 |  7179 | 20231k| 101.3 |   561M |  41 | 290 |  78 |1110 |7734k|  4 |1058 |   0 | 0.000000e+00 | 6.902407e+03 |    Inf |  63.24%
  798s|199900 |  7181 | 20240k| 101.3 |   562M |  41 | 290 |  78 |1048 |7737k|  2 |1058 |   0 | 0.000000e+00 | 6.902407e+03 |    Inf |  63.24%
  798s|200000 |  7175 | 20250k| 101.2 |   562M |  41 | 290 |  78 |1102 |7741k|  1 |1058 |   0 | 0.000000e+00 | 6.902407e+03 |    Inf |  63.24%
  799s|200100 |  7181 | 20259k| 101.2 |   562M |  41 | 290 |  78 |1106 |7744k|  1 |1058 |   0 | 0.000000e+00 | 6.902407e+03 |    Inf |  63.24%
  799s|200200 |  7179 | 20267k| 101.2 |   562M |  41 | 290 |  78 |1008 |7747k|  3 |1058 |   0 | 0.000000e+00 | 6.902407e+03 |    Inf |  63.26%
  799s|200300 |  7177 | 20275k| 101.2 |   562M |  41 | 290 |  78 |1274 |7751k|  2 |1058 |   0 | 0.000000e+00 | 6.902407e+03 |    Inf |  63.27%
  800s|200400 |  7173 | 20287k| 101.2 |   562M |  41 | 290 |  78 |1108 |7755k|  3 |1058 |   0 | 0.000000e+00 | 6.902407e+03 |    Inf |  63.28%
  800s|200500 |  7177 | 20298k| 101.2 |   562M |  41 | 290 |  78 | 976 |7759k|  3 |1058 |   0 | 0.000000e+00 | 6.902407e+03 |    Inf |  63.30%
  801s|200600 |  7169 | 20306k| 101.2 |   562M |  41 | 290 |  78 |1340 |7762k|  3 |1058 |   0 | 0.000000e+00 | 6.902407e+03 |    Inf |  63.31%
  801s|200700 |  7165 | 20318k| 101.2 |   562M |  41 | 290 |  78 |1094 |7767k|  1 |1058 |   0 | 0.000000e+00 | 6.902407e+03 |    Inf |  63.32%
  802s|200800 |  7165 | 20329k| 101.2 |   562M |  41 | 290 |  78 |1215 |7770k|  3 |1060 |   0 | 0.000000e+00 | 6.902407e+03 |    Inf |  63.35%
  802s|200900 |  7163 | 20337k| 101.2 |   562M |  41 | 290 |  78 |1249 |7774k|  1 |1061 |   0 | 0.000000e+00 | 6.902407e+03 |    Inf |  63.35%
 time | node  | left  |LP iter|LP it/n|mem/heur|mdpt |vars |cons |rows |cuts |sepa|confs|strbr|  dualbound   | primalbound  |  gap   | compl. 
  802s|201000 |  7163 | 20345k| 101.2 |   562M |  41 | 290 |  78 |1137 |7778k|  2 |1061 |   0 | 0.000000e+00 | 6.902407e+03 |    Inf |  63.35%
  803s|201100 |  7169 | 20355k| 101.2 |   562M |  41 | 290 |  78 |1143 |7782k|  3 |1061 |   0 | 0.000000e+00 | 6.902407e+03 |    Inf |  63.35%
  803s|201200 |  7179 | 20367k| 101.2 |   562M |  41 | 290 |  78 |   0 |7786k|  0 |1061 |   0 | 0.000000e+00 | 6.902407e+03 |    Inf |  63.36%
  804s|201300 |  7177 | 20381k| 101.2 |   562M |  41 | 290 |  78 |1118 |7790k|  4 |1062 |   0 | 0.000000e+00 | 6.902407e+03 |    Inf |  63.36%
  804s|201400 |  7187 | 20392k| 101.2 |   562M |  41 | 290 |  78 | 968 |7795k|  3 |1062 |   0 | 0.000000e+00 | 6.902407e+03 |    Inf |  63.38%
  804s|201500 |  7203 | 20402k| 101.3 |   563M |  41 | 290 |  78 |1165 |7799k|  4 |1062 |   0 | 0.000000e+00 | 6.902407e+03 |    Inf |  63.38%
  805s|201600 |  7193 | 20415k| 101.3 |   563M |  41 | 290 |  78 |1130 |7803k|  2 |1062 |   0 | 0.000000e+00 | 6.902407e+03 |    Inf |  63.38%
  805s|201700 |  7183 | 20427k| 101.3 |   563M |  41 | 290 |  78 | 967 |7807k|  2 |1062 |   0 | 0.000000e+00 | 6.902407e+03 |    Inf |  63.39%
  806s|201800 |  7197 | 20437k| 101.3 |   563M |  41 | 290 |  78 |1120 |7811k|  4 |1062 |   0 | 0.000000e+00 | 6.902407e+03 |    Inf |  63.40%
  806s|201900 |  7183 | 20445k| 101.3 |   563M |  41 | 290 |  78 | 921 |7814k|  3 |1062 |   0 | 0.000000e+00 | 6.902407e+03 |    Inf |  63.41%
  807s|202000 |  7219 | 20456k| 101.3 |   563M |  41 | 290 |  78 |1063 |7818k|  1 |1062 |   0 | 0.000000e+00 | 6.902407e+03 |    Inf |  63.41%
  807s|202100 |  7195 | 20467k| 101.3 |   563M |  41 | 290 |  78 |1232 |7822k|  3 |1062 |   0 | 0.000000e+00 | 6.902407e+03 |    Inf |  63.41%
  807s|202200 |  7183 | 20476k| 101.3 |   563M |  41 | 290 |  78 | 852 |7825k|  4 |1062 |   0 | 0.000000e+00 | 6.902407e+03 |    Inf |  63.43%
  808s|202300 |  7185 | 20484k| 101.3 |   563M |  41 | 290 |  78 |1184 |7829k|  3 |1062 |   0 | 0.000000e+00 | 6.902407e+03 |    Inf |  63.43%
  808s|202400 |  7183 | 20496k| 101.3 |   563M |  41 | 290 |  78 |1248 |7833k|  3 |1062 |   0 | 0.000000e+00 | 6.902407e+03 |    Inf |  63.44%
 time | node  | left  |LP iter|LP it/n|mem/heur|mdpt |vars |cons |rows |cuts |sepa|confs|strbr|  dualbound   | primalbound  |  gap   | compl. 
  808s|202500 |  7197 | 20506k| 101.3 |   563M |  41 | 290 |  78 |1177 |7837k|  1 |1062 |   0 | 0.000000e+00 | 6.902407e+03 |    Inf |  63.44%
  809s|202600 |  7195 | 20515k| 101.3 |   563M |  41 | 290 |  78 | 997 |7840k|  3 |1063 |   0 | 0.000000e+00 | 6.902407e+03 |    Inf |  63.45%
  809s|202700 |  7195 | 20527k| 101.3 |   563M |  41 | 290 |  78 |1203 |7844k|  4 |1063 |   0 | 0.000000e+00 | 6.902407e+03 |    Inf |  63.45%
  810s|202800 |  7183 | 20536k| 101.3 |   563M |  41 | 290 |  78 | 969 |7848k|  1 |1064 |   0 | 0.000000e+00 | 6.902407e+03 |    Inf |  63.49%
  810s|202900 |  7179 | 20546k| 101.3 |   563M |  41 | 290 |  78 | 994 |7851k|  2 |1064 |   0 | 0.000000e+00 | 6.902407e+03 |    Inf |  63.50%
  810s|203000 |  7201 | 20557k| 101.3 |   563M |  41 | 290 |  78 |1122 |7855k|  2 |1064 |   0 | 0.000000e+00 | 6.902407e+03 |    Inf |  63.51%
  811s|203100 |  7201 | 20571k| 101.3 |   563M |  41 | 290 |  78 |1214 |7860k|  1 |1064 |   0 | 0.000000e+00 | 6.902407e+03 |    Inf |  63.51%
  811s|203200 |  7203 | 20581k| 101.3 |   563M |  41 | 290 |  78 |1244 |7863k|  1 |1064 |   0 | 0.000000e+00 | 6.902407e+03 |    Inf |  63.51%
  812s|203300 |  7193 | 20590k| 101.3 |   563M |  41 | 290 |  78 |1130 |7867k|  3 |1065 |   0 | 0.000000e+00 | 6.902407e+03 |    Inf |  63.51%
  812s|203400 |  7197 | 20600k| 101.3 |   563M |  41 | 290 |  78 |1237 |7871k|  3 |1065 |   0 | 0.000000e+00 | 6.902407e+03 |    Inf |  63.51%
  813s|203500 |  7205 | 20610k| 101.3 |   563M |  41 | 290 |  78 |1279 |7874k|  1 |1065 |   0 | 0.000000e+00 | 6.902407e+03 |    Inf |  63.51%
  813s|203600 |  7183 | 20622k| 101.3 |   563M |  41 | 290 |  78 |1128 |7878k|  3 |1065 |   0 | 0.000000e+00 | 6.902407e+03 |    Inf |  63.51%
  814s|203700 |  7183 | 20629k| 101.3 |   563M |  41 | 290 |  78 |1187 |7881k|  3 |1065 |   0 | 0.000000e+00 | 6.902407e+03 |    Inf |  63.51%
  814s|203800 |  7183 | 20638k| 101.3 |   563M |  41 | 290 |  78 | 996 |7885k|  1 |1065 |   0 | 0.000000e+00 | 6.902407e+03 |    Inf |  63.53%
  814s|203900 |  7183 | 20646k| 101.3 |   563M |  41 | 290 |  78 |1092 |7889k|  3 |1066 |   0 | 0.000000e+00 | 6.902407e+03 |    Inf |  63.54%
 time | node  | left  |LP iter|LP it/n|mem/heur|mdpt |vars |cons |rows |cuts |sepa|confs|strbr|  dualbound   | primalbound  |  gap   | compl. 
  815s|204000 |  7175 | 20654k| 101.2 |   563M |  41 | 290 |  78 |1123 |7892k|  4 |1066 |   0 | 0.000000e+00 | 6.902407e+03 |    Inf |  63.56%
  815s|204100 |  7171 | 20667k| 101.3 |   563M |  41 | 290 |  78 | 851 |7896k|  3 |1067 |   0 | 0.000000e+00 | 6.902407e+03 |    Inf |  63.58%
  815s|204200 |  7179 | 20676k| 101.3 |   563M |  41 | 290 |  78 | 994 |7900k|  3 |1069 |   0 | 0.000000e+00 | 6.902407e+03 |    Inf |  63.58%
  816s|204300 |  7179 | 20684k| 101.2 |   563M |  41 | 290 |  78 |1078 |7904k|  1 |1069 |   0 | 0.000000e+00 | 6.902407e+03 |    Inf |  63.58%
  816s|204400 |  7175 | 20692k| 101.2 |   563M |  41 | 290 |  78 |1135 |7907k|  3 |1070 |   0 | 0.000000e+00 | 6.902407e+03 |    Inf |  63.59%
  816s|204500 |  7179 | 20701k| 101.2 |   563M |  41 | 290 |  78 |1217 |7911k|  1 |1070 |   0 | 0.000000e+00 | 6.902407e+03 |    Inf |  63.64%
  817s|204600 |  7183 | 20711k| 101.2 |   563M |  41 | 290 |  78 |1175 |7915k|  3 |1070 |   0 | 0.000000e+00 | 6.902407e+03 |    Inf |  63.64%
  817s|204700 |  7179 | 20721k| 101.2 |   563M |  41 | 290 |  78 |1039 |7918k|  0 |1071 |   0 | 0.000000e+00 | 6.902407e+03 |    Inf |  63.64%
  818s|204800 |  7189 | 20730k| 101.2 |   565M |  41 | 290 |  78 |1215 |7922k|  2 |1073 |   0 | 0.000000e+00 | 6.902407e+03 |    Inf |  63.64%
  818s|204900 |  7187 | 20739k| 101.2 |   565M |  41 | 290 |  78 |1181 |7925k|  3 |1073 |   0 | 0.000000e+00 | 6.902407e+03 |    Inf |  63.64%
  818s|205000 |  7183 | 20746k| 101.2 |   565M |  41 | 290 |  78 |1202 |7928k|  1 |1074 |   0 | 0.000000e+00 | 6.902407e+03 |    Inf |  63.64%
  819s|205100 |  7177 | 20753k| 101.2 |   565M |  41 | 290 |  78 | 850 |7932k|  1 |1075 |   0 | 0.000000e+00 | 6.902407e+03 |    Inf |  63.64%
  819s|205200 |  7169 | 20765k| 101.2 |   565M |  41 | 290 |  78 | 946 |7936k|  3 |1075 |   0 | 0.000000e+00 | 6.902407e+03 |    Inf |  63.67%
  820s|205300 |  7181 | 20774k| 101.2 |   565M |  41 | 290 |  78 | 942 |7940k|  4 |1076 |   0 | 0.000000e+00 | 6.902407e+03 |    Inf |  63.67%
  820s|205400 |  7175 | 20782k| 101.2 |   565M |  41 | 290 |  78 |1118 |7944k|  3 |1076 |   0 | 0.000000e+00 | 6.902407e+03 |    Inf |  63.68%
 time | node  | left  |LP iter|LP it/n|mem/heur|mdpt |vars |cons |rows |cuts |sepa|confs|strbr|  dualbound   | primalbound  |  gap   | compl. 
  820s|205500 |  7171 | 20792k| 101.2 |   565M |  41 | 290 |  78 |1160 |7948k|  3 |1076 |   0 | 0.000000e+00 | 6.902407e+03 |    Inf |  63.70%
  821s|205600 |  7175 | 20799k| 101.2 |   565M |  41 | 290 |  78 |1140 |7951k|  1 |1079 |   0 | 0.000000e+00 | 6.902407e+03 |    Inf |  63.71%
  821s|205700 |  7187 | 20808k| 101.2 |   565M |  41 | 290 |  78 |1002 |7955k|  2 |1084 |   0 | 0.000000e+00 | 6.902407e+03 |    Inf |  63.72%
  821s|205800 |  7189 | 20816k| 101.1 |   565M |  41 | 290 |  78 |1001 |7958k|  1 |1086 |   0 | 0.000000e+00 | 6.902407e+03 |    Inf |  63.72%
  822s|205900 |  7195 | 20824k| 101.1 |   565M |  41 | 290 |  78 |1103 |7962k|  3 |1088 |   0 | 0.000000e+00 | 6.902407e+03 |    Inf |  63.72%
  822s|206000 |  7195 | 20833k| 101.1 |   565M |  41 | 290 |  78 |1098 |7965k|  1 |1088 |   0 | 0.000000e+00 | 6.902407e+03 |    Inf |  63.72%
  822s|206100 |  7195 | 20842k| 101.1 |   565M |  41 | 290 |  78 |1210 |7969k|  3 |1089 |   0 | 0.000000e+00 | 6.902407e+03 |    Inf |  63.73%
  823s|206200 |  7197 | 20852k| 101.1 |   565M |  41 | 290 |  78 |1144 |7973k|  3 |1090 |   0 | 0.000000e+00 | 6.902407e+03 |    Inf |  63.73%
  823s|206300 |  7191 | 20861k| 101.1 |   565M |  41 | 290 |  78 |1153 |7976k|  3 |1091 |   0 | 0.000000e+00 | 6.902407e+03 |    Inf |  63.74%
  823s|206400 |  7201 | 20868k| 101.1 |   565M |  41 | 290 |  78 |1046 |7979k|  3 |1093 |   0 | 0.000000e+00 | 6.902407e+03 |    Inf |  63.76%
  824s|206500 |  7201 | 20875k| 101.1 |   565M |  41 | 290 |  78 |1154 |7983k|  1 |1096 |   0 | 0.000000e+00 | 6.902407e+03 |    Inf |  63.76%
  824s|206600 |  7205 | 20884k| 101.1 |   565M |  41 | 290 |  78 |1165 |7986k|  3 |1097 |   0 | 0.000000e+00 | 6.902407e+03 |    Inf |  63.77%
  824s|206700 |  7203 | 20891k| 101.1 |   565M |  41 | 290 |  78 |1132 |7989k|  3 |1100 |   0 | 0.000000e+00 | 6.902407e+03 |    Inf |  63.77%
  825s|206800 |  7207 | 20900k| 101.1 |   566M |  41 | 290 |  78 |1154 |7993k|  4 |1104 |   0 | 0.000000e+00 | 6.902407e+03 |    Inf |  63.77%
  825s|206900 |  7209 | 20908k| 101.1 |   566M |  41 | 290 |  78 |1046 |7996k|  3 |1105 |   0 | 0.000000e+00 | 6.902407e+03 |    Inf |  63.77%
 time | node  | left  |LP iter|LP it/n|mem/heur|mdpt |vars |cons |rows |cuts |sepa|confs|strbr|  dualbound   | primalbound  |  gap   | compl. 
  825s|207000 |  7217 | 20918k| 101.1 |   567M |  41 | 290 |  78 |1220 |7999k|  1 |1105 |   0 | 0.000000e+00 | 6.902407e+03 |    Inf |  63.77%
  826s|207100 |  7207 | 20927k| 101.0 |   567M |  41 | 290 |  78 |1177 |8003k|  1 |1105 |   0 | 0.000000e+00 | 6.902407e+03 |    Inf |  63.77%
  826s|207200 |  7199 | 20936k| 101.0 |   567M |  41 | 290 |  78 |1089 |8006k|  4 |1105 |   0 | 0.000000e+00 | 6.902407e+03 |    Inf |  63.81%
  827s|207300 |  7191 | 20949k| 101.1 |   567M |  41 | 290 |  78 |1165 |8010k|  3 |1105 |   0 | 0.000000e+00 | 6.902407e+03 |    Inf |  63.83%
  827s|207400 |  7187 | 20961k| 101.1 |   567M |  41 | 290 |  78 |1137 |8015k|  2 |1105 |   0 | 0.000000e+00 | 6.902407e+03 |    Inf |  63.84%
  828s|207500 |  7191 | 20972k| 101.1 |   567M |  41 | 290 |  78 |1039 |8019k|  3 |1105 |   0 | 0.000000e+00 | 6.902407e+03 |    Inf |  63.87%
  828s|207600 |  7189 | 20983k| 101.1 |   567M |  41 | 290 |  78 | 966 |8023k|  4 |1105 |   0 | 0.000000e+00 | 6.902407e+03 |    Inf |  63.88%
  828s|207700 |  7185 | 20994k| 101.1 |   567M |  41 | 290 |  78 | 998 |8028k|  1 |1105 |   0 | 0.000000e+00 | 6.902407e+03 |    Inf |  63.88%
  829s|207800 |  7195 | 21003k| 101.1 |   567M |  41 | 290 |  78 |   0 |8032k|  0 |1105 |   0 | 0.000000e+00 | 6.902407e+03 |    Inf |  63.89%
  829s|207900 |  7191 | 21011k| 101.1 |   567M |  41 | 290 |  78 | 981 |8035k|  1 |1105 |   0 | 0.000000e+00 | 6.902407e+03 |    Inf |  63.89%
  829s|208000 |  7195 | 21020k| 101.1 |   567M |  41 | 290 |  78 |1018 |8039k|  4 |1107 |   0 | 0.000000e+00 | 6.902407e+03 |    Inf |  63.90%
  830s|208100 |  7199 | 21029k| 101.1 |   567M |  41 | 290 |  78 |1148 |8043k|  4 |1108 |   0 | 0.000000e+00 | 6.902407e+03 |    Inf |  63.90%
  830s|208200 |  7203 | 21037k| 101.0 |   568M |  41 | 290 |  78 |1145 |8047k|  3 |1112 |   0 | 0.000000e+00 | 6.902407e+03 |    Inf |  63.90%
  831s|208300 |  7197 | 21046k| 101.0 |   568M |  41 | 290 |  78 |1226 |8051k|  1 |1113 |   0 | 0.000000e+00 | 6.902407e+03 |    Inf |  63.91%
  831s|208400 |  7193 | 21055k| 101.0 |   568M |  41 | 290 |  78 |1127 |8055k|  1 |1116 |   0 | 0.000000e+00 | 6.902407e+03 |    Inf |  63.91%
 time | node  | left  |LP iter|LP it/n|mem/heur|mdpt |vars |cons |rows |cuts |sepa|confs|strbr|  dualbound   | primalbound  |  gap   | compl. 
  831s|208500 |  7185 | 21063k| 101.0 |   568M |  41 | 290 |  78 |1046 |8059k|  4 |1117 |   0 | 0.000000e+00 | 6.902407e+03 |    Inf |  63.93%
  832s|208600 |  7193 | 21075k| 101.0 |   569M |  41 | 290 |  78 |1142 |8064k|  3 |1117 |   0 | 0.000000e+00 | 6.902407e+03 |    Inf |  63.94%
  832s|208700 |  7197 | 21085k| 101.0 |   569M |  41 | 290 |  78 |1157 |8068k|  2 |1117 |   0 | 0.000000e+00 | 6.902407e+03 |    Inf |  63.94%
  833s|208800 |  7197 | 21096k| 101.0 |   569M |  41 | 290 |  78 |1227 |8073k|  1 |1117 |   0 | 0.000000e+00 | 6.902407e+03 |    Inf |  63.94%
  833s|208900 |  7187 | 21104k| 101.0 |   569M |  41 | 290 |  78 |1217 |8077k|  2 |1117 |   0 | 0.000000e+00 | 6.902407e+03 |    Inf |  63.95%
  834s|209000 |  7187 | 21117k| 101.0 |   569M |  41 | 290 |  78 | 947 |8082k|  2 |1117 |   0 | 0.000000e+00 | 6.902407e+03 |    Inf |  63.97%
  834s|209100 |  7175 | 21127k| 101.0 |   569M |  41 | 290 |  78 | 920 |8086k|  1 |1118 |   0 | 0.000000e+00 | 6.902407e+03 |    Inf |  64.00%
  834s|209200 |  7179 | 21136k| 101.0 |   569M |  41 | 290 |  78 |1166 |8090k|  3 |1118 |   0 | 0.000000e+00 | 6.902407e+03 |    Inf |  64.01%
  835s|209300 |  7181 | 21144k| 101.0 |   569M |  41 | 290 |  78 |1202 |8093k|  3 |1121 |   0 | 0.000000e+00 | 6.902407e+03 |    Inf |  64.01%
  835s|209400 |  7175 | 21155k| 101.0 |   569M |  41 | 290 |  78 |1263 |8097k|  5 |1121 |   0 | 0.000000e+00 | 6.902407e+03 |    Inf |  64.02%
  836s|209500 |  7167 | 21164k| 101.0 |   569M |  41 | 290 |  78 |1303 |8101k|  3 |1121 |   0 | 0.000000e+00 | 6.902407e+03 |    Inf |  64.03%
  836s|209600 |  7161 | 21175k| 101.0 |   569M |  41 | 290 |  78 |1243 |8105k|  1 |1122 |   0 | 0.000000e+00 | 6.902407e+03 |    Inf |  64.06%
  837s|209700 |  7157 | 21184k| 101.0 |   569M |  41 | 290 |  78 |1294 |8108k|  1 |1125 |   0 | 0.000000e+00 | 6.902407e+03 |    Inf |  64.07%
  837s|209800 |  7161 | 21192k| 101.0 |   569M |  41 | 290 |  78 |1036 |8112k|  1 |1126 |   0 | 0.000000e+00 | 6.902407e+03 |    Inf |  64.08%
  837s|209900 |  7155 | 21201k| 101.0 |   569M |  41 | 290 |  78 |1038 |8116k|  1 |1126 |   0 | 0.000000e+00 | 6.902407e+03 |    Inf |  64.08%
 time | node  | left  |LP iter|LP it/n|mem/heur|mdpt |vars |cons |rows |cuts |sepa|confs|strbr|  dualbound   | primalbound  |  gap   | compl. 
  838s|210000 |  7155 | 21209k| 101.0 |   569M |  41 | 290 |  78 |1064 |8119k|  1 |1126 |   0 | 0.000000e+00 | 6.902407e+03 |    Inf |  64.09%
  838s|210100 |  7151 | 21220k| 101.0 |   569M |  41 | 290 |  78 | 960 |8123k|  2 |1126 |   0 | 0.000000e+00 | 6.902407e+03 |    Inf |  64.11%
  839s|210200 |  7153 | 21231k| 101.0 |   569M |  41 | 290 |  78 |1131 |8127k|  3 |1128 |   0 | 0.000000e+00 | 6.902407e+03 |    Inf |  64.13%
  839s|210300 |  7151 | 21245k| 101.0 |   569M |  41 | 290 |  78 |   0 |8132k|  0 |1128 |   0 | 0.000000e+00 | 6.902407e+03 |    Inf |  64.13%
  840s|210400 |  7193 | 21254k| 101.0 |   569M |  41 | 290 |  78 |1065 |8137k|  2 |1128 |   0 | 0.000000e+00 | 6.902407e+03 |    Inf |  64.13%
  840s|210500 |  7215 | 21263k| 101.0 |   571M |  41 | 290 |  78 |1163 |8141k|  3 |1130 |   0 | 0.000000e+00 | 6.902407e+03 |    Inf |  64.13%
  840s|210600 |  7227 | 21274k| 101.0 |   572M |  41 | 290 |  78 |1209 |8146k|  3 |1130 |   0 | 0.000000e+00 | 6.902407e+03 |    Inf |  64.13%
  841s|210700 |  7237 | 21282k| 101.0 |   572M |  41 | 290 |  78 |1264 |8150k|  3 |1132 |   0 | 0.000000e+00 | 6.902407e+03 |    Inf |  64.13%
  841s|210800 |  7233 | 21292k| 101.0 |   572M |  41 | 290 |  78 |1308 |8153k|  3 |1134 |   0 | 0.000000e+00 | 6.902407e+03 |    Inf |  64.13%
  842s|210900 |  7225 | 21302k| 101.0 |   572M |  41 | 290 |  78 |1273 |8157k|  5 |1134 |   0 | 0.000000e+00 | 6.902407e+03 |    Inf |  64.13%
  842s|211000 |  7211 | 21312k| 101.0 |   572M |  41 | 290 |  78 |1359 |8161k|  1 |1140 |   0 | 0.000000e+00 | 6.902407e+03 |    Inf |  64.13%
  843s|211100 |  7207 | 21321k| 101.0 |   572M |  41 | 290 |  78 |1339 |8165k|  4 |1141 |   0 | 0.000000e+00 | 6.902407e+03 |    Inf |  64.13%
  843s|211200 |  7201 | 21329k| 101.0 |   572M |  41 | 290 |  78 |1234 |8168k|  3 |1142 |   0 | 0.000000e+00 | 6.902407e+03 |    Inf |  64.13%
  844s|211300 |  7179 | 21338k| 101.0 |   572M |  41 | 290 |  78 |1302 |8172k|  3 |1144 |   0 | 0.000000e+00 | 6.902407e+03 |    Inf |  64.13%
  844s|211400 |  7203 | 21348k| 101.0 |   572M |  41 | 290 |  78 |1162 |8177k|  1 |1144 |   0 | 0.000000e+00 | 6.902407e+03 |    Inf |  64.13%
 time | node  | left  |LP iter|LP it/n|mem/heur|mdpt |vars |cons |rows |cuts |sepa|confs|strbr|  dualbound   | primalbound  |  gap   | compl. 
  844s|211500 |  7225 | 21359k| 101.0 |   572M |  41 | 290 |  78 |1333 |8181k|  3 |1146 |   0 | 0.000000e+00 | 6.902407e+03 |    Inf |  64.13%
  845s|211600 |  7247 | 21369k| 101.0 |   573M |  41 | 290 |  78 |1267 |8185k|  2 |1148 |   0 | 0.000000e+00 | 6.902407e+03 |    Inf |  64.13%
  845s|211700 |  7237 | 21377k| 101.0 |   573M |  41 | 290 |  78 |1324 |8188k|  3 |1149 |   0 | 0.000000e+00 | 6.902407e+03 |    Inf |  64.13%
  846s|211800 |  7219 | 21387k| 101.0 |   573M |  41 | 290 |  78 |1252 |8192k|  3 |1152 |   0 | 0.000000e+00 | 6.902407e+03 |    Inf |  64.13%
  846s|211900 |  7215 | 21398k| 101.0 |   573M |  41 | 290 |  78 |1395 |8196k|  3 |1154 |   0 | 0.000000e+00 | 6.902407e+03 |    Inf |  64.13%
  846s|212000 |  7215 | 21406k| 101.0 |   573M |  41 | 290 |  78 |1290 |8199k|  3 |1158 |   0 | 0.000000e+00 | 6.902407e+03 |    Inf |  64.13%
  847s|212100 |  7221 | 21415k| 101.0 |   573M |  41 | 290 |  78 |1385 |8203k|  3 |1160 |   0 | 0.000000e+00 | 6.902407e+03 |    Inf |  64.13%
  847s|212200 |  7215 | 21424k| 101.0 |   573M |  41 | 290 |  78 |1456 |8206k|  1 |1163 |   0 | 0.000000e+00 | 6.902407e+03 |    Inf |  64.13%
  848s|212300 |  7203 | 21433k| 101.0 |   573M |  41 | 290 |  78 |1374 |8209k|  1 |1165 |   0 | 0.000000e+00 | 6.902407e+03 |    Inf |  64.13%
  848s|212400 |  7209 | 21441k| 100.9 |   573M |  41 | 290 |  78 |1310 |8212k|  2 |1165 |   0 | 0.000000e+00 | 6.902407e+03 |    Inf |  64.13%
  848s|212500 |  7187 | 21450k| 100.9 |   573M |  41 | 290 |  78 |1253 |8216k|  1 |1166 |   0 | 0.000000e+00 | 6.902407e+03 |    Inf |  64.13%
  849s|212600 |  7189 | 21460k| 100.9 |   573M |  41 | 290 |  78 |1265 |8220k|  1 |1166 |   0 | 0.000000e+00 | 6.902407e+03 |    Inf |  64.14%
  849s|212700 |  7177 | 21471k| 100.9 |   573M |  41 | 290 |  78 |1292 |8224k|  1 |1168 |   0 | 0.000000e+00 | 6.902407e+03 |    Inf |  64.14%
  850s|212800 |  7171 | 21478k| 100.9 |   573M |  41 | 290 |  78 |1270 |8227k|  3 |1172 |   0 | 0.000000e+00 | 6.902407e+03 |    Inf |  64.14%
  850s|212900 |  7175 | 21488k| 100.9 |   573M |  41 | 290 |  78 |1097 |8231k|  1 |1175 |   0 | 0.000000e+00 | 6.902407e+03 |    Inf |  64.14%
 time | node  | left  |LP iter|LP it/n|mem/heur|mdpt |vars |cons |rows |cuts |sepa|confs|strbr|  dualbound   | primalbound  |  gap   | compl. 
  850s|213000 |  7177 | 21498k| 100.9 |   573M |  41 | 290 |  78 |1204 |8235k|  4 |1175 |   0 | 0.000000e+00 | 6.902407e+03 |    Inf |  64.14%
  851s|213100 |  7173 | 21510k| 100.9 |   573M |  41 | 290 |  78 |1181 |8239k|  3 |1175 |   0 | 0.000000e+00 | 6.902407e+03 |    Inf |  64.14%
  851s|213200 |  7167 | 21521k| 100.9 |   573M |  41 | 290 |  78 |1232 |8243k|  3 |1176 |   0 | 0.000000e+00 | 6.902407e+03 |    Inf |  64.15%
  852s|213300 |  7165 | 21533k| 101.0 |   573M |  41 | 290 |  78 |1286 |8247k|  4 |1176 |   0 | 0.000000e+00 | 6.902407e+03 |    Inf |  64.16%
  852s|213400 |  7169 | 21542k| 100.9 |   573M |  41 | 290 |  78 | 977 |8251k|  2 |1178 |   0 | 0.000000e+00 | 6.902407e+03 |    Inf |  64.18%
  852s|213500 |  7167 | 21554k| 101.0 |   573M |  41 | 290 |  78 | 975 |8255k|  3 |1179 |   0 | 0.000000e+00 | 6.902407e+03 |    Inf |  64.20%
  853s|213600 |  7163 | 21564k| 101.0 |   573M |  41 | 290 |  78 |1314 |8259k|  2 |1179 |   0 | 0.000000e+00 | 6.902407e+03 |    Inf |  64.21%
  853s|213700 |  7171 | 21574k| 101.0 |   573M |  41 | 290 |  78 |1196 |8264k|  3 |1179 |   0 | 0.000000e+00 | 6.902407e+03 |    Inf |  64.23%
  854s|213800 |  7169 | 21584k| 101.0 |   573M |  41 | 290 |  78 |1060 |8268k|  1 |1180 |   0 | 0.000000e+00 | 6.902407e+03 |    Inf |  64.24%
  854s|213900 |  7161 | 21594k| 101.0 |   573M |  41 | 290 |  78 |1052 |8272k|  1 |1180 |   0 | 0.000000e+00 | 6.902407e+03 |    Inf |  64.27%
  854s|214000 |  7151 | 21602k| 100.9 |   573M |  41 | 290 |  78 |1016 |8275k|  1 |1181 |   0 | 0.000000e+00 | 6.902407e+03 |    Inf |  64.30%
  855s|214100 |  7167 | 21612k| 100.9 |   573M |  41 | 290 |  78 |1385 |8279k|  1 |1182 |   0 | 0.000000e+00 | 6.902407e+03 |    Inf |  64.31%
  855s|214200 |  7163 | 21622k| 100.9 |   573M |  41 | 290 |  78 |1318 |8283k|  3 |1183 |   0 | 0.000000e+00 | 6.902407e+03 |    Inf |  64.31%
  856s|214300 |  7157 | 21631k| 100.9 |   573M |  41 | 290 |  78 | 873 |8286k|  4 |1185 |   0 | 0.000000e+00 | 6.902407e+03 |    Inf |  64.31%
  856s|214400 |  7161 | 21642k| 100.9 |   573M |  41 | 290 |  78 |1158 |8290k|  4 |1188 |   0 | 0.000000e+00 | 6.902407e+03 |    Inf |  64.34%
 time | node  | left  |LP iter|LP it/n|mem/heur|mdpt |vars |cons |rows |cuts |sepa|confs|strbr|  dualbound   | primalbound  |  gap   | compl. 
  856s|214500 |  7165 | 21654k| 101.0 |   573M |  41 | 290 |  78 |1226 |8294k|  3 |1196 |   0 | 0.000000e+00 | 6.902407e+03 |    Inf |  64.34%
  857s|214600 |  7171 | 21664k| 101.0 |   573M |  41 | 290 |  78 |1198 |8297k|  3 |1199 |   0 | 0.000000e+00 | 6.902407e+03 |    Inf |  64.34%
  857s|214700 |  7159 | 21673k| 100.9 |   573M |  41 | 290 |  78 | 973 |8300k|  3 |1203 |   0 | 0.000000e+00 | 6.902407e+03 |    Inf |  64.35%
  858s|214800 |  7165 | 21682k| 100.9 |   573M |  41 | 290 |  78 |1089 |8304k|  3 |1203 |   0 | 0.000000e+00 | 6.902407e+03 |    Inf |  64.36%
  858s|214900 |  7157 | 21693k| 100.9 |   573M |  41 | 290 |  78 |   0 |8307k|  0 |1205 |   0 | 0.000000e+00 | 6.902407e+03 |    Inf |  64.36%
  858s|215000 |  7153 | 21702k| 100.9 |   573M |  41 | 290 |  78 | 963 |8311k|  3 |1207 |   0 | 0.000000e+00 | 6.902407e+03 |    Inf |  64.37%
  859s|215100 |  7159 | 21713k| 100.9 |   573M |  41 | 290 |  78 |1207 |8315k|  5 |1208 |   0 | 0.000000e+00 | 6.902407e+03 |    Inf |  64.39%
  859s|215200 |  7157 | 21724k| 100.9 |   573M |  41 | 290 |  78 |1000 |8319k|  4 |1210 |   0 | 0.000000e+00 | 6.902407e+03 |    Inf |  64.39%
  860s|215300 |  7163 | 21734k| 100.9 |   573M |  41 | 290 |  78 |1024 |8322k|  3 |1210 |   0 | 0.000000e+00 | 6.902407e+03 |    Inf |  64.39%
  860s|215400 |  7161 | 21748k| 101.0 |   573M |  41 | 290 |  78 |1145 |8327k|  3 |1210 |   0 | 0.000000e+00 | 6.902407e+03 |    Inf |  64.40%
  860s|215500 |  7171 | 21757k| 101.0 |   573M |  41 | 290 |  78 |1210 |8330k|  3 |1211 |   0 | 0.000000e+00 | 6.902407e+03 |    Inf |  64.40%
  861s|215600 |  7171 | 21767k| 101.0 |   573M |  41 | 290 |  78 | 947 |8334k|  2 |1211 |   0 | 0.000000e+00 | 6.902407e+03 |    Inf |  64.42%
  861s|215700 |  7183 | 21776k| 101.0 |   573M |  41 | 290 |  78 |1228 |8338k|  3 |1212 |   0 | 0.000000e+00 | 6.902407e+03 |    Inf |  64.44%
  862s|215800 |  7191 | 21784k| 100.9 |   573M |  41 | 290 |  78 |1226 |8341k|  3 |1213 |   0 | 0.000000e+00 | 6.902407e+03 |    Inf |  64.44%
  862s|215900 |  7185 | 21791k| 100.9 |   573M |  41 | 290 |  78 |1270 |8344k|  3 |1215 |   0 | 0.000000e+00 | 6.902407e+03 |    Inf |  64.44%
 time | node  | left  |LP iter|LP it/n|mem/heur|mdpt |vars |cons |rows |cuts |sepa|confs|strbr|  dualbound   | primalbound  |  gap   | compl. 
  862s|216000 |  7185 | 21801k| 100.9 |   573M |  41 | 290 |  78 |1134 |8348k|  2 |1215 |   0 | 0.000000e+00 | 6.902407e+03 |    Inf |  64.44%
  863s|216100 |  7183 | 21809k| 100.9 |   573M |  41 | 290 |  78 |1244 |8351k|  3 |1219 |   0 | 0.000000e+00 | 6.902407e+03 |    Inf |  64.44%
  863s|216200 |  7175 | 21817k| 100.9 |   573M |  41 | 290 |  78 |1171 |8354k|  3 |1220 |   0 | 0.000000e+00 | 6.902407e+03 |    Inf |  64.44%
  863s|216300 |  7169 | 21825k| 100.9 |   573M |  41 | 290 |  78 |1260 |8358k|  1 |1222 |   0 | 0.000000e+00 | 6.902407e+03 |    Inf |  64.47%
  864s|216400 |  7175 | 21833k| 100.9 |   573M |  41 | 290 |  78 |1262 |8361k|  3 |1222 |   0 | 0.000000e+00 | 6.902407e+03 |    Inf |  64.47%
  864s|216500 |  7171 | 21840k| 100.9 |   573M |  41 | 290 |  78 |1114 |8365k|  2 |1222 |   0 | 0.000000e+00 | 6.902407e+03 |    Inf |  64.48%
  864s|216600 |  7179 | 21854k| 100.9 |   573M |  41 | 290 |  78 |1108 |8369k|  3 |1222 |   0 | 0.000000e+00 | 6.902407e+03 |    Inf |  64.49%
  865s|216700 |  7177 | 21864k| 100.9 |   573M |  41 | 290 |  78 |1100 |8373k|  3 |1223 |   0 | 0.000000e+00 | 6.902407e+03 |    Inf |  64.51%
  865s|216800 |  7183 | 21874k| 100.9 |   573M |  41 | 290 |  78 |1260 |8376k|  4 |1225 |   0 | 0.000000e+00 | 6.902407e+03 |    Inf |  64.52%
  866s|216900 |  7179 | 21888k| 100.9 |   573M |  41 | 290 |  78 |1114 |8381k|  3 |1225 |   0 | 0.000000e+00 | 6.902407e+03 |    Inf |  64.52%
  866s|217000 |  7175 | 21897k| 100.9 |   573M |  41 | 290 |  78 |1237 |8384k|  1 |1225 |   0 | 0.000000e+00 | 6.902407e+03 |    Inf |  64.52%
  866s|217100 |  7169 | 21907k| 100.9 |   573M |  41 | 290 |  78 | 990 |8387k|  1 |1226 |   0 | 0.000000e+00 | 6.902407e+03 |    Inf |  64.56%
  867s|217200 |  7171 | 21915k| 100.9 |   573M |  41 | 290 |  78 |1152 |8391k|  1 |1227 |   0 | 0.000000e+00 | 6.902407e+03 |    Inf |  64.56%
  867s|217300 |  7175 | 21923k| 100.9 |   573M |  41 | 290 |  78 |1036 |8395k|  1 |1227 |   0 | 0.000000e+00 | 6.902407e+03 |    Inf |  64.58%
  867s|217400 |  7185 | 21930k| 100.9 |   573M |  41 | 290 |  78 | 972 |8398k|  3 |1227 |   0 | 0.000000e+00 | 6.902407e+03 |    Inf |  64.58%
 time | node  | left  |LP iter|LP it/n|mem/heur|mdpt |vars |cons |rows |cuts |sepa|confs|strbr|  dualbound   | primalbound  |  gap   | compl. 
  868s|217500 |  7203 | 21941k| 100.9 |   574M |  41 | 290 |  78 |1023 |8402k|  1 |1227 |   0 | 0.000000e+00 | 6.902407e+03 |    Inf |  64.58%
  868s|217600 |  7205 | 21951k| 100.9 |   575M |  41 | 290 |  78 |1106 |8406k|  1 |1229 |   0 | 0.000000e+00 | 6.902407e+03 |    Inf |  64.58%
  869s|217700 |  7203 | 21961k| 100.9 |   575M |  41 | 290 |  78 |1113 |8410k|  1 |1230 |   0 | 0.000000e+00 | 6.902407e+03 |    Inf |  64.60%
  869s|217800 |  7213 | 21972k| 100.9 |   578M |  41 | 290 |  78 |1135 |8414k|  4 |1231 |   0 | 0.000000e+00 | 6.902407e+03 |    Inf |  64.61%
  869s|217900 |  7215 | 21982k| 100.9 |   578M |  41 | 290 |  78 | 898 |8418k|  4 |1231 |   0 | 0.000000e+00 | 6.902407e+03 |    Inf |  64.62%
  870s|218000 |  7255 | 21992k| 100.9 |   581M |  41 | 290 |  78 | 840 |8422k|  3 |1231 |   0 | 0.000000e+00 | 6.902407e+03 |    Inf |  64.62%
  870s|218100 |  7289 | 22000k| 100.9 |   582M |  41 | 290 |  78 |1103 |8426k|  3 |1231 |   0 | 0.000000e+00 | 6.902407e+03 |    Inf |  64.62%
  870s|218200 |  7311 | 22008k| 100.9 |   582M |  41 | 290 |  78 | 952 |8429k|  3 |1231 |   0 | 0.000000e+00 | 6.902407e+03 |    Inf |  64.62%
  871s|218300 |  7349 | 22018k| 100.9 |   585M |  41 | 290 |  78 | 909 |8433k|  1 |1231 |   0 | 0.000000e+00 | 6.902407e+03 |    Inf |  64.62%
  871s|218400 |  7369 | 22026k| 100.9 |   585M |  41 | 290 |  78 |1004 |8437k|  3 |1231 |   0 | 0.000000e+00 | 6.902407e+03 |    Inf |  64.62%
  871s|218500 |  7395 | 22035k| 100.8 |   586M |  41 | 290 |  78 | 983 |8440k|  3 |1231 |   0 | 0.000000e+00 | 6.902407e+03 |    Inf |  64.62%
  872s|218600 |  7405 | 22044k| 100.8 |   587M |  41 | 290 |  78 | 972 |8444k|  2 |1231 |   0 | 0.000000e+00 | 6.902407e+03 |    Inf |  64.62%
  872s|218700 |  7415 | 22053k| 100.8 |   588M |  41 | 290 |  78 |1069 |8448k|  2 |1231 |   0 | 0.000000e+00 | 6.902407e+03 |    Inf |  64.62%
  872s|218800 |  7421 | 22062k| 100.8 |   588M |  41 | 290 |  78 | 929 |8451k|  2 |1231 |   0 | 0.000000e+00 | 6.902407e+03 |    Inf |  64.62%
  873s|218900 |  7415 | 22071k| 100.8 |   588M |  41 | 290 |  78 |1046 |8455k|  1 |1231 |   0 | 0.000000e+00 | 6.902407e+03 |    Inf |  64.62%
 time | node  | left  |LP iter|LP it/n|mem/heur|mdpt |vars |cons |rows |cuts |sepa|confs|strbr|  dualbound   | primalbound  |  gap   | compl. 
  873s|219000 |  7397 | 22081k| 100.8 |   588M |  41 | 290 |  78 | 991 |8458k|  2 |1231 |   0 | 0.000000e+00 | 6.902407e+03 |    Inf |  64.62%
  874s|219100 |  7385 | 22091k| 100.8 |   588M |  41 | 290 |  78 |1089 |8462k|  1 |1231 |   0 | 0.000000e+00 | 6.902407e+03 |    Inf |  64.62%
  874s|219200 |  7365 | 22102k| 100.8 |   588M |  41 | 290 |  78 |1069 |8465k|  2 |1231 |   0 | 0.000000e+00 | 6.902407e+03 |    Inf |  64.62%
  874s|219300 |  7369 | 22110k| 100.8 |   588M |  41 | 290 |  78 | 985 |8468k|  1 |1231 |   0 | 0.000000e+00 | 6.902407e+03 |    Inf |  64.62%
  875s|219400 |  7365 | 22120k| 100.8 |   588M |  41 | 290 |  78 | 957 |8471k|  1 |1231 |   0 | 0.000000e+00 | 6.902407e+03 |    Inf |  64.62%
  875s|219500 |  7365 | 22128k| 100.8 |   588M |  41 | 290 |  78 |1044 |8475k|  3 |1231 |   0 | 0.000000e+00 | 6.902407e+03 |    Inf |  64.62%
  875s|219600 |  7365 | 22138k| 100.8 |   588M |  41 | 290 |  78 |1084 |8478k|  0 |1233 |   0 | 0.000000e+00 | 6.902407e+03 |    Inf |  64.62%
  876s|219700 |  7355 | 22148k| 100.8 |   589M |  41 | 290 |  78 |1010 |8482k|  1 |1233 |   0 | 0.000000e+00 | 6.902407e+03 |    Inf |  64.63%
  876s|219800 |  7351 | 22157k| 100.8 |   589M |  41 | 290 |  78 |1103 |8485k|  1 |1233 |   0 | 0.000000e+00 | 6.902407e+03 |    Inf |  64.63%
  876s|219900 |  7355 | 22167k| 100.8 |   589M |  41 | 290 |  78 | 970 |8489k|  4 |1233 |   0 | 0.000000e+00 | 6.902407e+03 |    Inf |  64.63%
  877s|220000 |  7351 | 22177k| 100.8 |   589M |  41 | 290 |  78 |1051 |8492k|  3 |1233 |   0 | 0.000000e+00 | 6.902407e+03 |    Inf |  64.63%
  877s|220100 |  7349 | 22186k| 100.8 |   589M |  41 | 290 |  78 |1104 |8496k|  4 |1233 |   0 | 0.000000e+00 | 6.902407e+03 |    Inf |  64.63%
  877s|220200 |  7337 | 22194k| 100.8 |   589M |  41 | 290 |  78 |1065 |8499k|  2 |1233 |   0 | 0.000000e+00 | 6.902407e+03 |    Inf |  64.63%
  878s|220300 |  7327 | 22204k| 100.8 |   589M |  41 | 290 |  78 |1051 |8503k|  3 |1233 |   0 | 0.000000e+00 | 6.902407e+03 |    Inf |  64.63%
  878s|220400 |  7321 | 22213k| 100.8 |   589M |  41 | 290 |  78 |1124 |8506k|  2 |1233 |   0 | 0.000000e+00 | 6.902407e+03 |    Inf |  64.63%
 time | node  | left  |LP iter|LP it/n|mem/heur|mdpt |vars |cons |rows |cuts |sepa|confs|strbr|  dualbound   | primalbound  |  gap   | compl. 
  878s|220500 |  7319 | 22222k| 100.8 |   589M |  41 | 290 |  78 | 999 |8509k|  0 |1233 |   0 | 0.000000e+00 | 6.902407e+03 |    Inf |  64.63%
  879s|220600 |  7325 | 22232k| 100.8 |   589M |  41 | 290 |  78 |1089 |8513k|  1 |1233 |   0 | 0.000000e+00 | 6.902407e+03 |    Inf |  64.63%
  879s|220700 |  7323 | 22242k| 100.8 |   589M |  41 | 290 |  78 |1038 |8516k|  3 |1233 |   0 | 0.000000e+00 | 6.902407e+03 |    Inf |  64.63%
  880s|220800 |  7323 | 22251k| 100.8 |   589M |  41 | 290 |  78 | 979 |8520k|  1 |1233 |   0 | 0.000000e+00 | 6.902407e+03 |    Inf |  64.63%
  880s|220900 |  7319 | 22259k| 100.8 |   589M |  41 | 290 |  78 |1116 |8523k|  2 |1233 |   0 | 0.000000e+00 | 6.902407e+03 |    Inf |  64.63%
  880s|221000 |  7319 | 22268k| 100.8 |   590M |  41 | 290 |  78 | 870 |8526k|  3 |1233 |   0 | 0.000000e+00 | 6.902407e+03 |    Inf |  64.63%
  881s|221100 |  7317 | 22278k| 100.8 |   590M |  41 | 290 |  78 |1216 |8530k|  3 |1234 |   0 | 0.000000e+00 | 6.902407e+03 |    Inf |  64.64%
  881s|221200 |  7315 | 22287k| 100.8 |   590M |  41 | 290 |  78 |1086 |8534k|  4 |1234 |   0 | 0.000000e+00 | 6.902407e+03 |    Inf |  64.68%
  881s|221300 |  7311 | 22295k| 100.7 |   590M |  41 | 290 |  78 | 961 |8537k|  1 |1234 |   0 | 0.000000e+00 | 6.902407e+03 |    Inf |  64.70%
  882s|221400 |  7311 | 22301k| 100.7 |   590M |  41 | 290 |  78 |1008 |8540k|  3 |1234 |   0 | 0.000000e+00 | 6.902407e+03 |    Inf |  64.70%
  882s|221500 |  7299 | 22310k| 100.7 |   590M |  41 | 290 |  78 | 965 |8544k|  2 |1234 |   0 | 0.000000e+00 | 6.902407e+03 |    Inf |  64.72%
  882s|221600 |  7303 | 22322k| 100.7 |   590M |  41 | 290 |  78 |1103 |8548k|  3 |1234 |   0 | 0.000000e+00 | 6.902407e+03 |    Inf |  64.72%
  883s|221700 |  7313 | 22333k| 100.7 |   590M |  41 | 290 |  78 |1058 |8552k|  3 |1234 |   0 | 0.000000e+00 | 6.902407e+03 |    Inf |  64.72%
  883s|221800 |  7333 | 22344k| 100.7 |   590M |  41 | 290 |  78 |1118 |8555k|  2 |1234 |   0 | 0.000000e+00 | 6.902407e+03 |    Inf |  64.72%
  884s|221900 |  7341 | 22354k| 100.7 |   590M |  41 | 290 |  78 |1176 |8558k|  3 |1234 |   0 | 0.000000e+00 | 6.902407e+03 |    Inf |  64.72%
 time | node  | left  |LP iter|LP it/n|mem/heur|mdpt |vars |cons |rows |cuts |sepa|confs|strbr|  dualbound   | primalbound  |  gap   | compl. 
  884s|222000 |  7329 | 22364k| 100.7 |   590M |  41 | 290 |  78 |1183 |8562k|  2 |1234 |   0 | 0.000000e+00 | 6.902407e+03 |    Inf |  64.72%
  885s|222100 |  7347 | 22373k| 100.7 |   591M |  41 | 290 |  78 |1111 |8565k|  3 |1234 |   0 | 0.000000e+00 | 6.902407e+03 |    Inf |  64.72%
  885s|222200 |  7359 | 22384k| 100.7 |   593M |  41 | 290 |  78 |1217 |8569k|  3 |1234 |   0 | 0.000000e+00 | 6.902407e+03 |    Inf |  64.72%
  885s|222300 |  7343 | 22396k| 100.7 |   593M |  41 | 290 |  78 |1209 |8573k|  1 |1234 |   0 | 0.000000e+00 | 6.902407e+03 |    Inf |  64.72%
  886s|222400 |  7341 | 22407k| 100.8 |   593M |  41 | 290 |  78 |1261 |8576k|  2 |1234 |   0 | 0.000000e+00 | 6.902407e+03 |    Inf |  64.72%
  886s|222500 |  7343 | 22419k| 100.8 |   593M |  41 | 290 |  78 |1196 |8580k|  1 |1235 |   0 | 0.000000e+00 | 6.902407e+03 |    Inf |  64.72%
  887s|222600 |  7323 | 22431k| 100.8 |   593M |  41 | 290 |  78 |   0 |8583k|  0 |1235 |   0 | 0.000000e+00 | 6.902407e+03 |    Inf |  64.72%
  887s|222700 |  7315 | 22442k| 100.8 |   593M |  41 | 290 |  78 |1003 |8587k|  3 |1236 |   0 | 0.000000e+00 | 6.902407e+03 |    Inf |  64.73%
  888s|222800 |  7317 | 22453k| 100.8 |   593M |  41 | 290 |  78 |1112 |8591k|  1 |1236 |   0 | 0.000000e+00 | 6.902407e+03 |    Inf |  64.73%
  888s|222900 |  7339 | 22464k| 100.8 |   593M |  41 | 290 |  78 |1193 |8595k|  2 |1236 |   0 | 0.000000e+00 | 6.902407e+03 |    Inf |  64.73%
  888s|223000 |  7325 | 22476k| 100.8 |   593M |  41 | 290 |  78 |1255 |8599k|  3 |1236 |   0 | 0.000000e+00 | 6.902407e+03 |    Inf |  64.73%
  889s|223100 |  7317 | 22485k| 100.8 |   593M |  41 | 290 |  78 |1284 |8602k|  4 |1237 |   0 | 0.000000e+00 | 6.902407e+03 |    Inf |  64.73%
  889s|223200 |  7339 | 22494k| 100.8 |   593M |  41 | 290 |  78 |1014 |8606k|  4 |1237 |   0 | 0.000000e+00 | 6.902407e+03 |    Inf |  64.73%
  889s|223300 |  7339 | 22501k| 100.8 |   593M |  41 | 290 |  78 |1151 |8609k|  1 |1239 |   0 | 0.000000e+00 | 6.902407e+03 |    Inf |  64.73%
  890s|223400 |  7331 | 22508k| 100.8 |   593M |  41 | 290 |  78 |1127 |8612k|  1 |1239 |   0 | 0.000000e+00 | 6.902407e+03 |    Inf |  64.73%
 time | node  | left  |LP iter|LP it/n|mem/heur|mdpt |vars |cons |rows |cuts |sepa|confs|strbr|  dualbound   | primalbound  |  gap   | compl. 
  890s|223500 |  7325 | 22515k| 100.7 |   593M |  41 | 290 |  78 |1238 |8615k|  1 |1242 |   0 | 0.000000e+00 | 6.902407e+03 |    Inf |  64.73%
  891s|223600 |  7335 | 22529k| 100.8 |   593M |  41 | 290 |  78 |1106 |8619k|  3 |1243 |   0 | 0.000000e+00 | 6.902407e+03 |    Inf |  64.73%
  891s|223700 |  7329 | 22543k| 100.8 |   593M |  41 | 290 |  78 |1208 |8623k|  2 |1246 |   0 | 0.000000e+00 | 6.902407e+03 |    Inf |  64.73%
  891s|223800 |  7335 | 22553k| 100.8 |   593M |  41 | 290 |  78 |1243 |8627k|  3 |1247 |   0 | 0.000000e+00 | 6.902407e+03 |    Inf |  64.73%
  892s|223900 |  7331 | 22564k| 100.8 |   593M |  41 | 290 |  78 |1177 |8630k|  1 |1251 |   0 | 0.000000e+00 | 6.902407e+03 |    Inf |  64.73%
  892s|224000 |  7335 | 22573k| 100.8 |   593M |  41 | 290 |  78 |1230 |8634k|  3 |1252 |   0 | 0.000000e+00 | 6.902407e+03 |    Inf |  64.74%
  893s|224100 |  7325 | 22582k| 100.8 |   593M |  41 | 290 |  78 |1253 |8637k|  2 |1253 |   0 | 0.000000e+00 | 6.902407e+03 |    Inf |  64.74%
  893s|224200 |  7339 | 22594k| 100.8 |   593M |  41 | 290 |  78 |1140 |8641k|  1 |1253 |   0 | 0.000000e+00 | 6.902407e+03 |    Inf |  64.74%
  893s|224300 |  7349 | 22607k| 100.8 |   593M |  41 | 290 |  78 |1010 |8646k|  3 |1253 |   0 | 0.000000e+00 | 6.902407e+03 |    Inf |  64.74%
  894s|224400 |  7335 | 22619k| 100.8 |   593M |  41 | 290 |  78 |1016 |8650k|  1 |1253 |   0 | 0.000000e+00 | 6.902407e+03 |    Inf |  64.77%
  894s|224500 |  7349 | 22631k| 100.8 |   595M |  41 | 290 |  78 |1051 |8655k|  4 |1253 |   0 | 0.000000e+00 | 6.902407e+03 |    Inf |  64.80%
  895s|224600 |  7335 | 22642k| 100.8 |   595M |  41 | 290 |  78 |1093 |8659k|  3 |1253 |   0 | 0.000000e+00 | 6.902407e+03 |    Inf |  64.81%
  895s|224700 |  7347 | 22652k| 100.8 |   595M |  41 | 290 |  78 |1213 |8663k|  3 |1253 |   0 | 0.000000e+00 | 6.902407e+03 |    Inf |  64.81%
  896s|224800 |  7339 | 22661k| 100.8 |   595M |  41 | 290 |  78 |1218 |8667k|  1 |1254 |   0 | 0.000000e+00 | 6.902407e+03 |    Inf |  64.81%
  896s|224900 |  7347 | 22672k| 100.8 |   595M |  41 | 290 |  78 |1183 |8671k|  3 |1254 |   0 | 0.000000e+00 | 6.902407e+03 |    Inf |  64.82%
 time | node  | left  |LP iter|LP it/n|mem/heur|mdpt |vars |cons |rows |cuts |sepa|confs|strbr|  dualbound   | primalbound  |  gap   | compl. 
  896s|225000 |  7359 | 22680k| 100.8 |   595M |  41 | 290 |  78 |1422 |8674k|  1 |1256 |   0 | 0.000000e+00 | 6.902407e+03 |    Inf |  64.82%
  897s|225100 |  7357 | 22691k| 100.8 |   595M |  41 | 290 |  78 |1256 |8678k|  3 |1256 |   0 | 0.000000e+00 | 6.902407e+03 |    Inf |  64.82%
  897s|225200 |  7347 | 22699k| 100.8 |   595M |  41 | 290 |  78 |1346 |8681k|  1 |1257 |   0 | 0.000000e+00 | 6.902407e+03 |    Inf |  64.82%
  898s|225300 |  7343 | 22707k| 100.8 |   595M |  41 | 290 |  78 |1215 |8684k|  4 |1258 |   0 | 0.000000e+00 | 6.902407e+03 |    Inf |  64.82%
  898s|225400 |  7343 | 22715k| 100.8 |   595M |  41 | 290 |  78 |1306 |8688k|  1 |1259 |   0 | 0.000000e+00 | 6.902407e+03 |    Inf |  64.82%
  898s|225500 |  7353 | 22725k| 100.8 |   595M |  41 | 290 |  78 |1304 |8692k|  3 |1260 |   0 | 0.000000e+00 | 6.902407e+03 |    Inf |  64.82%
  899s|225600 |  7347 | 22735k| 100.8 |   595M |  41 | 290 |  78 |1400 |8695k|  3 |1261 |   0 | 0.000000e+00 | 6.902407e+03 |    Inf |  64.82%
  899s|225700 |  7341 | 22744k| 100.8 |   595M |  41 | 290 |  78 |1376 |8699k|  0 |1262 |   0 | 0.000000e+00 | 6.902407e+03 |    Inf |  64.82%
  899s|225800 |  7329 | 22754k| 100.8 |   595M |  41 | 290 |  78 | 982 |8703k|  1 |1262 |   0 | 0.000000e+00 | 6.902407e+03 |    Inf |  64.85%
  900s|225900 |  7335 | 22765k| 100.8 |   595M |  41 | 290 |  78 | 923 |8707k|  3 |1262 |   0 | 0.000000e+00 | 6.902407e+03 |    Inf |  64.86%
  900s|226000 |  7349 | 22775k| 100.8 |   595M |  41 | 290 |  78 |1161 |8711k|  2 |1262 |   0 | 0.000000e+00 | 6.902407e+03 |    Inf |  64.86%
  901s|226100 |  7335 | 22788k| 100.8 |   595M |  41 | 290 |  78 |1175 |8716k|  3 |1263 |   0 | 0.000000e+00 | 6.902407e+03 |    Inf |  64.86%
  901s|226200 |  7333 | 22796k| 100.8 |   595M |  41 | 290 |  78 |1137 |8719k|  2 |1263 |   0 | 0.000000e+00 | 6.902407e+03 |    Inf |  64.86%
  902s|226300 |  7331 | 22808k| 100.8 |   595M |  41 | 290 |  78 |1255 |8723k|  3 |1263 |   0 | 0.000000e+00 | 6.902407e+03 |    Inf |  64.87%
  902s|226400 |  7333 | 22818k| 100.8 |   595M |  41 | 290 |  78 |1212 |8727k|  2 |1263 |   0 | 0.000000e+00 | 6.902407e+03 |    Inf |  64.87%
 time | node  | left  |LP iter|LP it/n|mem/heur|mdpt |vars |cons |rows |cuts |sepa|confs|strbr|  dualbound   | primalbound  |  gap   | compl. 
  902s|226500 |  7327 | 22829k| 100.8 |   595M |  41 | 290 |  78 |1154 |8731k|  1 |1264 |   0 | 0.000000e+00 | 6.902407e+03 |    Inf |  64.88%
  903s|226600 |  7333 | 22837k| 100.8 |   595M |  41 | 290 |  78 |1074 |8735k|  3 |1264 |   0 | 0.000000e+00 | 6.902407e+03 |    Inf |  64.94%
  903s|226700 |  7335 | 22846k| 100.8 |   595M |  41 | 290 |  78 |1104 |8739k|  1 |1264 |   0 | 0.000000e+00 | 6.902407e+03 |    Inf |  64.94%
  903s|226800 |  7335 | 22855k| 100.8 |   595M |  41 | 290 |  78 | 649 |8742k|  3 |1265 |   0 | 0.000000e+00 | 6.902407e+03 |    Inf |  64.95%
  904s|226900 |  7343 | 22865k| 100.8 |   596M |  41 | 290 |  78 |1248 |8746k|  1 |1266 |   0 | 0.000000e+00 | 6.902407e+03 |    Inf |  64.96%
  904s|227000 |  7339 | 22873k| 100.8 |   596M |  41 | 290 |  78 |1280 |8750k|  3 |1268 |   0 | 0.000000e+00 | 6.902407e+03 |    Inf |  64.96%
  905s|227100 |  7363 | 22881k| 100.8 |   596M |  41 | 290 |  78 |1277 |8753k|  2 |1270 |   0 | 0.000000e+00 | 6.902407e+03 |    Inf |  64.96%
  905s|227200 |  7379 | 22889k| 100.7 |   597M |  41 | 290 |  78 |1230 |8757k|  3 |1271 |   0 | 0.000000e+00 | 6.902407e+03 |    Inf |  64.96%
  905s|227300 |  7365 | 22897k| 100.7 |   597M |  41 | 290 |  78 |1310 |8760k|  2 |1274 |   0 | 0.000000e+00 | 6.902407e+03 |    Inf |  64.97%
  906s|227400 |  7359 | 22906k| 100.7 |   597M |  41 | 290 |  78 |1228 |8764k|  2 |1275 |   0 | 0.000000e+00 | 6.902407e+03 |    Inf |  64.97%
  906s|227500 |  7355 | 22914k| 100.7 |   597M |  41 | 290 |  78 |1166 |8768k|  0 |1278 |   0 | 0.000000e+00 | 6.902407e+03 |    Inf |  64.97%
  906s|227600 |  7357 | 22921k| 100.7 |   597M |  41 | 290 |  78 |1296 |8771k|  1 |1283 |   0 | 0.000000e+00 | 6.902407e+03 |    Inf |  64.97%
  907s|227700 |  7359 | 22927k| 100.7 |   597M |  41 | 290 |  78 |1224 |8774k|  2 |1283 |   0 | 0.000000e+00 | 6.902407e+03 |    Inf |  64.97%
  907s|227800 |  7363 | 22935k| 100.7 |   597M |  41 | 290 |  78 |1279 |8777k|  2 |1285 |   0 | 0.000000e+00 | 6.902407e+03 |    Inf |  64.97%
  907s|227900 |  7359 | 22943k| 100.7 |   597M |  41 | 290 |  78 |1237 |8781k|  1 |1289 |   0 | 0.000000e+00 | 6.902407e+03 |    Inf |  64.97%
 time | node  | left  |LP iter|LP it/n|mem/heur|mdpt |vars |cons |rows |cuts |sepa|confs|strbr|  dualbound   | primalbound  |  gap   | compl. 
  908s|228000 |  7355 | 22952k| 100.7 |   597M |  41 | 290 |  78 |1213 |8784k|  4 |1290 |   0 | 0.000000e+00 | 6.902407e+03 |    Inf |  64.97%
  908s|228100 |  7343 | 22962k| 100.7 |   597M |  41 | 290 |  78 | 895 |8787k|  4 |1291 |   0 | 0.000000e+00 | 6.902407e+03 |    Inf |  65.00%
  908s|228200 |  7349 | 22969k| 100.7 |   597M |  41 | 290 |  78 |1136 |8791k|  3 |1291 |   0 | 0.000000e+00 | 6.902407e+03 |    Inf |  65.01%
  909s|228300 |  7337 | 22979k| 100.7 |   597M |  41 | 290 |  78 |1018 |8795k|  2 |1291 |   0 | 0.000000e+00 | 6.902407e+03 |    Inf |  65.02%
  909s|228400 |  7333 | 22989k| 100.7 |   597M |  41 | 290 |  78 |1194 |8799k|  1 |1292 |   0 | 0.000000e+00 | 6.902407e+03 |    Inf |  65.04%
  910s|228500 |  7327 | 23002k| 100.7 |   597M |  41 | 290 |  78 |1029 |8803k|  4 |1292 |   0 | 0.000000e+00 | 6.902407e+03 |    Inf |  65.04%
  910s|228600 |  7333 | 23011k| 100.7 |   597M |  41 | 290 |  78 |1258 |8807k|  3 |1294 |   0 | 0.000000e+00 | 6.902407e+03 |    Inf |  65.06%
  911s|228700 |  7331 | 23019k| 100.7 |   597M |  41 | 290 |  78 |1158 |8811k|  2 |1297 |   0 | 0.000000e+00 | 6.902407e+03 |    Inf |  65.07%
  911s|228800 |  7339 | 23030k| 100.7 |   597M |  41 | 290 |  78 | 995 |8815k|  1 |1298 |   0 | 0.000000e+00 | 6.902407e+03 |    Inf |  65.08%
  911s|228900 |  7345 | 23040k| 100.7 |   597M |  41 | 290 |  78 |1225 |8819k|  1 |1298 |   0 | 0.000000e+00 | 6.902407e+03 |    Inf |  65.08%
  912s|229000 |  7335 | 23049k| 100.7 |   597M |  41 | 290 |  78 |1080 |8822k|  1 |1298 |   0 | 0.000000e+00 | 6.902407e+03 |    Inf |  65.10%
  912s|229100 |  7339 | 23057k| 100.6 |   597M |  41 | 290 |  78 | 926 |8826k|  3 |1299 |   0 | 0.000000e+00 | 6.902407e+03 |    Inf |  65.11%
  913s|229200 |  7337 | 23068k| 100.6 |   597M |  41 | 290 |  78 |1336 |8830k|  3 |1299 |   0 | 0.000000e+00 | 6.902407e+03 |    Inf |  65.11%
  913s|229300 |  7333 | 23079k| 100.6 |   597M |  41 | 290 |  78 |1148 |8834k|  3 |1300 |   0 | 0.000000e+00 | 6.902407e+03 |    Inf |  65.13%
  913s|229400 |  7337 | 23088k| 100.6 |   597M |  41 | 290 |  78 |1064 |8837k|  3 |1300 |   0 | 0.000000e+00 | 6.902407e+03 |    Inf |  65.14%
 time | node  | left  |LP iter|LP it/n|mem/heur|mdpt |vars |cons |rows |cuts |sepa|confs|strbr|  dualbound   | primalbound  |  gap   | compl. 
  914s|229500 |  7333 | 23099k| 100.6 |   597M |  41 | 290 |  78 |1285 |8841k|  4 |1300 |   0 | 0.000000e+00 | 6.902407e+03 |    Inf |  65.14%
  914s|229600 |  7335 | 23107k| 100.6 |   597M |  41 | 290 |  78 |1167 |8845k|  1 |1300 |   0 | 0.000000e+00 | 6.902407e+03 |    Inf |  65.16%
  914s|229700 |  7347 | 23117k| 100.6 |   597M |  41 | 290 |  78 |1239 |8849k|  3 |1300 |   0 | 0.000000e+00 | 6.902407e+03 |    Inf |  65.16%
  915s|229800 |  7339 | 23125k| 100.6 |   597M |  41 | 290 |  78 |1146 |8852k|  2 |1303 |   0 | 0.000000e+00 | 6.902407e+03 |    Inf |  65.16%
  915s|229900 |  7337 | 23134k| 100.6 |   597M |  41 | 290 |  78 |1163 |8856k|  2 |1303 |   0 | 0.000000e+00 | 6.902407e+03 |    Inf |  65.16%
  916s|230000 |  7337 | 23145k| 100.6 |   597M |  41 | 290 |  78 |1250 |8860k|  1 |1307 |   0 | 0.000000e+00 | 6.902407e+03 |    Inf |  65.16%
  916s|230100 |  7349 | 23157k| 100.6 |   597M |  41 | 290 |  78 |1171 |8865k|  2 |1307 |   0 | 0.000000e+00 | 6.902407e+03 |    Inf |  65.16%
  916s|230200 |  7337 | 23168k| 100.6 |   597M |  41 | 290 |  78 |1189 |8869k|  3 |1307 |   0 | 0.000000e+00 | 6.902407e+03 |    Inf |  65.16%
  917s|230300 |  7341 | 23177k| 100.6 |   597M |  41 | 290 |  78 |1070 |8873k|  3 |1308 |   0 | 0.000000e+00 | 6.902407e+03 |    Inf |  65.17%
  917s|230400 |  7349 | 23187k| 100.6 |   597M |  41 | 290 |  78 |1037 |8877k|  3 |1308 |   0 | 0.000000e+00 | 6.902407e+03 |    Inf |  65.18%
  918s|230500 |  7367 | 23199k| 100.6 |   599M |  41 | 290 |  78 | 963 |8882k|  5 |1308 |   0 | 0.000000e+00 | 6.902407e+03 |    Inf |  65.18%
  918s|230600 |  7375 | 23210k| 100.7 |   599M |  41 | 290 |  78 |1210 |8887k|  2 |1308 |   0 | 0.000000e+00 | 6.902407e+03 |    Inf |  65.18%
  919s|230700 |  7373 | 23220k| 100.7 |   599M |  41 | 290 |  78 |1244 |8890k|  4 |1308 |   0 | 0.000000e+00 | 6.902407e+03 |    Inf |  65.18%
  919s|230800 |  7361 | 23231k| 100.7 |   599M |  41 | 290 |  78 |1258 |8894k|  2 |1308 |   0 | 0.000000e+00 | 6.902407e+03 |    Inf |  65.18%
  919s|230900 |  7367 | 23242k| 100.7 |   599M |  41 | 290 |  78 |1188 |8898k|  1 |1309 |   0 | 0.000000e+00 | 6.902407e+03 |    Inf |  65.18%
 time | node  | left  |LP iter|LP it/n|mem/heur|mdpt |vars |cons |rows |cuts |sepa|confs|strbr|  dualbound   | primalbound  |  gap   | compl. 
  920s|231000 |  7351 | 23253k| 100.7 |   599M |  41 | 290 |  78 |1286 |8902k|  2 |1309 |   0 | 0.000000e+00 | 6.902407e+03 |    Inf |  65.18%
  920s|231100 |  7347 | 23263k| 100.7 |   599M |  41 | 290 |  78 |1184 |8906k|  4 |1309 |   0 | 0.000000e+00 | 6.902407e+03 |    Inf |  65.18%
  921s|231200 |  7355 | 23273k| 100.7 |   599M |  41 | 290 |  78 |1075 |8910k|  0 |1310 |   0 | 0.000000e+00 | 6.902407e+03 |    Inf |  65.19%
  921s|231300 |  7361 | 23282k| 100.7 |   599M |  41 | 290 |  78 |1097 |8913k|  3 |1310 |   0 | 0.000000e+00 | 6.902407e+03 |    Inf |  65.19%
  921s|231400 |  7347 | 23289k| 100.6 |   599M |  41 | 290 |  78 |1116 |8917k|  3 |1310 |   0 | 0.000000e+00 | 6.902407e+03 |    Inf |  65.19%
  922s|231500 |  7349 | 23298k| 100.6 |   599M |  41 | 290 |  78 |1076 |8920k|  1 |1311 |   0 | 0.000000e+00 | 6.902407e+03 |    Inf |  65.19%
  922s|231600 |  7359 | 23306k| 100.6 |   599M |  41 | 290 |  78 |1087 |8924k|  1 |1312 |   0 | 0.000000e+00 | 6.902407e+03 |    Inf |  65.19%
  922s|231700 |  7355 | 23314k| 100.6 |   599M |  41 | 290 |  78 |1008 |8928k|  2 |1312 |   0 | 0.000000e+00 | 6.902407e+03 |    Inf |  65.19%
  923s|231800 |  7349 | 23324k| 100.6 |   599M |  41 | 290 |  78 |1067 |8932k|  1 |1316 |   0 | 0.000000e+00 | 6.902407e+03 |    Inf |  65.20%
  923s|231900 |  7337 | 23333k| 100.6 |   599M |  41 | 290 |  78 | 885 |8935k|  2 |1316 |   0 | 0.000000e+00 | 6.902407e+03 |    Inf |  65.25%
  923s|232000 |  7351 | 23344k| 100.6 |   599M |  41 | 290 |  78 |1102 |8939k|  2 |1317 |   0 | 0.000000e+00 | 6.902407e+03 |    Inf |  65.25%
  924s|232100 |  7351 | 23352k| 100.6 |   599M |  41 | 290 |  78 |1112 |8943k|  2 |1317 |   0 | 0.000000e+00 | 6.902407e+03 |    Inf |  65.25%
  924s|232200 |  7341 | 23362k| 100.6 |   599M |  41 | 290 |  78 |1230 |8946k|  1 |1319 |   0 | 0.000000e+00 | 6.902407e+03 |    Inf |  65.25%
  925s|232300 |  7337 | 23372k| 100.6 |   599M |  41 | 290 |  78 | 960 |8950k|  2 |1322 |   0 | 0.000000e+00 | 6.902407e+03 |    Inf |  65.27%
  925s|232400 |  7339 | 23383k| 100.6 |   599M |  41 | 290 |  78 |1073 |8954k|  3 |1322 |   0 | 0.000000e+00 | 6.902407e+03 |    Inf |  65.29%
 time | node  | left  |LP iter|LP it/n|mem/heur|mdpt |vars |cons |rows |cuts |sepa|confs|strbr|  dualbound   | primalbound  |  gap   | compl. 
  925s|232500 |  7343 | 23394k| 100.6 |   599M |  41 | 290 |  78 |1117 |8958k|  1 |1322 |   0 | 0.000000e+00 | 6.902407e+03 |    Inf |  65.30%
  926s|232600 |  7347 | 23404k| 100.6 |   599M |  41 | 290 |  78 | 981 |8961k|  3 |1322 |   0 | 0.000000e+00 | 6.902407e+03 |    Inf |  65.31%
  926s|232700 |  7345 | 23414k| 100.6 |   599M |  41 | 290 |  78 |1063 |8965k|  1 |1322 |   0 | 0.000000e+00 | 6.902407e+03 |    Inf |  65.32%
  926s|232800 |  7337 | 23424k| 100.6 |   599M |  41 | 290 |  78 |1241 |8968k|  3 |1323 |   0 | 0.000000e+00 | 6.902407e+03 |    Inf |  65.36%
  927s|232900 |  7337 | 23432k| 100.6 |   599M |  41 | 290 |  78 |1112 |8973k|  3 |1324 |   0 | 0.000000e+00 | 6.902407e+03 |    Inf |  65.36%
  927s|233000 |  7337 | 23445k| 100.6 |   599M |  41 | 290 |  78 |1170 |8977k|  4 |1324 |   0 | 0.000000e+00 | 6.902407e+03 |    Inf |  65.38%
  928s|233100 |  7325 | 23461k| 100.6 |   599M |  41 | 290 |  78 |1126 |8982k|  3 |1324 |   0 | 0.000000e+00 | 6.902407e+03 |    Inf |  65.39%
  928s|233200 |  7331 | 23471k| 100.6 |   599M |  41 | 290 |  78 |1144 |8986k|  1 |1325 |   0 | 0.000000e+00 | 6.902407e+03 |    Inf |  65.39%
  928s|233300 |  7319 | 23480k| 100.6 |   599M |  41 | 290 |  78 |1144 |8990k|  4 |1326 |   0 | 0.000000e+00 | 6.902407e+03 |    Inf |  65.49%
  929s|233400 |  7313 | 23488k| 100.6 |   599M |  41 | 290 |  78 | 926 |8993k|  1 |1326 |   0 | 0.000000e+00 | 6.902407e+03 |    Inf |  65.51%
  929s|233500 |  7329 | 23498k| 100.6 |   599M |  41 | 290 |  78 | 865 |8998k|  4 |1327 |   0 | 0.000000e+00 | 6.902407e+03 |    Inf |  65.54%
  930s|233600 |  7329 | 23507k| 100.6 |   599M |  41 | 290 |  78 | 908 |9001k|  1 |1327 |   0 | 0.000000e+00 | 6.902407e+03 |    Inf |  65.54%
  930s|233700 |  7327 | 23518k| 100.6 |   599M |  41 | 290 |  78 | 892 |9005k|  1 |1327 |   0 | 0.000000e+00 | 6.902407e+03 |    Inf |  65.54%
  930s|233800 |  7335 | 23527k| 100.6 |   599M |  41 | 290 |  78 | 953 |9009k|  3 |1327 |   0 | 0.000000e+00 | 6.902407e+03 |    Inf |  65.54%
  931s|233900 |  7329 | 23536k| 100.6 |   599M |  41 | 290 |  78 |1089 |9012k|  4 |1327 |   0 | 0.000000e+00 | 6.902407e+03 |    Inf |  65.56%
 time | node  | left  |LP iter|LP it/n|mem/heur|mdpt |vars |cons |rows |cuts |sepa|confs|strbr|  dualbound   | primalbound  |  gap   | compl. 
  931s|234000 |  7339 | 23550k| 100.6 |   599M |  41 | 290 |  78 |   0 |9017k|  0 |1327 |   0 | 0.000000e+00 | 6.902407e+03 |    Inf |  65.56%
  932s|234100 |  7329 | 23562k| 100.7 |   599M |  41 | 290 |  78 |1126 |9022k|  4 |1328 |   0 | 0.000000e+00 | 6.902407e+03 |    Inf |  65.56%
  932s|234200 |  7337 | 23572k| 100.6 |   599M |  41 | 290 |  78 |1063 |9026k|  3 |1328 |   0 | 0.000000e+00 | 6.902407e+03 |    Inf |  65.59%
  932s|234300 |  7369 | 23580k| 100.6 |   601M |  41 | 290 |  78 |1124 |9030k|  1 |1329 |   0 | 0.000000e+00 | 6.902407e+03 |    Inf |  65.59%
  933s|234400 |  7389 | 23587k| 100.6 |   602M |  41 | 290 |  78 |1134 |9033k|  1 |1329 |   0 | 0.000000e+00 | 6.902407e+03 |    Inf |  65.59%
  933s|234500 |  7385 | 23594k| 100.6 |   602M |  41 | 290 |  78 |1204 |9037k|  1 |1330 |   0 | 0.000000e+00 | 6.902407e+03 |    Inf |  65.59%
  933s|234600 |  7381 | 23602k| 100.6 |   602M |  41 | 290 |  78 |1331 |9040k|  3 |1332 |   0 | 0.000000e+00 | 6.902407e+03 |    Inf |  65.59%
  934s|234700 |  7367 | 23609k| 100.6 |   602M |  41 | 290 |  78 |1261 |9044k|  3 |1333 |   0 | 0.000000e+00 | 6.902407e+03 |    Inf |  65.59%
  934s|234800 |  7349 | 23617k| 100.6 |   602M |  41 | 290 |  78 |1300 |9047k|  2 |1337 |   0 | 0.000000e+00 | 6.902407e+03 |    Inf |  65.59%
  934s|234900 |  7351 | 23624k| 100.6 |   602M |  41 | 290 |  78 |1065 |9050k|  3 |1338 |   0 | 0.000000e+00 | 6.902407e+03 |    Inf |  65.59%
  935s|235000 |  7347 | 23629k| 100.6 |   602M |  41 | 290 |  78 |1345 |9053k|  3 |1340 |   0 | 0.000000e+00 | 6.902407e+03 |    Inf |  65.59%
  935s|235100 |  7347 | 23638k| 100.5 |   602M |  41 | 290 |  78 | 982 |9057k|  4 |1340 |   0 | 0.000000e+00 | 6.902407e+03 |    Inf |  65.59%
  935s|235200 |  7351 | 23647k| 100.5 |   602M |  41 | 290 |  78 |1205 |9061k|  2 |1341 |   0 | 0.000000e+00 | 6.902407e+03 |    Inf |  65.59%
  936s|235300 |  7347 | 23655k| 100.5 |   602M |  41 | 290 |  78 |1130 |9064k|  4 |1344 |   0 | 0.000000e+00 | 6.902407e+03 |    Inf |  65.59%
  936s|235400 |  7345 | 23666k| 100.5 |   602M |  41 | 290 |  78 |1176 |9069k|  4 |1346 |   0 | 0.000000e+00 | 6.902407e+03 |    Inf |  65.60%
 time | node  | left  |LP iter|LP it/n|mem/heur|mdpt |vars |cons |rows |cuts |sepa|confs|strbr|  dualbound   | primalbound  |  gap   | compl. 
  937s|235500 |  7349 | 23672k| 100.5 |   602M |  41 | 290 |  78 |1166 |9072k|  4 |1348 |   0 | 0.000000e+00 | 6.902407e+03 |    Inf |  65.60%
  937s|235600 |  7355 | 23680k| 100.5 |   602M |  41 | 290 |  78 |1308 |9076k|  2 |1352 |   0 | 0.000000e+00 | 6.902407e+03 |    Inf |  65.60%
  937s|235700 |  7347 | 23688k| 100.5 |   602M |  41 | 290 |  78 |1308 |9079k|  1 |1354 |   0 | 0.000000e+00 | 6.902407e+03 |    Inf |  65.60%
  938s|235800 |  7345 | 23698k| 100.5 |   602M |  41 | 290 |  78 |1068 |9083k|  3 |1355 |   0 | 0.000000e+00 | 6.902407e+03 |    Inf |  65.60%
  938s|235900 |  7347 | 23710k| 100.5 |   602M |  41 | 290 |  78 | 924 |9088k|  4 |1355 |   0 | 0.000000e+00 | 6.902407e+03 |    Inf |  65.62%
  938s|236000 |  7367 | 23722k| 100.5 |   602M |  41 | 290 |  78 |1050 |9091k|  3 |1355 |   0 | 0.000000e+00 | 6.902407e+03 |    Inf |  65.62%
  939s|236100 |  7359 | 23734k| 100.5 |   603M |  41 | 290 |  78 |1108 |9095k|  3 |1355 |   0 | 0.000000e+00 | 6.902407e+03 |    Inf |  65.63%
  939s|236200 |  7349 | 23745k| 100.5 |   603M |  41 | 290 |  78 |1020 |9099k|  3 |1355 |   0 | 0.000000e+00 | 6.902407e+03 |    Inf |  65.64%
  940s|236300 |  7357 | 23754k| 100.5 |   603M |  41 | 290 |  78 |1154 |9103k|  3 |1355 |   0 | 0.000000e+00 | 6.902407e+03 |    Inf |  65.65%
  940s|236400 |  7357 | 23767k| 100.5 |   604M |  41 | 290 |  78 |1064 |9107k|  3 |1356 |   0 | 0.000000e+00 | 6.902407e+03 |    Inf |  65.65%
  940s|236500 |  7351 | 23776k| 100.5 |   604M |  41 | 290 |  78 |1179 |9111k|  1 |1356 |   0 | 0.000000e+00 | 6.902407e+03 |    Inf |  65.66%
  941s|236600 |  7355 | 23787k| 100.5 |   604M |  41 | 290 |  78 |1183 |9114k|  1 |1357 |   0 | 0.000000e+00 | 6.902407e+03 |    Inf |  65.67%
  941s|236700 |  7349 | 23798k| 100.5 |   604M |  41 | 290 |  78 |1241 |9119k|  2 |1358 |   0 | 0.000000e+00 | 6.902407e+03 |    Inf |  65.68%
  942s|236800 |  7361 | 23809k| 100.5 |   604M |  41 | 290 |  78 |1192 |9123k|  3 |1359 |   0 | 0.000000e+00 | 6.902407e+03 |    Inf |  65.68%
  942s|236900 |  7365 | 23819k| 100.5 |   604M |  41 | 290 |  78 |1010 |9126k|  2 |1360 |   0 | 0.000000e+00 | 6.902407e+03 |    Inf |  65.68%
 time | node  | left  |LP iter|LP it/n|mem/heur|mdpt |vars |cons |rows |cuts |sepa|confs|strbr|  dualbound   | primalbound  |  gap   | compl. 
  942s|237000 |  7359 | 23828k| 100.5 |   604M |  41 | 290 |  78 |1096 |9130k|  4 |1360 |   0 | 0.000000e+00 | 6.902407e+03 |    Inf |  65.68%
  943s|237100 |  7355 | 23837k| 100.5 |   604M |  41 | 290 |  78 |1065 |9133k|  1 |1360 |   0 | 0.000000e+00 | 6.902407e+03 |    Inf |  65.69%
  943s|237200 |  7363 | 23846k| 100.5 |   604M |  41 | 290 |  78 |1190 |9137k|  3 |1360 |   0 | 0.000000e+00 | 6.902407e+03 |    Inf |  65.69%
  943s|237300 |  7363 | 23856k| 100.5 |   604M |  41 | 290 |  78 |   0 |9141k|  0 |1362 |   0 | 0.000000e+00 | 6.902407e+03 |    Inf |  65.70%
  944s|237400 |  7363 | 23866k| 100.5 |   604M |  41 | 290 |  78 |1189 |9145k|  1 |1363 |   0 | 0.000000e+00 | 6.902407e+03 |    Inf |  65.71%
  944s|237500 |  7373 | 23873k| 100.5 |   604M |  41 | 290 |  78 |1084 |9149k|  2 |1363 |   0 | 0.000000e+00 | 6.902407e+03 |    Inf |  65.71%
  945s|237600 |  7373 | 23884k| 100.5 |   604M |  41 | 290 |  78 |1187 |9153k|  2 |1363 |   0 | 0.000000e+00 | 6.902407e+03 |    Inf |  65.71%
  945s|237700 |  7367 | 23895k| 100.5 |   604M |  41 | 290 |  78 |1184 |9157k|  1 |1363 |   0 | 0.000000e+00 | 6.902407e+03 |    Inf |  65.71%
  945s|237800 |  7363 | 23905k| 100.5 |   604M |  41 | 290 |  78 |1168 |9161k|  3 |1363 |   0 | 0.000000e+00 | 6.902407e+03 |    Inf |  65.71%
  946s|237900 |  7359 | 23916k| 100.5 |   604M |  41 | 290 |  78 |1133 |9164k|  1 |1363 |   0 | 0.000000e+00 | 6.902407e+03 |    Inf |  65.71%
  946s|238000 |  7355 | 23927k| 100.5 |   604M |  41 | 290 |  78 |1005 |9168k|  1 |1366 |   0 | 0.000000e+00 | 6.902407e+03 |    Inf |  65.73%
  947s|238100 |  7351 | 23937k| 100.5 |   604M |  41 | 290 |  78 |1048 |9173k|  3 |1366 |   0 | 0.000000e+00 | 6.902407e+03 |    Inf |  65.75%
  947s|238200 |  7353 | 23945k| 100.5 |   604M |  41 | 290 |  78 |1038 |9177k|  3 |1366 |   0 | 0.000000e+00 | 6.902407e+03 |    Inf |  65.75%
  947s|238300 |  7355 | 23955k| 100.5 |   604M |  41 | 290 |  78 |1105 |9181k|  1 |1366 |   0 | 0.000000e+00 | 6.902407e+03 |    Inf |  65.77%
  948s|238400 |  7361 | 23965k| 100.5 |   604M |  41 | 290 |  78 |1240 |9184k|  1 |1366 |   0 | 0.000000e+00 | 6.902407e+03 |    Inf |  65.77%
 time | node  | left  |LP iter|LP it/n|mem/heur|mdpt |vars |cons |rows |cuts |sepa|confs|strbr|  dualbound   | primalbound  |  gap   | compl. 
  948s|238500 |  7357 | 23975k| 100.5 |   604M |  41 | 290 |  78 |1155 |9188k|  4 |1366 |   0 | 0.000000e+00 | 6.902407e+03 |    Inf |  65.77%
  949s|238600 |  7349 | 23986k| 100.5 |   604M |  41 | 290 |  78 | 946 |9192k|  2 |1366 |   0 | 0.000000e+00 | 6.902407e+03 |    Inf |  65.77%
  949s|238700 |  7349 | 23997k| 100.5 |   604M |  41 | 290 |  78 |1077 |9196k|  2 |1366 |   0 | 0.000000e+00 | 6.902407e+03 |    Inf |  65.79%
  949s|238800 |  7353 | 24008k| 100.5 |   604M |  41 | 290 |  78 |1012 |9200k|  1 |1367 |   0 | 0.000000e+00 | 6.902407e+03 |    Inf |  65.79%
  950s|238900 |  7361 | 24018k| 100.5 |   604M |  41 | 290 |  78 |1135 |9203k|  3 |1367 |   0 | 0.000000e+00 | 6.902407e+03 |    Inf |  65.79%
  950s|239000 |  7369 | 24028k| 100.5 |   604M |  41 | 290 |  78 | 998 |9207k|  1 |1367 |   0 | 0.000000e+00 | 6.902407e+03 |    Inf |  65.79%
  951s|239100 |  7353 | 24042k| 100.6 |   604M |  41 | 290 |  78 |1215 |9211k|  4 |1367 |   0 | 0.000000e+00 | 6.902407e+03 |    Inf |  65.79%
  951s|239200 |  7341 | 24053k| 100.6 |   604M |  41 | 290 |  78 |1130 |9214k|  3 |1367 |   0 | 0.000000e+00 | 6.902407e+03 |    Inf |  65.81%
  951s|239300 |  7339 | 24064k| 100.6 |   604M |  41 | 290 |  78 |1193 |9218k|  3 |1368 |   0 | 0.000000e+00 | 6.902407e+03 |    Inf |  65.83%
  952s|239400 |  7337 | 24075k| 100.6 |   604M |  41 | 290 |  78 |1185 |9221k|  2 |1369 |   0 | 0.000000e+00 | 6.902407e+03 |    Inf |  65.83%
  952s|239500 |  7343 | 24086k| 100.6 |   604M |  41 | 290 |  78 |   0 |9226k|  0 |1369 |   0 | 0.000000e+00 | 6.902407e+03 |    Inf |  65.84%
  953s|239600 |  7333 | 24096k| 100.6 |   604M |  41 | 290 |  78 | 962 |9230k|  2 |1369 |   0 | 0.000000e+00 | 6.902407e+03 |    Inf |  65.86%
  953s|239700 |  7325 | 24105k| 100.6 |   604M |  41 | 290 |  78 |1022 |9234k|  4 |1369 |   0 | 0.000000e+00 | 6.902407e+03 |    Inf |  65.89%
  953s|239800 |  7329 | 24114k| 100.6 |   604M |  41 | 290 |  78 |1245 |9239k|  2 |1369 |   0 | 0.000000e+00 | 6.902407e+03 |    Inf |  65.90%
  954s|239900 |  7339 | 24122k| 100.6 |   604M |  41 | 290 |  78 | 943 |9242k|  2 |1369 |   0 | 0.000000e+00 | 6.902407e+03 |    Inf |  65.91%
 time | node  | left  |LP iter|LP it/n|mem/heur|mdpt |vars |cons |rows |cuts |sepa|confs|strbr|  dualbound   | primalbound  |  gap   | compl. 
  954s|240000 |  7327 | 24132k| 100.5 |   604M |  41 | 290 |  78 |1162 |9246k|  1 |1369 |   0 | 0.000000e+00 | 6.902407e+03 |    Inf |  65.92%
  954s|240100 |  7333 | 24140k| 100.5 |   604M |  41 | 290 |  78 |1096 |9249k|  3 |1369 |   0 | 0.000000e+00 | 6.902407e+03 |    Inf |  65.93%
  955s|240200 |  7321 | 24151k| 100.5 |   604M |  41 | 290 |  78 | 863 |9253k|  3 |1369 |   0 | 0.000000e+00 | 6.902407e+03 |    Inf |  65.94%
  955s|240300 |  7315 | 24161k| 100.5 |   604M |  41 | 290 |  78 | 970 |9257k|  3 |1369 |   0 | 0.000000e+00 | 6.902407e+03 |    Inf |  65.96%
  956s|240400 |  7319 | 24171k| 100.5 |   604M |  41 | 290 |  78 |1239 |9260k|  2 |1370 |   0 | 0.000000e+00 | 6.902407e+03 |    Inf |  65.96%
  956s|240500 |  7315 | 24181k| 100.5 |   604M |  41 | 290 |  78 |1184 |9264k|  1 |1370 |   0 | 0.000000e+00 | 6.902407e+03 |    Inf |  65.96%
  956s|240600 |  7339 | 24191k| 100.5 |   604M |  41 | 290 |  78 |1190 |9268k|  1 |1370 |   0 | 0.000000e+00 | 6.902407e+03 |    Inf |  65.96%
  957s|240700 |  7315 | 24201k| 100.5 |   604M |  41 | 290 |  78 |1149 |9271k|  2 |1372 |   0 | 0.000000e+00 | 6.902407e+03 |    Inf |  65.96%
  957s|240800 |  7301 | 24213k| 100.6 |   604M |  41 | 290 |  78 |1168 |9276k|  1 |1372 |   0 | 0.000000e+00 | 6.902407e+03 |    Inf |  66.00%
  958s|240900 |  7321 | 24223k| 100.6 |   604M |  41 | 290 |  78 |1056 |9280k|  3 |1372 |   0 | 0.000000e+00 | 6.902407e+03 |    Inf |  66.01%
  958s|241000 |  7329 | 24236k| 100.6 |   605M |  41 | 290 |  78 |1187 |9285k|  3 |1372 |   0 | 0.000000e+00 | 6.902407e+03 |    Inf |  66.01%
  959s|241100 |  7319 | 24247k| 100.6 |   605M |  41 | 290 |  78 |1150 |9288k|  4 |1372 |   0 | 0.000000e+00 | 6.902407e+03 |    Inf |  66.01%
  959s|241200 |  7321 | 24261k| 100.6 |   605M |  41 | 290 |  78 |1136 |9293k|  3 |1372 |   0 | 0.000000e+00 | 6.902407e+03 |    Inf |  66.01%
  960s|241300 |  7325 | 24275k| 100.6 |   605M |  41 | 290 |  78 |1192 |9297k|  3 |1372 |   0 | 0.000000e+00 | 6.902407e+03 |    Inf |  66.01%
  960s|241400 |  7315 | 24288k| 100.6 |   605M |  41 | 290 |  78 |1253 |9301k|  2 |1372 |   0 | 0.000000e+00 | 6.902407e+03 |    Inf |  66.01%
 time | node  | left  |LP iter|LP it/n|mem/heur|mdpt |vars |cons |rows |cuts |sepa|confs|strbr|  dualbound   | primalbound  |  gap   | compl. 
  961s|241500 |  7315 | 24299k| 100.6 |   605M |  41 | 290 |  78 | 972 |9305k|  3 |1372 |   0 | 0.000000e+00 | 6.902407e+03 |    Inf |  66.01%
  961s|241600 |  7319 | 24310k| 100.6 |   605M |  41 | 290 |  78 |1124 |9309k|  3 |1373 |   0 | 0.000000e+00 | 6.902407e+03 |    Inf |  66.01%
  962s|241700 |  7315 | 24321k| 100.6 |   605M |  41 | 290 |  78 |1166 |9312k|  3 |1373 |   0 | 0.000000e+00 | 6.902407e+03 |    Inf |  66.01%
  962s|241800 |  7317 | 24330k| 100.6 |   605M |  41 | 290 |  78 |1181 |9316k|  2 |1373 |   0 | 0.000000e+00 | 6.902407e+03 |    Inf |  66.02%
  963s|241900 |  7313 | 24338k| 100.6 |   605M |  41 | 290 |  78 |1152 |9320k|  2 |1375 |   0 | 0.000000e+00 | 6.902407e+03 |    Inf |  66.03%
  963s|242000 |  7331 | 24349k| 100.6 |   605M |  41 | 290 |  78 |1184 |9324k|  2 |1375 |   0 | 0.000000e+00 | 6.902407e+03 |    Inf |  66.03%
  964s|242100 |  7319 | 24358k| 100.6 |   605M |  41 | 290 |  78 |1224 |9327k|  1 |1376 |   0 | 0.000000e+00 | 6.902407e+03 |    Inf |  66.03%
  964s|242200 |  7315 | 24367k| 100.6 |   605M |  41 | 290 |  78 |1039 |9331k|  4 |1377 |   0 | 0.000000e+00 | 6.902407e+03 |    Inf |  66.03%
  965s|242300 |  7333 | 24377k| 100.6 |   605M |  41 | 290 |  78 |1149 |9335k|  3 |1378 |   0 | 0.000000e+00 | 6.902407e+03 |    Inf |  66.03%
  965s|242400 |  7323 | 24385k| 100.6 |   605M |  41 | 290 |  78 |1268 |9339k|  3 |1379 |   0 | 0.000000e+00 | 6.902407e+03 |    Inf |  66.03%
  966s|242500 |  7315 | 24394k| 100.6 |   605M |  41 | 290 |  78 |1261 |9342k|  1 |1380 |   0 | 0.000000e+00 | 6.902407e+03 |    Inf |  66.03%
  966s|242600 |  7329 | 24406k| 100.6 |   605M |  41 | 290 |  78 |1176 |9347k|  1 |1380 |   0 | 0.000000e+00 | 6.902407e+03 |    Inf |  66.03%
  967s|242700 |  7333 | 24416k| 100.6 |   606M |  41 | 290 |  78 |1186 |9350k|  1 |1382 |   0 | 0.000000e+00 | 6.902407e+03 |    Inf |  66.03%
  968s|242800 |  7321 | 24426k| 100.6 |   606M |  41 | 290 |  78 |1264 |9354k|  3 |1386 |   0 | 0.000000e+00 | 6.902407e+03 |    Inf |  66.03%
  968s|242900 |  7313 | 24435k| 100.6 |   606M |  41 | 290 |  78 |1088 |9358k|  3 |1386 |   0 | 0.000000e+00 | 6.902407e+03 |    Inf |  66.06%
 time | node  | left  |LP iter|LP it/n|mem/heur|mdpt |vars |cons |rows |cuts |sepa|confs|strbr|  dualbound   | primalbound  |  gap   | compl. 
  968s|243000 |  7317 | 24443k| 100.6 |   606M |  41 | 290 |  78 |1306 |9361k|  1 |1388 |   0 | 0.000000e+00 | 6.902407e+03 |    Inf |  66.08%
  969s|243100 |  7319 | 24454k| 100.6 |   606M |  41 | 290 |  78 |1315 |9365k|  3 |1389 |   0 | 0.000000e+00 | 6.902407e+03 |    Inf |  66.08%
  969s|243200 |  7317 | 24462k| 100.6 |   606M |  41 | 290 |  78 |1289 |9368k|  2 |1390 |   0 | 0.000000e+00 | 6.902407e+03 |    Inf |  66.08%
  970s|243300 |  7309 | 24472k| 100.6 |   606M |  41 | 290 |  78 |1263 |9372k|  3 |1390 |   0 | 0.000000e+00 | 6.902407e+03 |    Inf |  66.08%
  970s|243400 |  7307 | 24480k| 100.6 |   606M |  41 | 290 |  78 |1060 |9376k|  4 |1390 |   0 | 0.000000e+00 | 6.902407e+03 |    Inf |  66.08%
  970s|243500 |  7305 | 24491k| 100.6 |   606M |  41 | 290 |  78 |1025 |9380k|  3 |1390 |   0 | 0.000000e+00 | 6.902407e+03 |    Inf |  66.10%
  971s|243600 |  7297 | 24501k| 100.6 |   606M |  41 | 290 |  78 |1023 |9384k|  3 |1392 |   0 | 0.000000e+00 | 6.902407e+03 |    Inf |  66.13%
  971s|243700 |  7307 | 24510k| 100.6 |   606M |  41 | 290 |  78 |1058 |9387k|  3 |1392 |   0 | 0.000000e+00 | 6.902407e+03 |    Inf |  66.14%
  972s|243800 |  7299 | 24519k| 100.6 |   606M |  41 | 290 |  78 |1179 |9391k|  2 |1392 |   0 | 0.000000e+00 | 6.902407e+03 |    Inf |  66.14%
  972s|243900 |  7303 | 24528k| 100.6 |   606M |  41 | 290 |  78 |1090 |9395k|  1 |1392 |   0 | 0.000000e+00 | 6.902407e+03 |    Inf |  66.14%
  972s|244000 |  7291 | 24537k| 100.6 |   606M |  41 | 290 |  78 |1089 |9398k|  2 |1392 |   0 | 0.000000e+00 | 6.902407e+03 |    Inf |  66.16%
  973s|244100 |  7299 | 24546k| 100.6 |   606M |  41 | 290 |  78 |1169 |9403k|  3 |1392 |   0 | 0.000000e+00 | 6.902407e+03 |    Inf |  66.17%
  973s|244200 |  7319 | 24556k| 100.6 |   606M |  41 | 290 |  78 |1148 |9406k|  1 |1392 |   0 | 0.000000e+00 | 6.902407e+03 |    Inf |  66.17%
  973s|244300 |  7305 | 24565k| 100.6 |   606M |  41 | 290 |  78 |1099 |9410k|  1 |1392 |   0 | 0.000000e+00 | 6.902407e+03 |    Inf |  66.17%
  974s|244400 |  7299 | 24576k| 100.6 |   606M |  41 | 290 |  78 |1195 |9414k|  1 |1392 |   0 | 0.000000e+00 | 6.902407e+03 |    Inf |  66.17%
 time | node  | left  |LP iter|LP it/n|mem/heur|mdpt |vars |cons |rows |cuts |sepa|confs|strbr|  dualbound   | primalbound  |  gap   | compl. 
  974s|244500 |  7293 | 24588k| 100.6 |   606M |  41 | 290 |  78 |1261 |9418k|  3 |1393 |   0 | 0.000000e+00 | 6.902407e+03 |    Inf |  66.17%
  975s|244600 |  7287 | 24598k| 100.6 |   606M |  41 | 290 |  78 |1174 |9422k|  2 |1393 |   0 | 0.000000e+00 | 6.902407e+03 |    Inf |  66.18%
  975s|244700 |  7283 | 24607k| 100.6 |   606M |  41 | 290 |  78 |1112 |9426k|  4 |1393 |   0 | 0.000000e+00 | 6.902407e+03 |    Inf |  66.20%
  976s|244800 |  7287 | 24618k| 100.6 |   606M |  41 | 290 |  78 | 980 |9431k|  3 |1394 |   0 | 0.000000e+00 | 6.902407e+03 |    Inf |  66.22%
  976s|244900 |  7291 | 24631k| 100.6 |   606M |  41 | 290 |  78 |1082 |9435k|  1 |1394 |   0 | 0.000000e+00 | 6.902407e+03 |    Inf |  66.23%
  976s|245000 |  7285 | 24640k| 100.6 |   606M |  41 | 290 |  78 |1172 |9438k|  1 |1395 |   0 | 0.000000e+00 | 6.902407e+03 |    Inf |  66.23%
  977s|245100 |  7281 | 24646k| 100.6 |   606M |  41 | 290 |  78 |1174 |9441k|  3 |1395 |   0 | 0.000000e+00 | 6.902407e+03 |    Inf |  66.26%
  977s|245200 |  7277 | 24658k| 100.6 |   606M |  41 | 290 |  78 |1265 |9445k|  3 |1395 |   0 | 0.000000e+00 | 6.902407e+03 |    Inf |  66.26%
  978s|245300 |  7279 | 24668k| 100.6 |   606M |  41 | 290 |  78 |1192 |9448k|  3 |1395 |   0 | 0.000000e+00 | 6.902407e+03 |    Inf |  66.26%
  978s|245400 |  7281 | 24678k| 100.6 |   606M |  41 | 290 |  78 |1154 |9452k|  3 |1395 |   0 | 0.000000e+00 | 6.902407e+03 |    Inf |  66.28%
  978s|245500 |  7289 | 24689k| 100.6 |   606M |  41 | 290 |  78 |1051 |9456k|  3 |1395 |   0 | 0.000000e+00 | 6.902407e+03 |    Inf |  66.28%
  979s|245600 |  7287 | 24698k| 100.6 |   606M |  41 | 290 |  78 |1130 |9459k|  3 |1395 |   0 | 0.000000e+00 | 6.902407e+03 |    Inf |  66.28%
  979s|245700 |  7289 | 24707k| 100.6 |   606M |  41 | 290 |  78 |1144 |9463k|  4 |1395 |   0 | 0.000000e+00 | 6.902407e+03 |    Inf |  66.28%
  980s|245800 |  7287 | 24718k| 100.6 |   606M |  41 | 290 |  78 |1184 |9467k|  1 |1395 |   0 | 0.000000e+00 | 6.902407e+03 |    Inf |  66.28%
  980s|245900 |  7277 | 24729k| 100.6 |   606M |  41 | 290 |  78 |1151 |9471k|  4 |1395 |   0 | 0.000000e+00 | 6.902407e+03 |    Inf |  66.29%
 time | node  | left  |LP iter|LP it/n|mem/heur|mdpt |vars |cons |rows |cuts |sepa|confs|strbr|  dualbound   | primalbound  |  gap   | compl. 
  980s|246000 |  7273 | 24739k| 100.6 |   606M |  41 | 290 |  78 |1257 |9474k|  2 |1395 |   0 | 0.000000e+00 | 6.902407e+03 |    Inf |  66.31%
  981s|246100 |  7277 | 24749k| 100.6 |   606M |  41 | 290 |  78 | 806 |9479k|  1 |1395 |   0 | 0.000000e+00 | 6.902407e+03 |    Inf |  66.34%
  981s|246200 |  7273 | 24761k| 100.6 |   606M |  41 | 290 |  78 |1156 |9483k|  3 |1395 |   0 | 0.000000e+00 | 6.902407e+03 |    Inf |  66.34%
  982s|246300 |  7277 | 24772k| 100.6 |   606M |  41 | 290 |  78 |1101 |9487k|  3 |1395 |   0 | 0.000000e+00 | 6.902407e+03 |    Inf |  66.34%
  982s|246400 |  7271 | 24786k| 100.6 |   606M |  41 | 290 |  78 |1240 |9492k|  2 |1396 |   0 | 0.000000e+00 | 6.902407e+03 |    Inf |  66.34%
  983s|246500 |  7269 | 24798k| 100.6 |   606M |  41 | 290 |  78 |1218 |9496k|  4 |1396 |   0 | 0.000000e+00 | 6.902407e+03 |    Inf |  66.36%
  983s|246600 |  7267 | 24808k| 100.6 |   606M |  41 | 290 |  78 |1178 |9500k|  1 |1396 |   0 | 0.000000e+00 | 6.902407e+03 |    Inf |  66.37%
  983s|246700 |  7267 | 24816k| 100.6 |   606M |  41 | 290 |  78 |1200 |9503k|  1 |1396 |   0 | 0.000000e+00 | 6.902407e+03 |    Inf |  66.37%
  984s|246800 |  7275 | 24824k| 100.6 |   606M |  41 | 290 |  78 |1144 |9507k|  1 |1396 |   0 | 0.000000e+00 | 6.902407e+03 |    Inf |  66.37%
  984s|246900 |  7265 | 24831k| 100.6 |   606M |  41 | 290 |  78 |1174 |9510k|  4 |1396 |   0 | 0.000000e+00 | 6.902407e+03 |    Inf |  66.38%
  985s|247000 |  7257 | 24839k| 100.6 |   606M |  41 | 290 |  78 |1099 |9514k|  3 |1396 |   0 | 0.000000e+00 | 6.902407e+03 |    Inf |  66.38%
  985s|247100 |  7259 | 24847k| 100.6 |   606M |  41 | 290 |  78 | 973 |9518k|  2 |1396 |   0 | 0.000000e+00 | 6.902407e+03 |    Inf |  66.39%
  985s|247200 |  7251 | 24855k| 100.5 |   606M |  41 | 290 |  78 |1202 |9521k|  1 |1396 |   0 | 0.000000e+00 | 6.902407e+03 |    Inf |  66.41%
  986s|247300 |  7259 | 24864k| 100.5 |   606M |  41 | 290 |  78 |1150 |9525k|  3 |1397 |   0 | 0.000000e+00 | 6.902407e+03 |    Inf |  66.42%
  986s|247400 |  7257 | 24872k| 100.5 |   606M |  41 | 290 |  78 |1171 |9528k|  1 |1398 |   0 | 0.000000e+00 | 6.902407e+03 |    Inf |  66.42%
 time | node  | left  |LP iter|LP it/n|mem/heur|mdpt |vars |cons |rows |cuts |sepa|confs|strbr|  dualbound   | primalbound  |  gap   | compl. 
  987s|247500 |  7257 | 24881k| 100.5 |   606M |  41 | 290 |  78 |1102 |9532k|  3 |1398 |   0 | 0.000000e+00 | 6.902407e+03 |    Inf |  66.42%
  987s|247600 |  7245 | 24891k| 100.5 |   606M |  41 | 290 |  78 |1068 |9536k|  1 |1398 |   0 | 0.000000e+00 | 6.902407e+03 |    Inf |  66.44%
  987s|247700 |  7239 | 24902k| 100.5 |   606M |  41 | 290 |  78 |1139 |9540k|  1 |1398 |   0 | 0.000000e+00 | 6.902407e+03 |    Inf |  66.46%
  988s|247800 |  7267 | 24910k| 100.5 |   606M |  41 | 290 |  78 |1055 |9544k|  1 |1398 |   0 | 0.000000e+00 | 6.902407e+03 |    Inf |  66.47%
  988s|247900 |  7273 | 24922k| 100.5 |   606M |  41 | 290 |  78 | 885 |9549k|  1 |1398 |   0 | 0.000000e+00 | 6.902407e+03 |    Inf |  66.47%
  989s|248000 |  7275 | 24933k| 100.5 |   606M |  41 | 290 |  78 | 984 |9553k|  2 |1398 |   0 | 0.000000e+00 | 6.902407e+03 |    Inf |  66.47%
  989s|248100 |  7271 | 24943k| 100.5 |   606M |  41 | 290 |  78 |1153 |9557k|  1 |1399 |   0 | 0.000000e+00 | 6.902407e+03 |    Inf |  66.48%
  989s|248200 |  7277 | 24951k| 100.5 |   606M |  41 | 290 |  78 |1138 |9560k|  3 |1401 |   0 | 0.000000e+00 | 6.902407e+03 |    Inf |  66.49%
  990s|248300 |  7277 | 24962k| 100.5 |   606M |  41 | 290 |  78 |1068 |9564k|  3 |1406 |   0 | 0.000000e+00 | 6.902407e+03 |    Inf |  66.49%
  990s|248400 |  7281 | 24971k| 100.5 |   606M |  41 | 290 |  78 | 787 |9568k|  1 |1406 |   0 | 0.000000e+00 | 6.902407e+03 |    Inf |  66.49%
  991s|248500 |  7283 | 24982k| 100.5 |   606M |  41 | 290 |  78 | 948 |9572k|  3 |1406 |   0 | 0.000000e+00 | 6.902407e+03 |    Inf |  66.50%
  991s|248600 |  7279 | 24992k| 100.5 |   606M |  41 | 290 |  78 |1124 |9576k|  0 |1408 |   0 | 0.000000e+00 | 6.902407e+03 |    Inf |  66.51%
  992s|248700 |  7281 | 25002k| 100.5 |   606M |  41 | 290 |  78 |1262 |9580k|  2 |1408 |   0 | 0.000000e+00 | 6.902407e+03 |    Inf |  66.52%
  992s|248800 |  7277 | 25012k| 100.5 |   606M |  41 | 290 |  78 |1326 |9583k|  4 |1408 |   0 | 0.000000e+00 | 6.902407e+03 |    Inf |  66.52%
  992s|248900 |  7283 | 25021k| 100.5 |   606M |  41 | 290 |  78 |1121 |9587k|  3 |1408 |   0 | 0.000000e+00 | 6.902407e+03 |    Inf |  66.54%
 time | node  | left  |LP iter|LP it/n|mem/heur|mdpt |vars |cons |rows |cuts |sepa|confs|strbr|  dualbound   | primalbound  |  gap   | compl. 
  993s|249000 |  7285 | 25031k| 100.5 |   606M |  41 | 290 |  78 |1053 |9591k|  3 |1408 |   0 | 0.000000e+00 | 6.902407e+03 |    Inf |  66.54%
  993s|249100 |  7283 | 25040k| 100.5 |   606M |  41 | 290 |  78 |1014 |9594k|  4 |1408 |   0 | 0.000000e+00 | 6.902407e+03 |    Inf |  66.54%
  994s|249200 |  7283 | 25049k| 100.5 |   606M |  41 | 290 |  78 |1015 |9598k|  1 |1408 |   0 | 0.000000e+00 | 6.902407e+03 |    Inf |  66.54%
  994s|249300 |  7275 | 25056k| 100.5 |   606M |  41 | 290 |  78 | 957 |9602k|  2 |1408 |   0 | 0.000000e+00 | 6.902407e+03 |    Inf |  66.54%
  994s|249400 |  7299 | 25065k| 100.5 |   606M |  41 | 290 |  78 |1111 |9605k|  1 |1408 |   0 | 0.000000e+00 | 6.902407e+03 |    Inf |  66.54%
  995s|249500 |  7285 | 25075k| 100.5 |   606M |  41 | 290 |  78 |1043 |9609k|  1 |1408 |   0 | 0.000000e+00 | 6.902407e+03 |    Inf |  66.54%
  995s|249600 |  7285 | 25085k| 100.5 |   606M |  41 | 290 |  78 |1139 |9612k|  2 |1408 |   0 | 0.000000e+00 | 6.902407e+03 |    Inf |  66.54%
  995s|249700 |  7277 | 25095k| 100.5 |   606M |  41 | 290 |  78 | 987 |9616k|  3 |1408 |   0 | 0.000000e+00 | 6.902407e+03 |    Inf |  66.54%
  996s|249800 |  7275 | 25105k| 100.5 |   606M |  41 | 290 |  78 |1059 |9620k|  3 |1408 |   0 | 0.000000e+00 | 6.902407e+03 |    Inf |  66.55%
  996s|249900 |  7273 | 25114k| 100.5 |   606M |  41 | 290 |  78 | 989 |9623k|  1 |1409 |   0 | 0.000000e+00 | 6.902407e+03 |    Inf |  66.55%
  997s|250000 |  7283 | 25125k| 100.5 |   606M |  41 | 290 |  78 |1184 |9627k|  3 |1409 |   0 | 0.000000e+00 | 6.902407e+03 |    Inf |  66.57%
  997s|250100 |  7279 | 25134k| 100.5 |   606M |  41 | 290 |  78 |1279 |9630k|  1 |1409 |   0 | 0.000000e+00 | 6.902407e+03 |    Inf |  66.57%
  998s|250200 |  7273 | 25143k| 100.5 |   606M |  41 | 290 |  78 |1234 |9633k|  3 |1409 |   0 | 0.000000e+00 | 6.902407e+03 |    Inf |  66.57%
  998s|250300 |  7275 | 25154k| 100.5 |   606M |  41 | 290 |  78 |1102 |9637k|  3 |1409 |   0 | 0.000000e+00 | 6.902407e+03 |    Inf |  66.58%
  999s|250400 |  7269 | 25163k| 100.5 |   606M |  41 | 290 |  78 | 977 |9641k|  3 |1409 |   0 | 0.000000e+00 | 6.902407e+03 |    Inf |  66.58%
 time | node  | left  |LP iter|LP it/n|mem/heur|mdpt |vars |cons |rows |cuts |sepa|confs|strbr|  dualbound   | primalbound  |  gap   | compl. 
  999s|250500 |  7271 | 25174k| 100.5 |   606M |  41 | 290 |  78 |1165 |9646k|  3 |1410 |   0 | 0.000000e+00 | 6.902407e+03 |    Inf |  66.59%
  999s|250600 |  7269 | 25181k| 100.5 |   606M |  41 | 290 |  78 |1285 |9649k|  4 |1411 |   0 | 0.000000e+00 | 6.902407e+03 |    Inf |  66.59%

SCIP Status        : solving was interrupted [time limit reached]
Solving Time (sec) : 1000.00
Solving Nodes      : 250644
Primal Bound       : +6.90240651266490e+03 (12 solutions)
Dual Bound         : +0.00000000000000e+00
Gap                : infinite


--- Reading solution for model m1
***
*** Solver did not provide marginals for model m1
***
--- Executing after solve: elapsed 0:16:40.505
--- triangle.gms(86) 4 Mb
*** Status: Normal completion
--- Job triangle.gms Stop 03/17/26 22:31:18 elapsed 0:16:40.505
